time_s,yaw,pitch,roll,label,subject_id,scenario,source_file
0.0,7.151685615101211,31.91242347759564,4.539937625601021,1,synthetic,Marche inclinée synthétique,generated_incline_walk.csv
0.02,7.42132953352645,32.492954036819064,4.169750535030571,1,synthetic,Marche inclinée synthétique,generated_incline_walk.csv
0.04,7.128011693231456,31.628749236253917,4.931194605805073,1,synthetic,Marche inclinée synthétique,generated_incline_walk.csv
0.06,7.312951355145449,32.66648968887935,4.113669264595512,1,synthetic,Marche inclinée synthétique,generated_incline_walk.csv
0.08,7.2437801157963,32.65916996958716,4.820444660933814,1,synthetic,Marche inclinée synthétique,generated_incline_walk.csv
0.1,6.937400793669648,32.128494493009015,4.088169886358198,1,synthetic,Marche inclinée synthétique,generated_incline_walk.csv
0.12,7.509772183628938,32.66565948584598,4.618747959534353,1,synthetic,Marche inclinée synthétique,generated_incline_walk.csv
0.14,7.218953761914665,32.31010954900196,4.775668735032311,1,synthetic,Marche inclinée synthétique,generated_incline_walk.csv
0.16,7.359519266610845,32.88584798222726,5.010770281316337,1,synthetic,Marche inclinée synthétique,generated_incline_walk.csv
0.18,6.79397372551995,32.297438448786465,4.360028185443294,1,synthetic,Marche inclinée synthétique,generated_incline_walk.csv
0.2,6.788363999165644,32.28453697110695,3.92220095800043,1,synthetic,Marche inclinée synthétique,generated_incline_walk.csv
0.22,7.060385531240037,32.34276273440578,4.626741194325695,1,synthetic,Marche inclinée synthétique,generated_incline_walk.csv
0.24,6.872531983520056,32.60986351782074,4.182842189192091,1,synthetic,Marche inclinée synthétique,generated_incline_walk.csv
0.26,7.299705046992596,32.23884615976881,4.076711274245406,1,synthetic,Marche inclinée synthétique,generated_incline_walk.csv
0.28,7.235660225443414,33.21025589866566,4.213319754724943,1,synthetic,Marche inclinée synthétique,generated_incline_walk.csv
0.3,7.479603577093063,32.44237564323341,4.122013818994631,1,synthetic,Marche inclinée synthétique,generated_incline_walk.csv
0.32,7.287428637948187,33.070839511298786,4.598745287423651,1,synthetic,Marche inclinée synthétique,generated_incline_walk.csv
0.34,6.77080471576479,32.477391720951665,4.4373104590949355,1,synthetic,Marche inclinée synthétique,generated_incline_walk.csv
0.36,7.392974515371172,32.47357625029936,4.5809471278043485,1,synthetic,Marche inclinée synthétique,generated_incline_walk.csv
0.38,6.912375614041185,32.3628068574145,4.63456436431488,1,synthetic,Marche inclinée synthétique,generated_incline_walk.csv
0.4,6.886367211060162,32.353363669537735,4.283792589596199,1,synthetic,Marche inclinée synthétique,generated_incline_walk.csv
0.42,7.124046393458293,32.7131333441647,4.597943816196563,1,synthetic,Marche inclinée synthétique,generated_incline_walk.csv
0.44,7.101566983739134,32.94401278264547,4.745111892142136,1,synthetic,Marche inclinée synthétique,generated_incline_walk.csv
0.46,7.4143351750513435,32.6303361869142,4.929008176325725,1,synthetic,Marche inclinée synthétique,generated_incline_walk.csv
0.48,7.949752831440736,32.34518969618139,4.450589858750059,1,synthetic,Marche inclinée synthétique,generated_incline_walk.csv
0.5,7.2277716456477155,32.676828713704936,4.328806854652349,1,synthetic,Marche inclinée synthétique,generated_incline_walk.csv
0.52,7.537248430052266,32.387372607663366,4.1381940249155535,1,synthetic,Marche inclinée synthétique,generated_incline_walk.csv
0.54,7.040127349974129,31.83909476851335,4.292277007627009,1,synthetic,Marche inclinée synthétique,generated_incline_walk.csv
0.56,7.2071644014151675,32.67035214750656,4.410838413540373,1,synthetic,Marche inclinée synthétique,generated_incline_walk.csv
0.58,6.955531956407921,32.126317618339144,4.48407234230554,1,synthetic,Marche inclinée synthétique,generated_incline_walk.csv
0.6,6.986900530464432,32.457852936733836,4.036932738826369,1,synthetic,Marche inclinée synthétique,generated_incline_walk.csv
0.62,7.518965343188776,32.66403028111925,4.3109884552979985,1,synthetic,Marche inclinée synthétique,generated_incline_walk.csv
0.64,7.251621356098527,32.531544878914126,4.375646512832868,1,synthetic,Marche inclinée synthétique,generated_incline_walk.csv
0.66,7.248812123471667,32.57335066056365,4.270286409928632,1,synthetic,Marche inclinée synthétique,generated_incline_walk.csv
0.68,6.874453216391761,33.10542120412172,4.268819586212839,1,synthetic,Marche inclinée synthétique,generated_incline_walk.csv
0.7000000000000001,7.6274469365650575,32.93457798903265,4.544031964282859,1,synthetic,Marche inclinée synthétique,generated_incline_walk.csv
0.72,7.061904867560602,33.0994961804463,4.171741156747198,1,synthetic,Marche inclinée synthétique,generated_incline_walk.csv
0.74,6.92112674031802,32.717723008047166,4.584997764346373,1,synthetic,Marche inclinée synthétique,generated_incline_walk.csv
0.76,7.110650519081246,32.72281853492653,4.1486080787510735,1,synthetic,Marche inclinée synthétique,generated_incline_walk.csv
0.78,7.317436166699611,33.17765791414223,4.520026633419586,1,synthetic,Marche inclinée synthétique,generated_incline_walk.csv
0.8,7.339836839031736,32.47952305407535,4.145898752492564,1,synthetic,Marche inclinée synthétique,generated_incline_walk.csv
0.8200000000000001,7.553846573410456,32.766877498359136,4.80107161859914,1,synthetic,Marche inclinée synthétique,generated_incline_walk.csv
0.84,6.793354841930664,32.71599420566169,4.682156452384135,1,synthetic,Marche inclinée synthétique,generated_incline_walk.csv
0.86,6.981483644292416,32.76982656677063,4.856591193875657,1,synthetic,Marche inclinée synthétique,generated_incline_walk.csv
0.88,7.576902368182656,32.86659826986831,4.240057845334359,1,synthetic,Marche inclinée synthétique,generated_incline_walk.csv
0.9,7.789873478190204,32.73353349575224,4.106604518285883,1,synthetic,Marche inclinée synthétique,generated_incline_walk.csv
0.92,6.9192924614080376,32.94398710485928,4.11050503905865,1,synthetic,Marche inclinée synthétique,generated_incline_walk.csv
0.94,7.076029356523677,32.465664005010694,4.425967402830869,1,synthetic,Marche inclinée synthétique,generated_incline_walk.csv
0.96,6.638098987183647,32.86482300514432,4.797075157028968,1,synthetic,Marche inclinée synthétique,generated_incline_walk.csv
0.98,6.851563551418167,32.41512555132279,4.699938382418848,1,synthetic,Marche inclinée synthétique,generated_incline_walk.csv
1.0,6.829978454358161,33.03487838990829,4.692848590685714,1,synthetic,Marche inclinée synthétique,generated_incline_walk.csv
1.02,7.062188163686899,33.00327483928369,4.150770716645565,1,synthetic,Marche inclinée synthétique,generated_incline_walk.csv
1.04,6.73860180939579,32.649045594191534,4.804228050328622,1,synthetic,Marche inclinée synthétique,generated_incline_walk.csv
1.06,7.376198247229882,32.55758221375329,4.700909555498105,1,synthetic,Marche inclinée synthétique,generated_incline_walk.csv
1.08,7.082790527004942,32.69740425055885,4.335387887358262,1,synthetic,Marche inclinée synthétique,generated_incline_walk.csv
1.1,7.026284525989513,32.868025686730526,3.7662066262440943,1,synthetic,Marche inclinée synthétique,generated_incline_walk.csv
1.12,7.379138634859398,32.26252934712089,4.2664585046547,1,synthetic,Marche inclinée synthétique,generated_incline_walk.csv
1.14,7.021004433121797,32.41163920066461,4.464158856642483,1,synthetic,Marche inclinée synthétique,generated_incline_walk.csv
1.16,6.726451428295972,32.98037286366992,4.959337778241334,1,synthetic,Marche inclinée synthétique,generated_incline_walk.csv
1.18,7.100803926348941,32.64059624836908,4.582444826237505,1,synthetic,Marche inclinée synthétique,generated_incline_walk.csv
1.2,7.739987257265302,32.32496308505701,4.51002717255382,1,synthetic,Marche inclinée synthétique,generated_incline_walk.csv
1.22,7.118582850673113,32.04758347394625,4.984382596113168,1,synthetic,Marche inclinée synthétique,generated_incline_walk.csv
1.24,7.246331912145676,32.56746993124149,4.9734057441415205,1,synthetic,Marche inclinée synthétique,generated_incline_walk.csv
1.26,7.030529317898543,32.183623894239155,4.636281163956054,1,synthetic,Marche inclinée synthétique,generated_incline_walk.csv
1.28,7.022109838674303,32.73268281650142,4.702739826117263,1,synthetic,Marche inclinée synthétique,generated_incline_walk.csv
1.3,7.231850521543502,32.66913064485969,4.882283229857465,1,synthetic,Marche inclinée synthétique,generated_incline_walk.csv
1.32,6.283057609854228,33.23034521731654,4.320660945488514,1,synthetic,Marche inclinée synthétique,generated_incline_walk.csv
1.34,6.695542851187235,32.32606434012106,4.642661770680841,1,synthetic,Marche inclinée synthétique,generated_incline_walk.csv
1.36,6.881130619269907,32.8705094776186,4.405775157749238,1,synthetic,Marche inclinée synthétique,generated_incline_walk.csv
1.38,6.973639979997049,32.3308146790593,4.25036346980074,1,synthetic,Marche inclinée synthétique,generated_incline_walk.csv
1.4,7.4848018549500495,32.372616794573396,4.66448968905148,1,synthetic,Marche inclinée synthétique,generated_incline_walk.csv
1.42,7.778055308005293,32.60757058755542,4.836596080385583,1,synthetic,Marche inclinée synthétique,generated_incline_walk.csv
1.44,7.22691328728092,32.41415357132376,5.05342574668012,1,synthetic,Marche inclinée synthétique,generated_incline_walk.csv
1.46,7.1544118836206945,33.19154360845057,4.740676495322385,1,synthetic,Marche inclinée synthétique,generated_incline_walk.csv
1.48,7.236412739532541,32.64186669125867,4.844860329921333,1,synthetic,Marche inclinée synthétique,generated_incline_walk.csv
1.5,7.47977504362078,32.441135009331354,4.4735156910197755,1,synthetic,Marche inclinée synthétique,generated_incline_walk.csv
1.52,6.732531482336092,33.33804766920628,4.098173806690773,1,synthetic,Marche inclinée synthétique,generated_incline_walk.csv
1.54,6.8771108614915475,32.43315551995764,4.3478645123507915,1,synthetic,Marche inclinée synthétique,generated_incline_walk.csv
1.56,7.07060161534863,32.55845446569228,4.6431439960383925,1,synthetic,Marche inclinée synthétique,generated_incline_walk.csv
1.58,7.115055564280256,32.605038479778045,4.3561653268673215,1,synthetic,Marche inclinée synthétique,generated_incline_walk.csv
1.6,6.46285865786906,32.438770412395016,5.066089801604561,1,synthetic,Marche inclinée synthétique,generated_incline_walk.csv
1.62,7.163673614143663,32.84091906007191,4.861864830198015,1,synthetic,Marche inclinée synthétique,generated_incline_walk.csv
1.64,6.565439257494149,33.01158017424803,4.453456890074237,1,synthetic,Marche inclinée synthétique,generated_incline_walk.csv
1.66,7.27154606519316,32.28629831191228,5.005212639732289,1,synthetic,Marche inclinée synthétique,generated_incline_walk.csv
1.68,7.295856778688308,32.521577605400395,4.697267529697032,1,synthetic,Marche inclinée synthétique,generated_incline_walk.csv
1.7,6.36670122663875,32.5524631165744,4.982749190310302,1,synthetic,Marche inclinée synthétique,generated_incline_walk.csv
1.72,7.198041200404816,32.25682984434169,4.461804290784544,1,synthetic,Marche inclinée synthétique,generated_incline_walk.csv
1.74,7.109993431340431,32.28209761323793,4.736038417561926,1,synthetic,Marche inclinée synthétique,generated_incline_walk.csv
1.76,6.869735652829997,32.56046497691918,4.443379897368838,1,synthetic,Marche inclinée synthétique,generated_incline_walk.csv
1.78,7.342946860181069,32.407495771622564,4.510422397019671,1,synthetic,Marche inclinée synthétique,generated_incline_walk.csv
1.8,7.66182720076949,32.76267980864187,4.8324451641076775,1,synthetic,Marche inclinée synthétique,generated_incline_walk.csv
1.82,7.21163351583835,32.90775067361459,5.04999760924456,1,synthetic,Marche inclinée synthétique,generated_incline_walk.csv
1.84,6.735462389720072,32.723566085868114,4.540039772491822,1,synthetic,Marche inclinée synthétique,generated_incline_walk.csv
1.86,6.632493513125095,32.75550971207905,4.591853959583216,1,synthetic,Marche inclinée synthétique,generated_incline_walk.csv
1.88,6.7162103562561635,32.40859304186203,4.257479805466318,1,synthetic,Marche inclinée synthétique,generated_incline_walk.csv
1.9,6.76139425301032,32.50524942185922,4.453166233232551,1,synthetic,Marche inclinée synthétique,generated_incline_walk.csv
1.92,7.403263855986477,32.8001881892805,4.6586843400261175,1,synthetic,Marche inclinée synthétique,generated_incline_walk.csv
1.94,7.155042994000989,32.86062054158049,4.162484517451119,1,synthetic,Marche inclinée synthétique,generated_incline_walk.csv
1.96,7.060160727728055,32.67203767607894,4.399584345131659,1,synthetic,Marche inclinée synthétique,generated_incline_walk.csv
1.98,7.327080718698647,32.858728808083654,4.206893962372085,1,synthetic,Marche inclinée synthétique,generated_incline_walk.csv
2.0,7.069256700858519,32.63083095043723,4.586562779297135,1,synthetic,Marche inclinée synthétique,generated_incline_walk.csv
2.02,7.069383463096787,32.36377414850648,4.787592626030109,1,synthetic,Marche inclinée synthétique,generated_incline_walk.csv
2.04,6.807798117730238,32.790947591328234,4.626677987550553,1,synthetic,Marche inclinée synthétique,generated_incline_walk.csv
2.06,6.877353152968877,32.576054935757455,4.443968380567665,1,synthetic,Marche inclinée synthétique,generated_incline_walk.csv
2.08,7.075996619242721,32.20305570238687,4.229368809121232,1,synthetic,Marche inclinée synthétique,generated_incline_walk.csv
2.1,6.720897045289316,32.9430362710267,4.0509341217590995,1,synthetic,Marche inclinée synthétique,generated_incline_walk.csv
2.12,7.573646792996433,32.817345760581176,4.513600094191128,1,synthetic,Marche inclinée synthétique,generated_incline_walk.csv
2.14,7.116676568516013,32.91836285187655,4.939824172699325,1,synthetic,Marche inclinée synthétique,generated_incline_walk.csv
2.16,6.918836117632891,32.56989953007134,4.424291418984518,1,synthetic,Marche inclinée synthétique,generated_incline_walk.csv
2.18,7.378957853912484,33.1386499085033,4.479755634233997,1,synthetic,Marche inclinée synthétique,generated_incline_walk.csv
2.2,6.7746254550448235,32.843698186285316,4.369948783260824,1,synthetic,Marche inclinée synthétique,generated_incline_walk.csv
2.22,7.412301358214777,32.98421196651652,4.173076957851746,1,synthetic,Marche inclinée synthétique,generated_incline_walk.csv
2.24,7.124724160045751,32.50951127638549,4.801428153015646,1,synthetic,Marche inclinée synthétique,generated_incline_walk.csv
2.26,7.664534777930071,32.60755358555711,4.699940581812845,1,synthetic,Marche inclinée synthétique,generated_incline_walk.csv
2.28,6.9413196948101525,33.06634602124162,4.071309045616326,1,synthetic,Marche inclinée synthétique,generated_incline_walk.csv
2.3000000000000003,6.991917515401995,32.68563837041562,4.1339136867664505,1,synthetic,Marche inclinée synthétique,generated_incline_walk.csv
2.32,6.859498630478611,32.69550842228108,4.870582659683936,1,synthetic,Marche inclinée synthétique,generated_incline_walk.csv
2.34,6.739474082397432,33.116609036705334,4.231318588739598,1,synthetic,Marche inclinée synthétique,generated_incline_walk.csv
2.36,7.186976149856005,33.01557602089224,4.468171723957033,1,synthetic,Marche inclinée synthétique,generated_incline_walk.csv
2.38,6.793325389151767,32.74252077088686,4.184828049867665,1,synthetic,Marche inclinée synthétique,generated_incline_walk.csv
2.4,7.2014958442384795,33.22328708722726,4.571877092308708,1,synthetic,Marche inclinée synthétique,generated_incline_walk.csv
2.42,6.911446666037385,32.2362524039502,4.255185929921173,1,synthetic,Marche inclinée synthétique,generated_incline_walk.csv
2.44,7.413712190561822,32.643413227235456,4.3083879704025865,1,synthetic,Marche inclinée synthétique,generated_incline_walk.csv
2.46,6.330447141186341,32.50155030761832,4.166151141250431,1,synthetic,Marche inclinée synthétique,generated_incline_walk.csv
2.48,7.212845621094449,33.08697949889272,5.034186198579132,1,synthetic,Marche inclinée synthétique,generated_incline_walk.csv
2.5,7.098420831312411,33.11710676725122,5.239097714176628,1,synthetic,Marche inclinée synthétique,generated_incline_walk.csv
2.52,7.082397232588294,32.5209616952223,4.559237971389009,1,synthetic,Marche inclinée synthétique,generated_incline_walk.csv
2.54,6.890246902625767,32.70026110614172,4.689066566497616,1,synthetic,Marche inclinée synthétique,generated_incline_walk.csv
2.56,7.598918752500698,32.925860129753424,4.662670083672987,1,synthetic,Marche inclinée synthétique,generated_incline_walk.csv
2.58,6.948904422043296,32.803569312401876,4.505309394971976,1,synthetic,Marche inclinée synthétique,generated_incline_walk.csv
2.6,7.193944175424312,32.72826128313323,4.483293290105957,1,synthetic,Marche inclinée synthétique,generated_incline_walk.csv
2.62,6.983507943803867,32.93891886067632,4.409858434123574,1,synthetic,Marche inclinée synthétique,generated_incline_walk.csv
2.64,6.951729170411147,33.212820895868354,4.7412244316286545,1,synthetic,Marche inclinée synthétique,generated_incline_walk.csv
2.66,7.083758588764243,32.688356816251805,4.165174053873131,1,synthetic,Marche inclinée synthétique,generated_incline_walk.csv
2.68,7.258687662221931,32.33369760548701,4.2753700845412155,1,synthetic,Marche inclinée synthétique,generated_incline_walk.csv
2.7,6.722569752277241,32.62014759027974,4.716770325699658,1,synthetic,Marche inclinée synthétique,generated_incline_walk.csv
2.72,6.914096165506926,32.641619581580244,4.1140953461165735,1,synthetic,Marche inclinée synthétique,generated_incline_walk.csv
2.74,6.6316221743739225,32.54257909612984,4.985601255457379,1,synthetic,Marche inclinée synthétique,generated_incline_walk.csv
2.76,7.173214142660726,32.85169023374583,4.443714990064449,1,synthetic,Marche inclinée synthétique,generated_incline_walk.csv
2.78,6.801649848372086,32.8655048240489,4.5780723119419235,1,synthetic,Marche inclinée synthétique,generated_incline_walk.csv
2.8000000000000003,6.837160148142314,32.91994458279052,4.906764648274082,1,synthetic,Marche inclinée synthétique,generated_incline_walk.csv
2.82,7.259982797144094,32.8002880189101,4.508617064261842,1,synthetic,Marche inclinée synthétique,generated_incline_walk.csv
2.84,7.066370859546918,32.7446142922466,4.556736193148281,1,synthetic,Marche inclinée synthétique,generated_incline_walk.csv
2.86,7.19237281943155,32.38129616095803,4.349373418216848,1,synthetic,Marche inclinée synthétique,generated_incline_walk.csv
2.88,7.029937129169859,32.580670302952015,4.66518703498736,1,synthetic,Marche inclinée synthétique,generated_incline_walk.csv
2.9,7.195459368100237,32.43314431694332,4.713507911949133,1,synthetic,Marche inclinée synthétique,generated_incline_walk.csv
2.92,7.097802832523588,32.774900564893144,4.261097383204851,1,synthetic,Marche inclinée synthétique,generated_incline_walk.csv
2.94,6.738662647571712,32.64797243515929,4.70194259944238,1,synthetic,Marche inclinée synthétique,generated_incline_walk.csv
2.96,7.139203937662344,32.66995031889759,4.789748654549358,1,synthetic,Marche inclinée synthétique,generated_incline_walk.csv
2.98,6.97577553985456,32.829620824110265,4.643586471596088,1,synthetic,Marche inclinée synthétique,generated_incline_walk.csv
3.0,7.007943698687282,32.591840244375376,4.292672409592719,1,synthetic,Marche inclinée synthétique,generated_incline_walk.csv
3.02,7.164524483112163,32.97956460537728,4.777591495883569,1,synthetic,Marche inclinée synthétique,generated_incline_walk.csv
3.04,6.916754408775347,32.9727521218889,4.904888818042554,1,synthetic,Marche inclinée synthétique,generated_incline_walk.csv
3.06,6.763452705981981,32.402792557709496,4.375519110256772,1,synthetic,Marche inclinée synthétique,generated_incline_walk.csv
3.08,7.434638763574824,33.04961619539835,3.994807637522309,1,synthetic,Marche inclinée synthétique,generated_incline_walk.csv
3.1,7.634295912502254,32.57936747357706,4.320649714269736,1,synthetic,Marche inclinée synthétique,generated_incline_walk.csv
3.12,6.985413314836626,32.46914857113396,4.531284222460117,1,synthetic,Marche inclinée synthétique,generated_incline_walk.csv
3.14,7.435729249661884,32.587385138819556,4.90392841038597,1,synthetic,Marche inclinée synthétique,generated_incline_walk.csv
3.16,7.209129712577253,32.31283152457694,4.876452102640077,1,synthetic,Marche inclinée synthétique,generated_incline_walk.csv
3.18,6.902871950649647,32.77464627172704,4.73214009111059,1,synthetic,Marche inclinée synthétique,generated_incline_walk.csv
3.2,6.8453107880337845,33.02169438968419,4.350423529324374,1,synthetic,Marche inclinée synthétique,generated_incline_walk.csv
3.22,7.010690923619079,32.24324701601897,4.754436394225975,1,synthetic,Marche inclinée synthétique,generated_incline_walk.csv
3.24,6.964858584879311,32.79907485624763,4.531121654189604,1,synthetic,Marche inclinée synthétique,generated_incline_walk.csv
3.26,6.994138502457621,32.84462858924297,4.236616603989754,1,synthetic,Marche inclinée synthétique,generated_incline_walk.csv
3.28,7.056265347040668,32.86491546095596,4.014233017040913,1,synthetic,Marche inclinée synthétique,generated_incline_walk.csv
3.3000000000000003,6.754229366592496,32.859798658093545,4.818360362580501,1,synthetic,Marche inclinée synthétique,generated_incline_walk.csv
3.3200000000000003,7.3506065463319334,32.79870899872998,4.062050982066174,1,synthetic,Marche inclinée synthétique,generated_incline_walk.csv
3.34,6.755112288690743,32.54006016978273,4.890685473082388,1,synthetic,Marche inclinée synthétique,generated_incline_walk.csv
3.36,6.7739835160292605,32.92679205232857,5.181190572144608,1,synthetic,Marche inclinée synthétique,generated_incline_walk.csv
3.38,7.370431518395856,32.7657090888791,4.543062590689898,1,synthetic,Marche inclinée synthétique,generated_incline_walk.csv
3.4,7.321310791269481,32.899855406484065,4.29175333259337,1,synthetic,Marche inclinée synthétique,generated_incline_walk.csv
3.42,7.529451711168956,32.762213813791874,4.351008429289959,1,synthetic,Marche inclinée synthétique,generated_incline_walk.csv
3.44,7.133792906221176,32.59806639122378,4.340446495947604,1,synthetic,Marche inclinée synthétique,generated_incline_walk.csv
3.46,6.899902446210962,32.66172755536532,4.6465627289817935,1,synthetic,Marche inclinée synthétique,generated_incline_walk.csv
3.48,7.43675307652933,32.85154502162784,4.824582090602773,1,synthetic,Marche inclinée synthétique,generated_incline_walk.csv
3.5,7.066724773242192,32.973954346957655,4.317549256578224,1,synthetic,Marche inclinée synthétique,generated_incline_walk.csv
3.52,7.060073518184705,32.132303259957496,4.439709963268614,1,synthetic,Marche inclinée synthétique,generated_incline_walk.csv
3.54,6.84861639802602,32.31663863779023,4.34699195566284,1,synthetic,Marche inclinée synthétique,generated_incline_walk.csv
3.56,7.22867008174554,32.2174341638906,4.8609554206090735,1,synthetic,Marche inclinée synthétique,generated_incline_walk.csv
3.58,6.405756631334324,32.53319422901952,4.809494419730781,1,synthetic,Marche inclinée synthétique,generated_incline_walk.csv
3.6,7.2789929746267035,32.49751801018514,4.279497374446163,1,synthetic,Marche inclinée synthétique,generated_incline_walk.csv
3.62,6.530601988014276,32.7480450808748,4.4326256051953115,1,synthetic,Marche inclinée synthétique,generated_incline_walk.csv
3.64,7.396964176765046,32.60486618099977,4.566566283175846,1,synthetic,Marche inclinée synthétique,generated_incline_walk.csv
3.66,6.675445516993573,33.07153527699057,4.003249816647218,1,synthetic,Marche inclinée synthétique,generated_incline_walk.csv
3.68,7.352457674056851,32.51433952306224,4.368466177636528,1,synthetic,Marche inclinée synthétique,generated_incline_walk.csv
3.7,7.902351169963687,32.48359310541084,4.568843307999967,1,synthetic,Marche inclinée synthétique,generated_incline_walk.csv
3.72,7.100137022576609,32.43987347760575,4.125113994269661,1,synthetic,Marche inclinée synthétique,generated_incline_walk.csv
3.74,6.864845271837648,32.57280949830235,4.582769582681899,1,synthetic,Marche inclinée synthétique,generated_incline_walk.csv
3.76,7.837911049035628,32.68376496085511,4.513530352964862,1,synthetic,Marche inclinée synthétique,generated_incline_walk.csv
3.78,7.169815093884303,32.47867419768307,4.309805935972789,1,synthetic,Marche inclinée synthétique,generated_incline_walk.csv
3.8,7.014255699252538,32.33485210389592,4.732890793440033,1,synthetic,Marche inclinée synthétique,generated_incline_walk.csv
3.82,7.768590887660435,32.198440787706105,4.122552505276321,1,synthetic,Marche inclinée synthétique,generated_incline_walk.csv
3.84,6.5841264969125,32.63392736425681,4.468853674462221,1,synthetic,Marche inclinée synthétique,generated_incline_walk.csv
3.86,7.027145988176044,32.426423792473834,4.237617954299366,1,synthetic,Marche inclinée synthétique,generated_incline_walk.csv
3.88,7.10648733979275,32.3059323881026,4.6023692391464355,1,synthetic,Marche inclinée synthétique,generated_incline_walk.csv
3.9,7.31499473231533,32.514224950347,4.050759509472993,1,synthetic,Marche inclinée synthétique,generated_incline_walk.csv
3.92,6.929380032798412,32.69197269246237,4.459260613544952,1,synthetic,Marche inclinée synthétique,generated_incline_walk.csv
3.94,7.78922902116038,33.186441608757235,4.487084140988022,1,synthetic,Marche inclinée synthétique,generated_incline_walk.csv
3.96,7.8562350900781786,33.06833408551654,4.659017515182109,1,synthetic,Marche inclinée synthétique,generated_incline_walk.csv
3.98,7.542768612244409,32.3548681704034,4.8112193015569655,1,synthetic,Marche inclinée synthétique,generated_incline_walk.csv
4.0,7.449533115441951,32.48869173898268,3.912408944171921,1,synthetic,Marche inclinée synthétique,generated_incline_walk.csv
4.0200000000000005,7.125360266150608,32.079450678026625,4.3208539006277835,1,synthetic,Marche inclinée synthétique,generated_incline_walk.csv
4.04,7.748482357863889,32.11615284784522,4.027257501358799,1,synthetic,Marche inclinée synthétique,generated_incline_walk.csv
4.0600000000000005,7.389043198734835,32.20518502779215,4.630102838400944,1,synthetic,Marche inclinée synthétique,generated_incline_walk.csv
4.08,7.731324069823869,33.07116011371871,4.761167038625309,1,synthetic,Marche inclinée synthétique,generated_incline_walk.csv
4.1,7.7231632457090935,32.884404715496174,4.304306433995844,1,synthetic,Marche inclinée synthétique,generated_incline_walk.csv
4.12,7.13617177239782,32.63403400074677,4.552754114194172,1,synthetic,Marche inclinée synthétique,generated_incline_walk.csv
4.14,5.844585537013841,32.99781830019303,5.164057234746137,1,synthetic,Marche inclinée synthétique,generated_incline_walk.csv
4.16,5.100611146726145,33.260279857648975,5.419994370742045,1,synthetic,Marche inclinée synthétique,generated_incline_walk.csv
4.18,4.368714780503893,33.6137132584398,6.262616714704473,1,synthetic,Marche inclinée synthétique,generated_incline_walk.csv
4.2,2.4143518980972214,34.87060748010297,7.006050905217304,1,synthetic,Marche inclinée synthétique,generated_incline_walk.csv
4.22,1.140119507416833,35.09479657066164,8.174452684865653,1,synthetic,Marche inclinée synthétique,generated_incline_walk.csv
4.24,-1.0676449577767737,36.9915100149676,8.967270603663845,1,synthetic,Marche inclinée synthétique,generated_incline_walk.csv
4.26,-0.7213191538848369,38.2098769491694,8.226111608105118,1,synthetic,Marche inclinée synthétique,generated_incline_walk.csv
4.28,-0.5320123926343491,38.33832199076003,8.40402345269154,1,synthetic,Marche inclinée synthétique,generated_incline_walk.csv
4.3,-0.16392763048655634,36.89840501629756,7.482553690074747,1,synthetic,Marche inclinée synthétique,generated_incline_walk.csv
4.32,1.2800588373816686,35.87901543543479,6.448834203434899,1,synthetic,Marche inclinée synthétique,generated_incline_walk.csv
4.34,2.9501817509405943,33.118403791183965,5.846556039732124,1,synthetic,Marche inclinée synthétique,generated_incline_walk.csv
4.36,3.7104812198513777,31.10392842444287,4.336371656550595,1,synthetic,Marche inclinée synthétique,generated_incline_walk.csv
4.38,4.346539940941585,29.250735703815362,3.5377417003287124,1,synthetic,Marche inclinée synthétique,generated_incline_walk.csv
4.4,5.46971325860957,28.730552278571018,1.7021790102213117,1,synthetic,Marche inclinée synthétique,generated_incline_walk.csv
4.42,6.578589557798299,28.50026376271474,0.9051502140339511,1,synthetic,Marche inclinée synthétique,generated_incline_walk.csv
4.44,6.796250353742121,27.109582323761472,-0.6749106582616119,1,synthetic,Marche inclinée synthétique,generated_incline_walk.csv
4.46,8.219122381466462,25.814796763130833,-1.3957933321146436,1,synthetic,Marche inclinée synthétique,generated_incline_walk.csv
4.48,9.374943429771765,24.20189086921303,-2.4209953611919532,1,synthetic,Marche inclinée synthétique,generated_incline_walk.csv
4.5,9.617781084243246,23.443247848644816,-2.6277970470836096,1,synthetic,Marche inclinée synthétique,generated_incline_walk.csv
4.5200000000000005,10.825351829282992,21.88590960946301,-4.292823556348615,1,synthetic,Marche inclinée synthétique,generated_incline_walk.csv
4.54,10.53094223244982,19.644052736127353,-5.192940712161126,1,synthetic,Marche inclinée synthétique,generated_incline_walk.csv
4.5600000000000005,10.385181463335822,18.81154763422214,-5.22084708221352,1,synthetic,Marche inclinée synthétique,generated_incline_walk.csv
4.58,9.090587529487449,16.911005148974272,-5.2927401415249085,1,synthetic,Marche inclinée synthétique,generated_incline_walk.csv
4.6000000000000005,7.308343066637651,16.405772032379126,-5.126514600005111,1,synthetic,Marche inclinée synthétique,generated_incline_walk.csv
4.62,6.0591838494788,16.447892195572752,-4.373074527084599,1,synthetic,Marche inclinée synthétique,generated_incline_walk.csv
4.64,5.22525430343097,15.679827654256771,-3.4004926130792343,1,synthetic,Marche inclinée synthétique,generated_incline_walk.csv
4.66,5.181959609149013,16.101976154412483,-2.022455861247605,1,synthetic,Marche inclinée synthétique,generated_incline_walk.csv
4.68,5.70391312588474,16.123050971485448,-1.102125172430294,1,synthetic,Marche inclinée synthétique,generated_incline_walk.csv
4.7,6.828934986215875,15.474706096771317,-0.27600931057659733,1,synthetic,Marche inclinée synthétique,generated_incline_walk.csv
4.72,6.669411768696819,15.360032046282445,0.038071087696068456,1,synthetic,Marche inclinée synthétique,generated_incline_walk.csv
4.74,7.001137249933478,15.598397989650614,0.34228062112332813,1,synthetic,Marche inclinée synthétique,generated_incline_walk.csv
4.76,7.64343023966049,15.273829470618226,0.034575977212553344,1,synthetic,Marche inclinée synthétique,generated_incline_walk.csv
4.78,7.301861870352824,15.55318329192178,-0.5562847787813028,1,synthetic,Marche inclinée synthétique,generated_incline_walk.csv
4.8,7.4472164829839365,15.653654535559518,-0.7342509907850243,1,synthetic,Marche inclinée synthétique,generated_incline_walk.csv
4.82,7.849146966268532,14.981115386451272,-0.43223108832776913,1,synthetic,Marche inclinée synthétique,generated_incline_walk.csv
4.84,7.428380546856793,15.897393039296412,-1.0083886498620722,1,synthetic,Marche inclinée synthétique,generated_incline_walk.csv
4.86,7.533648686918697,15.58072431942066,-0.7406874801808039,1,synthetic,Marche inclinée synthétique,generated_incline_walk.csv
4.88,7.628030551188998,15.24540913819915,-1.701208108809247,1,synthetic,Marche inclinée synthétique,generated_incline_walk.csv
4.9,7.338777900815549,15.390784641556841,-1.4599719850117858,1,synthetic,Marche inclinée synthétique,generated_incline_walk.csv
4.92,7.001494262363626,15.198397094711982,-1.5997465953186865,1,synthetic,Marche inclinée synthétique,generated_incline_walk.csv
4.94,6.85956372890368,15.151917645916068,-1.3576487238466695,1,synthetic,Marche inclinée synthétique,generated_incline_walk.csv
4.96,7.203375210452537,14.781271716436615,-1.6991281577703146,1,synthetic,Marche inclinée synthétique,generated_incline_walk.csv
4.98,7.581499409848519,14.950965135789735,-1.8985310679694107,1,synthetic,Marche inclinée synthétique,generated_incline_walk.csv
5.0,7.538663940662806,14.980242411046222,-1.576196928514321,1,synthetic,Marche inclinée synthétique,generated_incline_walk.csv
5.0200000000000005,7.739036144090432,15.41125728178668,-2.2685195926849135,1,synthetic,Marche inclinée synthétique,generated_incline_walk.csv
5.04,7.535864093082558,15.251701668858717,-1.801112168240285,1,synthetic,Marche inclinée synthétique,generated_incline_walk.csv
5.0600000000000005,7.093004578431477,15.252946463588014,-1.535435829780247,1,synthetic,Marche inclinée synthétique,generated_incline_walk.csv
5.08,6.877166608190968,15.118514820870622,-1.997802007170432,1,synthetic,Marche inclinée synthétique,generated_incline_walk.csv
5.1000000000000005,7.184031277381599,15.524104448314551,-1.6799601909674742,1,synthetic,Marche inclinée synthétique,generated_incline_walk.csv
5.12,7.264220589007228,14.478920860017167,-1.9279057233161727,1,synthetic,Marche inclinée synthétique,generated_incline_walk.csv
5.14,7.138206765037617,14.961045476146056,-1.8193813593018893,1,synthetic,Marche inclinée synthétique,generated_incline_walk.csv
5.16,7.645488682215389,15.537816968583417,-1.70583967540658,1,synthetic,Marche inclinée synthétique,generated_incline_walk.csv
5.18,7.140657106458173,15.19782343648561,-1.702490533926742,1,synthetic,Marche inclinée synthétique,generated_incline_walk.csv
5.2,7.543141635268645,15.549226482619428,-1.76496290747127,1,synthetic,Marche inclinée synthétique,generated_incline_walk.csv
5.22,7.600826379839849,15.862360409826792,-2.1188501481669593,1,synthetic,Marche inclinée synthétique,generated_incline_walk.csv
5.24,6.806729629723523,15.646701223279466,-1.3773017813252764,1,synthetic,Marche inclinée synthétique,generated_incline_walk.csv
5.26,7.149919367127161,14.983933744287466,-1.5745588711458778,1,synthetic,Marche inclinée synthétique,generated_incline_walk.csv
5.28,7.5864212199470265,15.304596208511352,-1.6386332962239525,1,synthetic,Marche inclinée synthétique,generated_incline_walk.csv
5.3,7.409110357602745,15.007434494953195,-0.8069457343842492,1,synthetic,Marche inclinée synthétique,generated_incline_walk.csv
5.32,7.148018110911822,15.43814786591883,-1.0385653873051357,1,synthetic,Marche inclinée synthétique,generated_incline_walk.csv
5.34,6.752845723144837,15.58440656276968,-0.11147573737092065,1,synthetic,Marche inclinée synthétique,generated_incline_walk.csv
5.36,6.860513274292059,15.210853509698195,-0.21923187497645208,1,synthetic,Marche inclinée synthétique,generated_incline_walk.csv
5.38,7.097505730698544,15.441664446165069,-0.35570215001013394,1,synthetic,Marche inclinée synthétique,generated_incline_walk.csv
5.4,7.449359475607062,15.259959026717954,-0.38120451082823814,1,synthetic,Marche inclinée synthétique,generated_incline_walk.csv
5.42,7.2253350798037275,15.896884837276414,-0.4574760171594809,1,synthetic,Marche inclinée synthétique,generated_incline_walk.csv
5.44,7.057083521996398,15.418152405735793,-0.4547223296816194,1,synthetic,Marche inclinée synthétique,generated_incline_walk.csv
5.46,7.168422281084523,15.493216122693346,-0.3723287032569583,1,synthetic,Marche inclinée synthétique,generated_incline_walk.csv
5.48,7.340520911526255,15.621004242474768,0.046162812654771734,1,synthetic,Marche inclinée synthétique,generated_incline_walk.csv
5.5,6.585414791484731,15.784619029650717,-0.3358630678298048,1,synthetic,Marche inclinée synthétique,generated_incline_walk.csv
5.5200000000000005,6.807744054679697,15.691969664008553,-0.4260503674720647,1,synthetic,Marche inclinée synthétique,generated_incline_walk.csv
5.54,7.105203202769363,15.477702581503154,-0.2442506601000878,1,synthetic,Marche inclinée synthétique,generated_incline_walk.csv
5.5600000000000005,7.448573688186066,15.47153481002298,-0.367962152141829,1,synthetic,Marche inclinée synthétique,generated_incline_walk.csv
5.58,7.4043986244080395,15.558845097243653,-0.5144547258980647,1,synthetic,Marche inclinée synthétique,generated_incline_walk.csv
5.6000000000000005,6.852471480612096,15.526873618360016,-0.424470454018181,1,synthetic,Marche inclinée synthétique,generated_incline_walk.csv
5.62,7.104504884674029,15.195593560650444,0.5799748809089342,1,synthetic,Marche inclinée synthétique,generated_incline_walk.csv
5.64,6.891056174678198,15.090618147572693,0.21178078339527479,1,synthetic,Marche inclinée synthétique,generated_incline_walk.csv
5.66,7.008660744230169,15.150374557781246,0.8613242845335911,1,synthetic,Marche inclinée synthétique,generated_incline_walk.csv
5.68,7.178212599486301,15.318015708194714,1.027083044524519,1,synthetic,Marche inclinée synthétique,generated_incline_walk.csv
5.7,7.027139228844155,15.031634720261392,0.6223379279772394,1,synthetic,Marche inclinée synthétique,generated_incline_walk.csv
5.72,6.96553353739672,14.822244598174574,0.8410272615260677,1,synthetic,Marche inclinée synthétique,generated_incline_walk.csv
5.74,6.782245691748782,15.014894039072429,0.580246089868368,1,synthetic,Marche inclinée synthétique,generated_incline_walk.csv
5.76,6.6541962123338685,14.953287687996824,0.7209217722225619,1,synthetic,Marche inclinée synthétique,generated_incline_walk.csv
5.78,7.0680121654734975,15.25250493325088,0.8551876657885693,1,synthetic,Marche inclinée synthétique,generated_incline_walk.csv
5.8,7.181410805929112,14.925388233028583,0.8923261855663523,1,synthetic,Marche inclinée synthétique,generated_incline_walk.csv
5.82,7.3047195552868835,14.957574723243464,1.3788263661117537,1,synthetic,Marche inclinée synthétique,generated_incline_walk.csv
5.84,6.865981270801226,15.606550004196647,0.9549189543128885,1,synthetic,Marche inclinée synthétique,generated_incline_walk.csv
5.86,6.88092962576617,15.199910624142131,1.2880718375220312,1,synthetic,Marche inclinée synthétique,generated_incline_walk.csv
5.88,7.459530814351875,14.808135885436801,1.1015179356935207,1,synthetic,Marche inclinée synthétique,generated_incline_walk.csv
5.9,7.185137104069664,15.412165196026038,1.2912576946864953,1,synthetic,Marche inclinée synthétique,generated_incline_walk.csv
5.92,7.3015073302979685,14.96565865014241,1.6832268952736882,1,synthetic,Marche inclinée synthétique,generated_incline_walk.csv
5.94,6.83780573608678,14.838763763487824,0.7241349349819783,1,synthetic,Marche inclinée synthétique,generated_incline_walk.csv
5.96,6.759774437159342,15.251819861807201,1.5667181589492665,1,synthetic,Marche inclinée synthétique,generated_incline_walk.csv
5.98,6.592154040894467,14.66387146124659,1.090274076289734,1,synthetic,Marche inclinée synthétique,generated_incline_walk.csv
6.0,7.195637111773572,15.053422444071458,1.3826155987831874,1,synthetic,Marche inclinée synthétique,generated_incline_walk.csv
6.0200000000000005,6.525061524391438,15.238661368227097,1.2865422343413573,1,synthetic,Marche inclinée synthétique,generated_incline_walk.csv
6.04,6.318076302842395,15.298235245383346,1.3152743357865129,1,synthetic,Marche inclinée synthétique,generated_incline_walk.csv
6.0600000000000005,6.593704234665964,14.95421590099279,1.107398089734961,1,synthetic,Marche inclinée synthétique,generated_incline_walk.csv
6.08,7.185464307469944,14.9979667381979,0.7441469668196217,1,synthetic,Marche inclinée synthétique,generated_incline_walk.csv
6.1000000000000005,6.806933012520751,15.15544510483515,2.1712383934675135,1,synthetic,Marche inclinée synthétique,generated_incline_walk.csv
6.12,6.861992957874763,15.56228412910306,1.7946498439926712,1,synthetic,Marche inclinée synthétique,generated_incline_walk.csv
6.140000000000001,6.825166703490044,14.745655445864182,1.453688961726395,1,synthetic,Marche inclinée synthétique,generated_incline_walk.csv
6.16,6.776788268362409,15.518361799785776,0.9662824788139787,1,synthetic,Marche inclinée synthétique,generated_incline_walk.csv
6.18,6.740370533474071,15.381531600594514,1.721779734100416,1,synthetic,Marche inclinée synthétique,generated_incline_walk.csv
6.2,6.379077530921895,15.697800271203358,1.9928708161613784,1,synthetic,Marche inclinée synthétique,generated_incline_walk.csv
6.22,7.306894193238623,15.000162470756678,1.6605723323751869,1,synthetic,Marche inclinée synthétique,generated_incline_walk.csv
6.24,6.771841312938559,15.657628250308115,1.0307176522920445,1,synthetic,Marche inclinée synthétique,generated_incline_walk.csv
6.26,7.1868956124291135,15.093310720292306,1.3878177078901028,1,synthetic,Marche inclinée synthétique,generated_incline_walk.csv
6.28,6.361848703948108,15.435856968085252,1.6233682127161162,1,synthetic,Marche inclinée synthétique,generated_incline_walk.csv
6.3,6.995124615366699,15.2461422183117,1.5308953593042456,1,synthetic,Marche inclinée synthétique,generated_incline_walk.csv
6.32,6.482481002555135,14.669990282303074,1.8809880107390788,1,synthetic,Marche inclinée synthétique,generated_incline_walk.csv
6.34,6.450339306227333,15.363999857435326,1.2611982183988695,1,synthetic,Marche inclinée synthétique,generated_incline_walk.csv
6.36,6.917310763387079,15.505414114276885,1.3504360978354975,1,synthetic,Marche inclinée synthétique,generated_incline_walk.csv
6.38,7.147930358412467,15.651791064431814,0.7953162187248274,1,synthetic,Marche inclinée synthétique,generated_incline_walk.csv
6.4,7.246638014978281,15.232329122127815,1.8686260404715396,1,synthetic,Marche inclinée synthétique,generated_incline_walk.csv
6.42,7.236179252956667,15.085485112041244,1.7189424090847243,1,synthetic,Marche inclinée synthétique,generated_incline_walk.csv
6.44,6.755667285776782,15.62706572492208,1.3922408849965384,1,synthetic,Marche inclinée synthétique,generated_incline_walk.csv
6.46,7.070380767681771,15.334936801466423,0.9718095803042243,1,synthetic,Marche inclinée synthétique,generated_incline_walk.csv
6.48,6.654511369072286,15.74892454754511,1.7411464926824798,1,synthetic,Marche inclinée synthétique,generated_incline_walk.csv
6.5,6.668826078422695,15.871475630273109,1.0381683638522592,1,synthetic,Marche inclinée synthétique,generated_incline_walk.csv
6.5200000000000005,6.8965051565073425,15.407476868882894,1.0685078917125423,1,synthetic,Marche inclinée synthétique,generated_incline_walk.csv
6.54,6.779461083175822,15.429056520423801,0.8724056876989713,1,synthetic,Marche inclinée synthétique,generated_incline_walk.csv
6.5600000000000005,7.05700926575786,15.271630003536144,1.0338836407634304,1,synthetic,Marche inclinée synthétique,generated_incline_walk.csv
6.58,6.23682669284795,14.897679507502055,1.1962981396520584,1,synthetic,Marche inclinée synthétique,generated_incline_walk.csv
6.6000000000000005,7.102651636081135,15.476747297602389,1.1676182111512308,1,synthetic,Marche inclinée synthétique,generated_incline_walk.csv
6.62,6.5591848278474245,15.701603486183998,1.8175213970524975,1,synthetic,Marche inclinée synthétique,generated_incline_walk.csv
6.640000000000001,7.144980888886198,15.822701162680822,1.6825013814225744,1,synthetic,Marche inclinée synthétique,generated_incline_walk.csv
6.66,7.005897878126337,15.548062471019819,1.4617563553162103,1,synthetic,Marche inclinée synthétique,generated_incline_walk.csv
6.68,6.285223479240802,16.114100547127688,1.2425243606879484,1,synthetic,Marche inclinée synthétique,generated_incline_walk.csv
6.7,6.581156859973737,15.467377370385146,1.3820787149456177,1,synthetic,Marche inclinée synthétique,generated_incline_walk.csv
6.72,6.775775528230764,15.630189822917142,1.0048318524682962,1,synthetic,Marche inclinée synthétique,generated_incline_walk.csv
6.74,6.314667594293798,15.490547177783567,1.5541523175298675,1,synthetic,Marche inclinée synthétique,generated_incline_walk.csv
6.76,6.318832435745278,15.51797543181929,1.215871791008239,1,synthetic,Marche inclinée synthétique,generated_incline_walk.csv
6.78,6.429937582092621,15.559202661489346,1.4236766432229082,1,synthetic,Marche inclinée synthétique,generated_incline_walk.csv
6.8,6.708161391809479,15.428913561567722,1.7841068038778725,1,synthetic,Marche inclinée synthétique,generated_incline_walk.csv
6.82,6.731744691653891,15.489045202271727,1.5484874412097265,1,synthetic,Marche inclinée synthétique,generated_incline_walk.csv
6.84,6.380043082246155,15.688096025804066,1.513734705729668,1,synthetic,Marche inclinée synthétique,generated_incline_walk.csv
6.86,6.788908696399167,15.639417760884221,2.3344362308509834,1,synthetic,Marche inclinée synthétique,generated_incline_walk.csv
6.88,7.010847373646515,15.309733155154426,1.5777287544524974,1,synthetic,Marche inclinée synthétique,generated_incline_walk.csv
6.9,6.915412797156782,15.752149813078606,1.7623615351195632,1,synthetic,Marche inclinée synthétique,generated_incline_walk.csv
6.92,6.458885167266956,15.360482222378188,1.8295526394870865,1,synthetic,Marche inclinée synthétique,generated_incline_walk.csv
6.94,6.438818127121189,15.682468512884979,2.020424008196038,1,synthetic,Marche inclinée synthétique,generated_incline_walk.csv
6.96,6.813585780717393,15.505605801858517,2.2975501923512955,1,synthetic,Marche inclinée synthétique,generated_incline_walk.csv
6.98,7.052544983112682,14.859989475147389,1.5021929327716466,1,synthetic,Marche inclinée synthétique,generated_incline_walk.csv
7.0,6.97951324872122,15.07351060588146,2.391074160586447,1,synthetic,Marche inclinée synthétique,generated_incline_walk.csv
7.0200000000000005,6.808335564748093,15.683633492650115,2.91934007090199,1,synthetic,Marche inclinée synthétique,generated_incline_walk.csv
7.04,6.679993396292386,15.326620013871013,2.6890094169172194,1,synthetic,Marche inclinée synthétique,generated_incline_walk.csv
7.0600000000000005,7.367760186734739,15.471526495082536,2.3102429577302264,1,synthetic,Marche inclinée synthétique,generated_incline_walk.csv
7.08,6.946671217877286,15.701025780006422,1.6643808213584699,1,synthetic,Marche inclinée synthétique,generated_incline_walk.csv
7.1000000000000005,7.587106338552193,15.977030920059375,1.4517374669690086,1,synthetic,Marche inclinée synthétique,generated_incline_walk.csv
7.12,6.732675750659594,16.139647914333565,1.0468334565563664,1,synthetic,Marche inclinée synthétique,generated_incline_walk.csv
7.140000000000001,7.028085456662723,15.853896757743067,0.6680936063146754,1,synthetic,Marche inclinée synthétique,generated_incline_walk.csv
7.16,6.981103360646578,16.319556114566918,1.3552064458047035,1,synthetic,Marche inclinée synthétique,generated_incline_walk.csv
7.18,7.813850584906594,15.532383083096054,1.744179688125547,1,synthetic,Marche inclinée synthétique,generated_incline_walk.csv
7.2,7.707823394389271,15.396485126861645,1.7153855777747207,1,synthetic,Marche inclinée synthétique,generated_incline_walk.csv
7.22,7.257746763164377,15.306062812266507,1.8296903841509944,1,synthetic,Marche inclinée synthétique,generated_incline_walk.csv
7.24,6.883268432625097,15.251638401067899,2.289849849741656,1,synthetic,Marche inclinée synthétique,generated_incline_walk.csv
7.26,7.86475088599131,15.492655319607328,2.2959127613370622,1,synthetic,Marche inclinée synthétique,generated_incline_walk.csv
7.28,7.584047017172651,15.652226745674737,2.6633688515508895,1,synthetic,Marche inclinée synthétique,generated_incline_walk.csv
7.3,7.236368883937053,14.825407979826018,2.2813130042566345,1,synthetic,Marche inclinée synthétique,generated_incline_walk.csv
7.32,7.141245048056978,14.841163384509029,1.9167740115697591,1,synthetic,Marche inclinée synthétique,generated_incline_walk.csv
7.34,7.725380629639868,15.045552727076263,2.6493168941946044,1,synthetic,Marche inclinée synthétique,generated_incline_walk.csv
7.36,7.552628596383483,14.820188170978794,2.7865645076258474,1,synthetic,Marche inclinée synthétique,generated_incline_walk.csv
7.38,7.633708783853596,15.096051650235262,2.2760004439087487,1,synthetic,Marche inclinée synthétique,generated_incline_walk.csv
7.4,7.679802377321796,14.55093933530958,2.5537148467515847,1,synthetic,Marche inclinée synthétique,generated_incline_walk.csv
7.42,7.433856386147166,15.111586709897873,2.643518511396195,1,synthetic,Marche inclinée synthétique,generated_incline_walk.csv
7.44,7.414694666611396,14.26803569909372,1.504823396082914,1,synthetic,Marche inclinée synthétique,generated_incline_walk.csv
7.46,7.602233503306139,15.073952218689646,2.9459898020348287,1,synthetic,Marche inclinée synthétique,generated_incline_walk.csv
7.48,7.250010422144931,15.161143565188164,2.281883901068499,1,synthetic,Marche inclinée synthétique,generated_incline_walk.csv
7.5,6.97270455005349,15.741015113012553,1.7813146797279762,1,synthetic,Marche inclinée synthétique,generated_incline_walk.csv
7.52,6.876934709331472,14.851158504447335,1.2388128114413415,1,synthetic,Marche inclinée synthétique,generated_incline_walk.csv
7.54,5.568968919829315,15.423701527415544,0.816856412544194,1,synthetic,Marche inclinée synthétique,generated_incline_walk.csv
7.56,5.736565254801626,15.594522266239581,1.9578628950232408,1,synthetic,Marche inclinée synthétique,generated_incline_walk.csv
7.58,4.418756419534399,15.400982671723902,0.4941323650258106,1,synthetic,Marche inclinée synthétique,generated_incline_walk.csv
7.6,2.669342512864042,16.14963320985899,0.4240519761851533,1,synthetic,Marche inclinée synthétique,generated_incline_walk.csv
7.62,1.2415263995695995,16.505262454759066,-0.5816241954235036,1,synthetic,Marche inclinée synthétique,generated_incline_walk.csv
7.640000000000001,0.22604040541901765,17.389127362141984,-1.290270825264986,1,synthetic,Marche inclinée synthétique,generated_incline_walk.csv
7.66,-0.915757613012,18.473415515585817,-1.8236398442786892,1,synthetic,Marche inclinée synthétique,generated_incline_walk.csv
7.68,-2.068268925224591,20.135587273994386,-3.0933890674535562,1,synthetic,Marche inclinée synthétique,generated_incline_walk.csv
7.7,-1.6760220466593458,21.032770204027027,-3.339787199983261,1,synthetic,Marche inclinée synthétique,generated_incline_walk.csv
7.72,-0.5863885229024223,21.596806445107617,-3.5313498484065864,1,synthetic,Marche inclinée synthétique,generated_incline_walk.csv
7.74,0.8460472245545065,22.787573025893504,-3.1311882681088385,1,synthetic,Marche inclinée synthétique,generated_incline_walk.csv
7.76,1.4440143148149556,22.369606611301272,-2.6012909101834616,1,synthetic,Marche inclinée synthétique,generated_incline_walk.csv
7.78,2.084422818532365,22.944780010362408,-2.475182170338752,1,synthetic,Marche inclinée synthétique,generated_incline_walk.csv
7.8,3.2661332420161044,22.60514731906535,-1.7764210526200648,1,synthetic,Marche inclinée synthétique,generated_incline_walk.csv
7.82,4.047077607603607,21.939744059617325,-2.238894247080106,1,synthetic,Marche inclinée synthétique,generated_incline_walk.csv
7.84,4.918844604539314,21.226639068822067,-2.2082074554734783,1,synthetic,Marche inclinée synthétique,generated_incline_walk.csv
7.86,6.127840189689065,20.847126065689437,-2.2158713278880207,1,synthetic,Marche inclinée synthétique,generated_incline_walk.csv
7.88,6.269380494660123,20.055688651469705,-2.532546344270462,1,synthetic,Marche inclinée synthétique,generated_incline_walk.csv
7.9,7.795034853302099,19.592524190368863,-2.3867321820489327,1,synthetic,Marche inclinée synthétique,generated_incline_walk.csv
7.92,8.129146682998647,18.861162997502117,-3.5566694031729678,1,synthetic,Marche inclinée synthétique,generated_incline_walk.csv
7.94,8.114416611851949,19.037580266922404,-3.2446154661328968,1,synthetic,Marche inclinée synthétique,generated_incline_walk.csv
7.96,7.959897250865608,17.25757546547483,-3.369572112650366,1,synthetic,Marche inclinée synthétique,generated_incline_walk.csv
7.98,7.6614102482348185,17.43508200125782,-2.150641569082242,1,synthetic,Marche inclinée synthétique,generated_incline_walk.csv
8.0,7.87380967683462,17.720827995304223,-2.220686317812865,1,synthetic,Marche inclinée synthétique,generated_incline_walk.csv
8.02,7.40637497148043,17.9678926485403,-2.6360899256101753,1,synthetic,Marche inclinée synthétique,generated_incline_walk.csv
8.040000000000001,6.932097347078088,18.19035475182865,-2.118434990100641,1,synthetic,Marche inclinée synthétique,generated_incline_walk.csv
8.06,6.996175605588464,17.51468536575612,-2.1817939460221405,1,synthetic,Marche inclinée synthétique,generated_incline_walk.csv
8.08,5.421274955257851,18.007806800184508,-1.1787055850428776,1,synthetic,Marche inclinée synthétique,generated_incline_walk.csv
8.1,5.623653986823038,16.812655158746136,0.09154742894098822,1,synthetic,Marche inclinée synthétique,generated_incline_walk.csv
8.120000000000001,5.527846925212282,17.232002920982655,0.8171838315879449,1,synthetic,Marche inclinée synthétique,generated_incline_walk.csv
8.14,6.01207397238684,17.163008158713815,2.094235868223528,1,synthetic,Marche inclinée synthétique,generated_incline_walk.csv
8.16,5.682162937379215,16.761971281289394,1.8036476892049509,1,synthetic,Marche inclinée synthétique,generated_incline_walk.csv
8.18,5.718600822771694,15.719644181421003,2.7921914056138886,1,synthetic,Marche inclinée synthétique,generated_incline_walk.csv
8.2,6.274732206486821,15.513880886951807,2.8017153514163526,1,synthetic,Marche inclinée synthétique,generated_incline_walk.csv
8.22,6.526781224389966,14.939221016691507,2.9487172738758605,1,synthetic,Marche inclinée synthétique,generated_incline_walk.csv
8.24,7.114691957003451,15.226858241549516,3.0717674434638025,1,synthetic,Marche inclinée synthétique,generated_incline_walk.csv
8.26,6.964682764618899,15.010396880782574,3.3670675558842245,1,synthetic,Marche inclinée synthétique,generated_incline_walk.csv
8.28,6.926589474487738,15.47885216624716,3.713483628368972,1,synthetic,Marche inclinée synthétique,generated_incline_walk.csv
8.3,7.082173170243815,15.169449355314157,3.5730682996041585,1,synthetic,Marche inclinée synthétique,generated_incline_walk.csv
8.32,7.167391296934629,15.579258468359463,3.939253987070885,1,synthetic,Marche inclinée synthétique,generated_incline_walk.csv
8.34,7.668609895960308,15.393855750997911,4.036650065724731,1,synthetic,Marche inclinée synthétique,generated_incline_walk.csv
8.36,7.834926805246793,15.365272739957026,4.33246589078581,1,synthetic,Marche inclinée synthétique,generated_incline_walk.csv
8.38,7.634158764734747,16.062699803476896,4.091391730592717,1,synthetic,Marche inclinée synthétique,generated_incline_walk.csv
8.4,7.745618401224424,16.01172551004876,4.68625068728873,1,synthetic,Marche inclinée synthétique,generated_incline_walk.csv
8.42,8.196951401760272,15.400672970922699,4.612641712161222,1,synthetic,Marche inclinée synthétique,generated_incline_walk.csv
8.44,7.806324461757304,16.29338653744154,4.522797754681202,1,synthetic,Marche inclinée synthétique,generated_incline_walk.csv
8.46,7.964791524515667,16.225835636508105,4.456525304055712,1,synthetic,Marche inclinée synthétique,generated_incline_walk.csv
8.48,7.504581867137551,16.487758310610317,4.333873347461976,1,synthetic,Marche inclinée synthétique,generated_incline_walk.csv
8.5,7.57172093968638,16.302591089005077,4.342672101472972,1,synthetic,Marche inclinée synthétique,generated_incline_walk.csv
8.52,7.080050126027947,15.709137797736092,4.392793743277227,1,synthetic,Marche inclinée synthétique,generated_incline_walk.csv
8.540000000000001,7.312588551319425,16.19073988430992,4.570065805688696,1,synthetic,Marche inclinée synthétique,generated_incline_walk.csv
8.56,7.827247566357056,15.658057615279086,5.177219936386495,1,synthetic,Marche inclinée synthétique,generated_incline_walk.csv
8.58,8.043112323813858,16.02219234569683,5.101147250973183,1,synthetic,Marche inclinée synthétique,generated_incline_walk.csv
8.6,7.594256075264429,16.299375528812572,4.591841705163705,1,synthetic,Marche inclinée synthétique,generated_incline_walk.csv
8.620000000000001,7.344377734157655,16.95767069952741,4.753939662765302,1,synthetic,Marche inclinée synthétique,generated_incline_walk.csv
8.64,7.752538711954586,16.686323073337,5.463143218940762,1,synthetic,Marche inclinée synthétique,generated_incline_walk.csv
8.66,8.10840021586431,16.83173372519034,5.521744878947556,1,synthetic,Marche inclinée synthétique,generated_incline_walk.csv
8.68,7.8050820029175885,17.08232468941056,5.166297606672716,1,synthetic,Marche inclinée synthétique,generated_incline_walk.csv
8.700000000000001,8.252308629526,16.7108356237357,5.331235882259513,1,synthetic,Marche inclinée synthétique,generated_incline_walk.csv
8.72,8.065183244515637,17.396452907664912,4.191897093225628,1,synthetic,Marche inclinée synthétique,generated_incline_walk.csv
8.74,7.8052907945939625,17.211189936645766,4.230775248162451,1,synthetic,Marche inclinée synthétique,generated_incline_walk.csv
8.76,7.949041093811809,16.920297122390036,3.5803981262097735,1,synthetic,Marche inclinée synthétique,generated_incline_walk.csv
8.78,8.169638065384655,17.0710976411282,4.15091783230955,1,synthetic,Marche inclinée synthétique,generated_incline_walk.csv
8.8,8.9647395192133,17.203377948606953,3.388042399431311,1,synthetic,Marche inclinée synthétique,generated_incline_walk.csv
8.82,8.476588055925939,17.49000673971686,3.2478231556008095,1,synthetic,Marche inclinée synthétique,generated_incline_walk.csv
8.84,8.240741565929516,17.79906817167959,3.1445174077859153,1,synthetic,Marche inclinée synthétique,generated_incline_walk.csv
8.86,8.338124099196746,17.373124298548408,2.7902099472663346,1,synthetic,Marche inclinée synthétique,generated_incline_walk.csv
8.88,8.211549030818695,17.48621216914359,2.989639764351436,1,synthetic,Marche inclinée synthétique,generated_incline_walk.csv
8.9,7.767659671309983,18.16628491730286,2.358153476641378,1,synthetic,Marche inclinée synthétique,generated_incline_walk.csv
8.92,7.429854962060489,18.67010553922859,2.9500162860717953,1,synthetic,Marche inclinée synthétique,generated_incline_walk.csv
8.94,6.701929418173256,18.343892109897574,2.788007158452136,1,synthetic,Marche inclinée synthétique,generated_incline_walk.csv
8.96,5.979134292016588,17.93038401715167,3.2628668593368113,1,synthetic,Marche inclinée synthétique,generated_incline_walk.csv
8.98,4.7563611925353175,17.771543167146497,3.2988405913453747,1,synthetic,Marche inclinée synthétique,generated_incline_walk.csv
9.0,2.6341288833330783,18.03500089400598,2.7689577598997204,1,synthetic,Marche inclinée synthétique,generated_incline_walk.csv
9.02,-0.46973550969982325,17.886265924375547,2.1277012766460937,1,synthetic,Marche inclinée synthétique,generated_incline_walk.csv
9.04,-3.657210098076163,17.629052751013436,1.7473569143674448,1,synthetic,Marche inclinée synthétique,generated_incline_walk.csv
9.06,-8.446866986799739,18.59136283659616,1.7875624854362813,1,synthetic,Marche inclinée synthétique,generated_incline_walk.csv
9.08,-13.566704951840753,20.06102119606016,0.5160754444983928,1,synthetic,Marche inclinée synthétique,generated_incline_walk.csv
9.1,-18.4480969624748,20.93175884343257,-0.6152953554349243,1,synthetic,Marche inclinée synthétique,generated_incline_walk.csv
9.12,-23.11059499125871,23.19670510906648,-1.9055610524402222,1,synthetic,Marche inclinée synthétique,generated_incline_walk.csv
9.14,-26.562579574524555,25.437141231148253,-1.5963590705250466,1,synthetic,Marche inclinée synthétique,generated_incline_walk.csv
9.16,-28.373335462667406,27.245932524529735,-0.8816191534433988,1,synthetic,Marche inclinée synthétique,generated_incline_walk.csv
9.18,-29.130988896365153,30.05948887988704,0.5785763966186233,1,synthetic,Marche inclinée synthétique,generated_incline_walk.csv
9.2,-28.448820193739564,30.8251995490042,1.6922264912242047,1,synthetic,Marche inclinée synthétique,generated_incline_walk.csv
9.22,-27.03416228639349,31.988957108877077,3.6274848913385025,1,synthetic,Marche inclinée synthétique,generated_incline_walk.csv
9.24,-25.498790054922022,32.40776737262043,3.7444772863439546,1,synthetic,Marche inclinée synthétique,generated_incline_walk.csv
9.26,-21.83759227325618,32.72299143840754,3.9332744467690683,1,synthetic,Marche inclinée synthétique,generated_incline_walk.csv
9.28,-19.26564493061349,31.110828401279374,3.3428023409146324,1,synthetic,Marche inclinée synthétique,generated_incline_walk.csv
9.3,-15.498255193440906,30.487744561455347,2.3558748276907817,1,synthetic,Marche inclinée synthétique,generated_incline_walk.csv
9.32,-12.128440712243792,29.63886087386398,1.6807307330196528,1,synthetic,Marche inclinée synthétique,generated_incline_walk.csv
9.34,-9.052805026750725,28.7446034457307,0.17683276306940188,1,synthetic,Marche inclinée synthétique,generated_incline_walk.csv
9.36,-5.223496566657501,27.554226626843576,0.34718755951125224,1,synthetic,Marche inclinée synthétique,generated_incline_walk.csv
9.38,-2.682876457441551,26.377957972964325,-0.6409405583554241,1,synthetic,Marche inclinée synthétique,generated_incline_walk.csv
9.4,-0.29856493558688,26.07442559149494,-1.036306804231903,1,synthetic,Marche inclinée synthétique,generated_incline_walk.csv
9.42,1.8700704870671567,25.463049274666254,-1.5007276452032126,1,synthetic,Marche inclinée synthétique,generated_incline_walk.csv
9.44,3.7395500837332865,24.87770047511686,-2.2331992098984514,1,synthetic,Marche inclinée synthétique,generated_incline_walk.csv
9.46,5.387895695557781,23.572150819248343,-2.541256266766142,1,synthetic,Marche inclinée synthétique,generated_incline_walk.csv
9.48,7.2686209169887235,23.04928254624239,-2.322271586375439,1,synthetic,Marche inclinée synthétique,generated_incline_walk.csv
9.5,7.963586819317,21.521104529069277,-2.8607150922652087,1,synthetic,Marche inclinée synthétique,generated_incline_walk.csv
9.52,8.731101686137444,20.45297890774533,-2.941822738433501,1,synthetic,Marche inclinée synthétique,generated_incline_walk.csv
9.54,9.602458173790748,19.2421256895836,-3.0753366321372027,1,synthetic,Marche inclinée synthétique,generated_incline_walk.csv
9.56,9.76636019854436,17.1606531461322,-2.5944580043961354,1,synthetic,Marche inclinée synthétique,generated_incline_walk.csv
9.58,10.384855290119107,17.23034968340623,-2.6050926321506713,1,synthetic,Marche inclinée synthétique,generated_incline_walk.csv
9.6,10.102954248571258,15.917682924179472,-3.1771862653179914,1,synthetic,Marche inclinée synthétique,generated_incline_walk.csv
9.62,9.936311399018537,14.780921814923312,-2.2914052459639316,1,synthetic,Marche inclinée synthétique,generated_incline_walk.csv
9.64,9.921588813959339,14.731584908770515,-2.884699907098239,1,synthetic,Marche inclinée synthétique,generated_incline_walk.csv
9.66,8.518323697147151,14.844799164202916,-2.5890839577105003,1,synthetic,Marche inclinée synthétique,generated_incline_walk.csv
9.68,7.7782236492480985,14.452447822984176,-1.4306035649915887,1,synthetic,Marche inclinée synthétique,generated_incline_walk.csv
9.7,7.070578019316908,13.862999782650432,-0.40174887659713904,1,synthetic,Marche inclinée synthétique,generated_incline_walk.csv
9.72,6.417854069861918,13.756001929310173,1.4245225272450275,1,synthetic,Marche inclinée synthétique,generated_incline_walk.csv
9.74,5.611368175012576,12.866064657784682,3.40274023918961,1,synthetic,Marche inclinée synthétique,generated_incline_walk.csv
9.76,5.814485845704398,12.776838158154504,3.3383944002608663,1,synthetic,Marche inclinée synthétique,generated_incline_walk.csv
9.78,6.276102109358281,13.520719039549348,2.9265664004794396,1,synthetic,Marche inclinée synthétique,generated_incline_walk.csv
9.8,6.344703473176562,12.957519554785224,3.4133173553750544,1,synthetic,Marche inclinée synthétique,generated_incline_walk.csv
9.82,7.166065237565622,13.009600887645313,3.4840987139266093,1,synthetic,Marche inclinée synthétique,generated_incline_walk.csv
9.84,6.767108873050621,13.660433728247494,4.062852916692516,1,synthetic,Marche inclinée synthétique,generated_incline_walk.csv
9.86,6.812216855589159,13.371697834387351,3.7555023214841707,1,synthetic,Marche inclinée synthétique,generated_incline_walk.csv
9.88,7.090589565470646,13.543196039621884,4.31966665877684,1,synthetic,Marche inclinée synthétique,generated_incline_walk.csv
9.9,7.250091807403815,13.253088570336846,4.643123351898355,1,synthetic,Marche inclinée synthétique,generated_incline_walk.csv
9.92,6.784467753759065,13.816173629505252,5.203440399856946,1,synthetic,Marche inclinée synthétique,generated_incline_walk.csv
9.94,7.412163485734588,13.456120207249437,5.373669567020212,1,synthetic,Marche inclinée synthétique,generated_incline_walk.csv
9.96,7.366089334769418,13.863815153401474,5.212771175878063,1,synthetic,Marche inclinée synthétique,generated_incline_walk.csv
9.98,6.9576560898786,13.841368712188302,5.599857184595336,1,synthetic,Marche inclinée synthétique,generated_incline_walk.csv
10.0,7.3834557775972876,14.212644646259427,5.397919743788277,1,synthetic,Marche inclinée synthétique,generated_incline_walk.csv
10.02,6.650912455660575,14.036080697598887,5.438542539555127,1,synthetic,Marche inclinée synthétique,generated_incline_walk.csv
10.04,6.963040801628344,13.786174975218337,4.678543621693747,1,synthetic,Marche inclinée synthétique,generated_incline_walk.csv
10.06,7.163545736974307,13.550797181514065,4.980157098754573,1,synthetic,Marche inclinée synthétique,generated_incline_walk.csv
10.08,7.35117954648507,13.861797504605338,4.714874468520946,1,synthetic,Marche inclinée synthétique,generated_incline_walk.csv
10.1,7.762930808804359,13.82821855650708,4.890525554003111,1,synthetic,Marche inclinée synthétique,generated_incline_walk.csv
10.12,7.488550811242068,14.571237476200047,4.372584080807653,1,synthetic,Marche inclinée synthétique,generated_incline_walk.csv
10.14,7.440715208977027,14.063183199614672,3.5346827953588345,1,synthetic,Marche inclinée synthétique,generated_incline_walk.csv
10.16,7.915512032872422,13.55733947789648,3.3933325152125624,1,synthetic,Marche inclinée synthétique,generated_incline_walk.csv
10.18,7.923436129304676,14.35764436273348,2.8888767795750407,1,synthetic,Marche inclinée synthétique,generated_incline_walk.csv
10.2,8.044485994661233,14.490898258008476,2.6749893710556223,1,synthetic,Marche inclinée synthétique,generated_incline_walk.csv
10.22,7.776286019356171,13.981437220779618,2.1017738439959435,1,synthetic,Marche inclinée synthétique,generated_incline_walk.csv
10.24,7.858724626535843,14.484331499850056,1.8309402465320541,1,synthetic,Marche inclinée synthétique,generated_incline_walk.csv
10.26,7.4857514159643745,13.919499693573714,2.215341274929133,1,synthetic,Marche inclinée synthétique,generated_incline_walk.csv
10.28,7.670266959860917,14.461819564276535,1.5598443944213647,1,synthetic,Marche inclinée synthétique,generated_incline_walk.csv
10.3,7.080920184945456,14.447081415004282,1.7414261669597044,1,synthetic,Marche inclinée synthétique,generated_incline_walk.csv
10.32,6.862258542967292,14.727207423085924,0.9890093490045664,1,synthetic,Marche inclinée synthétique,generated_incline_walk.csv
10.34,7.008807783084709,14.913565412166577,1.0349318351152679,1,synthetic,Marche inclinée synthétique,generated_incline_walk.csv
10.36,6.022733100012375,14.759473596860659,0.8813015493887155,1,synthetic,Marche inclinée synthétique,generated_incline_walk.csv
10.38,5.63943062514421,15.359890977369679,0.5676985731923956,1,synthetic,Marche inclinée synthétique,generated_incline_walk.csv
10.4,4.990119121527754,15.093168395853894,0.962402209615135,1,synthetic,Marche inclinée synthétique,generated_incline_walk.csv
10.42,3.496031843272042,15.328913282543098,0.14217921790789195,1,synthetic,Marche inclinée synthétique,generated_incline_walk.csv
10.44,2.2867376018605277,15.710418616852198,0.3397468574670922,1,synthetic,Marche inclinée synthétique,generated_incline_walk.csv
10.46,-0.30426191123164203,14.998522008249727,-0.7843623490719636,1,synthetic,Marche inclinée synthétique,generated_incline_walk.csv
10.48,-2.643462124154373,15.392059749366872,-0.4886501905049342,1,synthetic,Marche inclinée synthétique,generated_incline_walk.csv
10.5,-7.1432766925770395,16.175847070444995,-1.4125914665287513,1,synthetic,Marche inclinée synthétique,generated_incline_walk.csv
10.52,-11.751655522652337,16.814432307229087,-1.9736698478395747,1,synthetic,Marche inclinée synthétique,generated_incline_walk.csv
10.54,-16.910447968568775,17.85020551424265,-2.9683832042570666,1,synthetic,Marche inclinée synthétique,generated_incline_walk.csv
10.56,-22.49280753843081,20.362431359714023,-5.118716261999171,1,synthetic,Marche inclinée synthétique,generated_incline_walk.csv
10.58,-28.111447290922168,23.629382580842474,-5.9465558175796,1,synthetic,Marche inclinée synthétique,generated_incline_walk.csv
10.6,-32.76929539323388,26.115894502564963,-6.220257642869854,1,synthetic,Marche inclinée synthétique,generated_incline_walk.csv
10.62,-35.13476492915384,28.58885708479198,-4.784980881785629,1,synthetic,Marche inclinée synthétique,generated_incline_walk.csv
10.64,-36.49335651508335,30.398944197654487,-2.7164236791801835,1,synthetic,Marche inclinée synthétique,generated_incline_walk.csv
10.66,-36.51641778286549,32.344543829128334,-0.4473590037197232,1,synthetic,Marche inclinée synthétique,generated_incline_walk.csv
10.68,-33.87624737173293,31.775460393777458,2.0474613728791953,1,synthetic,Marche inclinée synthétique,generated_incline_walk.csv
10.7,-32.2200264860253,32.0611078533966,3.009846208943723,1,synthetic,Marche inclinée synthétique,generated_incline_walk.csv
10.72,-28.943000138063542,32.076407996319745,3.0680384576376065,1,synthetic,Marche inclinée synthétique,generated_incline_walk.csv
10.74,-25.61599026558524,30.41024446688235,2.1201609114094246,1,synthetic,Marche inclinée synthétique,generated_incline_walk.csv
10.76,-21.980553318961174,28.744489528876986,1.5951090133618113,1,synthetic,Marche inclinée synthétique,generated_incline_walk.csv
10.78,-18.1509285591965,28.05777069455561,0.10662918364082996,1,synthetic,Marche inclinée synthétique,generated_incline_walk.csv
10.8,-14.117973236171563,27.052325294616786,-0.7004352588092028,1,synthetic,Marche inclinée synthétique,generated_incline_walk.csv
10.82,-10.08647148198585,27.186360545983963,-2.4287913705535247,1,synthetic,Marche inclinée synthétique,generated_incline_walk.csv
10.84,-6.7145122345836175,25.08603489374662,-2.695378394849302,1,synthetic,Marche inclinée synthétique,generated_incline_walk.csv
10.86,-2.275755691212642,24.128116813312452,-3.690067365512317,1,synthetic,Marche inclinée synthétique,generated_incline_walk.csv
10.88,0.1670246990392773,23.331717119296933,-4.687812974348921,1,synthetic,Marche inclinée synthétique,generated_incline_walk.csv
10.9,2.599166099452839,22.041481495257077,-5.294781558351928,1,synthetic,Marche inclinée synthétique,generated_incline_walk.csv
10.92,5.379299970862319,21.31432678948172,-6.211345234106246,1,synthetic,Marche inclinée synthétique,generated_incline_walk.csv
10.94,7.774635300687451,20.625752558192325,-6.3498142079632025,1,synthetic,Marche inclinée synthétique,generated_incline_walk.csv
10.96,9.354122316440655,19.84016108937528,-6.674173008811635,1,synthetic,Marche inclinée synthétique,generated_incline_walk.csv
10.98,10.61018659220483,19.302571545607716,-6.716266600896894,1,synthetic,Marche inclinée synthétique,generated_incline_walk.csv
11.0,11.552114525371008,18.862970711628925,-7.061371480925672,1,synthetic,Marche inclinée synthétique,generated_incline_walk.csv
11.02,12.010436285394137,18.6126101355677,-7.707332093183026,1,synthetic,Marche inclinée synthétique,generated_incline_walk.csv
11.04,11.739383896784775,18.32469952565076,-7.429660533983756,1,synthetic,Marche inclinée synthétique,generated_incline_walk.csv
11.06,11.198046357647803,17.504183152192596,-6.444078998834833,1,synthetic,Marche inclinée synthétique,generated_incline_walk.csv
11.08,9.925061643187398,16.598034459339637,-4.93222906064803,1,synthetic,Marche inclinée synthétique,generated_incline_walk.csv
11.1,7.992451900956292,14.979835899716686,-2.3479921012658966,1,synthetic,Marche inclinée synthétique,generated_incline_walk.csv
11.12,7.545010028464916,14.365452231021667,0.30717927334794665,1,synthetic,Marche inclinée synthétique,generated_incline_walk.csv
11.14,6.44688971808114,13.924367897922208,1.7249993811011806,1,synthetic,Marche inclinée synthétique,generated_incline_walk.csv
11.16,5.676133097028842,13.602889136516847,2.930499541113109,1,synthetic,Marche inclinée synthétique,generated_incline_walk.csv
11.18,5.973955503133745,13.362251568167153,3.641137544261893,1,synthetic,Marche inclinée synthétique,generated_incline_walk.csv
11.2,6.807299535383508,13.872441747975468,4.437357834653209,1,synthetic,Marche inclinée synthétique,generated_incline_walk.csv
11.22,5.974733869012703,14.104001021699087,4.739021932210396,1,synthetic,Marche inclinée synthétique,generated_incline_walk.csv
11.24,6.598749095482012,14.358967660377001,4.210710660813959,1,synthetic,Marche inclinée synthétique,generated_incline_walk.csv
11.26,7.406769015888685,13.725946408221072,4.810327609323145,1,synthetic,Marche inclinée synthétique,generated_incline_walk.csv
11.28,6.892848056341374,13.89844115040992,4.556815595294938,1,synthetic,Marche inclinée synthétique,generated_incline_walk.csv
11.3,6.3639878011929065,14.013519393916809,4.7106888876240225,1,synthetic,Marche inclinée synthétique,generated_incline_walk.csv
11.32,6.631980913155756,14.037582463263602,4.996071972029171,1,synthetic,Marche inclinée synthétique,generated_incline_walk.csv
11.34,6.527576172087041,13.847199518475703,5.170003669897074,1,synthetic,Marche inclinée synthétique,generated_incline_walk.csv
11.36,7.4467309318878385,14.409951156604444,4.998513901885427,1,synthetic,Marche inclinée synthétique,generated_incline_walk.csv
11.38,6.404849235442189,13.654806876682038,4.840007142703257,1,synthetic,Marche inclinée synthétique,generated_incline_walk.csv
11.4,6.5187129003811854,14.211971578116433,5.030920234985272,1,synthetic,Marche inclinée synthétique,generated_incline_walk.csv
11.42,6.570672582946528,13.905925859985693,4.74537997054719,1,synthetic,Marche inclinée synthétique,generated_incline_walk.csv
11.44,6.303200894130925,14.777066570360379,5.493442047148738,1,synthetic,Marche inclinée synthétique,generated_incline_walk.csv
11.46,5.830402850495004,14.281554567986664,4.306563587848708,1,synthetic,Marche inclinée synthétique,generated_incline_walk.csv
11.48,6.817537472005929,14.437741753808943,4.680730653940262,1,synthetic,Marche inclinée synthétique,generated_incline_walk.csv
11.5,7.056542530272866,14.837776536545084,4.168159667215207,1,synthetic,Marche inclinée synthétique,generated_incline_walk.csv
11.52,6.719009360821349,14.56524098768128,3.708018701391337,1,synthetic,Marche inclinée synthétique,generated_incline_walk.csv
11.54,6.871144178170507,14.98976528581401,2.9575717041443332,1,synthetic,Marche inclinée synthétique,generated_incline_walk.csv
11.56,6.710462935425274,14.847952812344568,2.7520536417364156,1,synthetic,Marche inclinée synthétique,generated_incline_walk.csv
11.58,6.350388332321986,15.625551707410906,2.4689020667260384,1,synthetic,Marche inclinée synthétique,generated_incline_walk.csv
11.6,5.245238958923261,14.77369022902358,2.119520040546661,1,synthetic,Marche inclinée synthétique,generated_incline_walk.csv
11.62,5.690641822737449,15.006396442123624,1.9295565700812902,1,synthetic,Marche inclinée synthétique,generated_incline_walk.csv
11.64,4.799752379925373,15.505082134607933,1.7679198660258313,1,synthetic,Marche inclinée synthétique,generated_incline_walk.csv
11.66,3.936805929038784,15.396058427224713,1.344307697965017,1,synthetic,Marche inclinée synthétique,generated_incline_walk.csv
11.68,2.6980845733200804,15.47170342920372,1.3033775679898623,1,synthetic,Marche inclinée synthétique,generated_incline_walk.csv
11.7,1.3129902653224315,15.119887069988215,0.9670400636529706,1,synthetic,Marche inclinée synthétique,generated_incline_walk.csv
11.72,-0.683364706373865,15.256786747639621,0.09571710769815447,1,synthetic,Marche inclinée synthétique,generated_incline_walk.csv
11.74,-2.780235089828573,14.922605774017782,-0.17624612176426208,1,synthetic,Marche inclinée synthétique,generated_incline_walk.csv
11.76,-5.989927322318922,15.331950051431802,-1.271752533062709,1,synthetic,Marche inclinée synthétique,generated_incline_walk.csv
11.78,-11.10619038276709,15.037276731368708,-2.5093389781714053,1,synthetic,Marche inclinée synthétique,generated_incline_walk.csv
11.8,-16.736188331679358,16.708172282863334,-3.344171442660255,1,synthetic,Marche inclinée synthétique,generated_incline_walk.csv
11.82,-24.386177162473874,18.874521405241985,-4.517811500600148,1,synthetic,Marche inclinée synthétique,generated_incline_walk.csv
11.84,-32.25740769738973,22.096116337718414,-5.921573646444611,1,synthetic,Marche inclinée synthétique,generated_incline_walk.csv
11.86,-39.51755913855419,24.24819465544936,-6.365010829824443,1,synthetic,Marche inclinée synthétique,generated_incline_walk.csv
11.88,-43.828947830059114,26.994759862073433,-4.196209974451911,1,synthetic,Marche inclinée synthétique,generated_incline_walk.csv
11.9,-46.67276197245313,28.353445446200936,-2.0196090367668247,1,synthetic,Marche inclinée synthétique,generated_incline_walk.csv
11.92,-48.316682229806894,30.387203896671405,0.09694329877291252,1,synthetic,Marche inclinée synthétique,generated_incline_walk.csv
11.94,-46.86666480890232,30.187505309501404,3.153654081196256,1,synthetic,Marche inclinée synthétique,generated_incline_walk.csv
11.96,-44.24244287264945,29.114897607984112,5.364820008255819,1,synthetic,Marche inclinée synthétique,generated_incline_walk.csv
11.98,-41.312000996604446,29.49065994619026,5.102548776940822,1,synthetic,Marche inclinée synthétique,generated_incline_walk.csv
12.0,-37.67933019300847,28.093254777647537,5.920724385030331,1,synthetic,Marche inclinée synthétique,generated_incline_walk.csv
12.02,-32.42733177116162,27.633054041869514,5.400902700418424,1,synthetic,Marche inclinée synthétique,generated_incline_walk.csv
12.04,-27.91061538188502,26.488653353925216,4.560414206834814,1,synthetic,Marche inclinée synthétique,generated_incline_walk.csv
12.06,-22.921395701829773,26.99926040599396,3.7040726364872927,1,synthetic,Marche inclinée synthétique,generated_incline_walk.csv
12.08,-18.379153151881958,26.850335777131576,1.9619591324547454,1,synthetic,Marche inclinée synthétique,generated_incline_walk.csv
12.1,-13.569176812831177,26.35325774319386,1.5010272091822439,1,synthetic,Marche inclinée synthétique,generated_incline_walk.csv
12.12,-8.813500127599482,26.190772736823973,0.60354950499519,1,synthetic,Marche inclinée synthétique,generated_incline_walk.csv
12.14,-4.018825620972888,26.489578065973838,-1.9710153098498306,1,synthetic,Marche inclinée synthétique,generated_incline_walk.csv
12.16,-0.38211822413374974,25.35293825932511,-2.324434932858251,1,synthetic,Marche inclinée synthétique,generated_incline_walk.csv
12.18,3.253126473816094,24.553891963216554,-2.7923769174317843,1,synthetic,Marche inclinée synthétique,generated_incline_walk.csv
12.2,5.261168009257095,22.472845199964844,-3.74320436472526,1,synthetic,Marche inclinée synthétique,generated_incline_walk.csv
12.22,8.20603775549883,21.129462709610305,-3.992841771872075,1,synthetic,Marche inclinée synthétique,generated_incline_walk.csv
12.24,10.100445477460818,17.955833034169597,-3.1545479561861125,1,synthetic,Marche inclinée synthétique,generated_incline_walk.csv
12.26,10.616087456036526,16.156080544565523,-3.2591924120241065,1,synthetic,Marche inclinée synthétique,generated_incline_walk.csv
12.28,11.460498947521387,13.85823198715515,-3.3453560131576277,1,synthetic,Marche inclinée synthétique,generated_incline_walk.csv
12.3,10.310437602581526,12.720344916562622,-3.0425359755574086,1,synthetic,Marche inclinée synthétique,generated_incline_walk.csv
12.32,9.271001525002411,11.948385997443703,-1.6428288851809925,1,synthetic,Marche inclinée synthétique,generated_incline_walk.csv
12.34,7.851394931922495,11.135367358506654,-0.41550091847714143,1,synthetic,Marche inclinée synthétique,generated_incline_walk.csv
12.36,7.097844314337322,11.193990097812216,0.5724565858362336,1,synthetic,Marche inclinée synthétique,generated_incline_walk.csv
12.38,6.1553604666620405,11.843402994679089,1.5390211289138294,1,synthetic,Marche inclinée synthétique,generated_incline_walk.csv
12.4,6.110247887413683,10.997581468902748,3.3567851055630706,1,synthetic,Marche inclinée synthétique,generated_incline_walk.csv
12.42,6.834544519676875,10.841218912601153,2.8862732620997034,1,synthetic,Marche inclinée synthétique,generated_incline_walk.csv
12.44,7.264599964867405,11.489917261146347,3.320358120712358,1,synthetic,Marche inclinée synthétique,generated_incline_walk.csv
12.46,7.485008190242152,11.078119122070692,3.975847541278155,1,synthetic,Marche inclinée synthétique,generated_incline_walk.csv
12.48,7.418970912045223,11.475171172753535,3.9224219837351617,1,synthetic,Marche inclinée synthétique,generated_incline_walk.csv
12.5,7.8377985613689445,11.851636775327494,3.7659490219433667,1,synthetic,Marche inclinée synthétique,generated_incline_walk.csv
12.52,7.268379328347499,11.958709446389346,3.743725901241886,1,synthetic,Marche inclinée synthétique,generated_incline_walk.csv
12.54,7.306679212578195,12.153429150408304,3.1970009532356465,1,synthetic,Marche inclinée synthétique,generated_incline_walk.csv
12.56,7.039184977857628,11.98642367720748,3.4351190596918646,1,synthetic,Marche inclinée synthétique,generated_incline_walk.csv
12.58,7.053598714787081,11.850593270939443,3.486431880660013,1,synthetic,Marche inclinée synthétique,generated_incline_walk.csv
12.6,7.477694718266599,11.856919481144594,3.4948941263980142,1,synthetic,Marche inclinée synthétique,generated_incline_walk.csv
12.62,7.22449399840932,11.824121302028463,3.1744699791840736,1,synthetic,Marche inclinée synthétique,generated_incline_walk.csv
12.64,6.279972243783092,11.771444879218746,3.569773032593135,1,synthetic,Marche inclinée synthétique,generated_incline_walk.csv
12.66,7.3129474112948705,12.512339411153784,2.735422968274518,1,synthetic,Marche inclinée synthétique,generated_incline_walk.csv
12.68,6.237726205516123,11.86582293864194,1.6668805803975222,1,synthetic,Marche inclinée synthétique,generated_incline_walk.csv
12.7,6.5510978006630385,12.466200327537006,1.4437767135862327,1,synthetic,Marche inclinée synthétique,generated_incline_walk.csv
12.72,6.762277310297159,12.045817160444493,1.297374548084789,1,synthetic,Marche inclinée synthétique,generated_incline_walk.csv
12.74,6.249184014993162,12.620772082831266,1.1865446002332385,1,synthetic,Marche inclinée synthétique,generated_incline_walk.csv
12.76,5.986884030907845,11.59893561886811,1.1582931300777917,1,synthetic,Marche inclinée synthétique,generated_incline_walk.csv
12.78,5.59093978428682,12.701228399230638,0.6442007303376929,1,synthetic,Marche inclinée synthétique,generated_incline_walk.csv
12.8,4.743204328061279,12.615071133169804,1.4903328318038425,1,synthetic,Marche inclinée synthétique,generated_incline_walk.csv
12.82,3.3995226626545314,13.328161532722289,1.1235541771374795,1,synthetic,Marche inclinée synthétique,generated_incline_walk.csv
12.84,2.7588765041111847,13.256161925079873,0.7979588778645257,1,synthetic,Marche inclinée synthétique,generated_incline_walk.csv
12.86,0.9149814828276399,12.475595430483878,0.21233293094280528,1,synthetic,Marche inclinée synthétique,generated_incline_walk.csv
12.88,-1.64857098822946,12.480880032324961,-0.18141857263931135,1,synthetic,Marche inclinée synthétique,generated_incline_walk.csv
12.9,-3.955176232282287,12.789513275021495,-1.032553605240201,1,synthetic,Marche inclinée synthétique,generated_incline_walk.csv
12.92,-8.006714493445985,13.282662036058063,-2.449502751895727,1,synthetic,Marche inclinée synthétique,generated_incline_walk.csv
12.94,-14.180024512442905,15.126545994084589,-3.193292581758727,1,synthetic,Marche inclinée synthétique,generated_incline_walk.csv
12.96,-21.35497574553924,18.582868526869017,-4.542832599054373,1,synthetic,Marche inclinée synthétique,generated_incline_walk.csv
12.98,-28.519633845103186,21.936293087766778,-6.020490190094136,1,synthetic,Marche inclinée synthétique,generated_incline_walk.csv
13.0,-35.04860184142575,26.948408176349716,-6.093089474364602,1,synthetic,Marche inclinée synthétique,generated_incline_walk.csv
13.02,-39.450961528306536,30.04361356865086,-3.5107719731844216,1,synthetic,Marche inclinée synthétique,generated_incline_walk.csv
13.04,-42.63186111014026,31.98371131583842,-1.8327099180576327,1,synthetic,Marche inclinée synthétique,generated_incline_walk.csv
13.06,-43.00189965541779,34.05911729895143,0.8853599415813121,1,synthetic,Marche inclinée synthétique,generated_incline_walk.csv
13.08,-42.506718428435185,33.900502517128636,3.0129117640379306,1,synthetic,Marche inclinée synthétique,generated_incline_walk.csv
13.1,-40.78401475732832,33.47039728196184,4.645207656336483,1,synthetic,Marche inclinée synthétique,generated_incline_walk.csv
13.12,-38.35186473434093,31.483378179562475,3.4837086273891003,1,synthetic,Marche inclinée synthétique,generated_incline_walk.csv
13.14,-35.48526049288433,28.783867708075814,3.7509788211105146,1,synthetic,Marche inclinée synthétique,generated_incline_walk.csv
13.16,-31.330017571303863,27.51237814833187,1.9987331602550027,1,synthetic,Marche inclinée synthétique,generated_incline_walk.csv
13.18,-28.048584891616994,26.062078404547034,2.297809368785,1,synthetic,Marche inclinée synthétique,generated_incline_walk.csv
13.2,-23.328040337982728,25.16666140964398,1.237001043475923,1,synthetic,Marche inclinée synthétique,generated_incline_walk.csv
13.22,-18.85089477835089,24.80356218457546,0.10075697017396312,1,synthetic,Marche inclinée synthétique,generated_incline_walk.csv
13.24,-14.86768018922442,23.843320299803715,0.007461385625404718,1,synthetic,Marche inclinée synthétique,generated_incline_walk.csv
13.26,-10.678308415367933,23.37232372894104,-1.0679680847914668,1,synthetic,Marche inclinée synthétique,generated_incline_walk.csv
13.28,-5.666612735314504,22.983752351447144,-2.7671302219842167,1,synthetic,Marche inclinée synthétique,generated_incline_walk.csv
13.3,-1.3973186947688137,21.7570553460874,-3.4123504007690215,1,synthetic,Marche inclinée synthétique,generated_incline_walk.csv
13.32,2.8156314305004733,20.448060534558685,-4.582827231176863,1,synthetic,Marche inclinée synthétique,generated_incline_walk.csv
13.34,6.5324780212906495,18.22416465653142,-5.2070366833821975,1,synthetic,Marche inclinée synthétique,generated_incline_walk.csv
13.36,10.049583210717422,16.9061806533533,-6.193776348081536,1,synthetic,Marche inclinée synthétique,generated_incline_walk.csv
13.38,13.077842008455193,14.211836945136776,-6.1489125614904,1,synthetic,Marche inclinée synthétique,generated_incline_walk.csv
13.4,14.871602938313874,12.972429715788499,-6.63843909856285,1,synthetic,Marche inclinée synthétique,generated_incline_walk.csv
13.42,15.688250392536446,12.970189198057362,-7.4778142848791305,1,synthetic,Marche inclinée synthétique,generated_incline_walk.csv
13.44,16.729097735436905,12.736995424517158,-9.467719779452004,1,synthetic,Marche inclinée synthétique,generated_incline_walk.csv
13.46,16.43832441582871,12.906441961101999,-10.585804343261772,1,synthetic,Marche inclinée synthétique,generated_incline_walk.csv
13.48,15.5379701606579,12.31664163258397,-9.57836211192725,1,synthetic,Marche inclinée synthétique,generated_incline_walk.csv
13.5,13.753717595837118,12.001663738700762,-9.413794508692247,1,synthetic,Marche inclinée synthétique,generated_incline_walk.csv
13.52,11.143815589429442,11.997873451387925,-8.231119835710537,1,synthetic,Marche inclinée synthétique,generated_incline_walk.csv
13.54,9.189348679479206,11.807543606944469,-5.878467535692904,1,synthetic,Marche inclinée synthétique,generated_incline_walk.csv
13.56,7.838791611365748,11.720951990515953,-4.713490923003127,1,synthetic,Marche inclinée synthétique,generated_incline_walk.csv
13.58,5.812842188901856,11.48570011670658,-5.120348186940143,1,synthetic,Marche inclinée synthétique,generated_incline_walk.csv
13.6,6.466222279871571,12.030598884672049,-3.995304395854998,1,synthetic,Marche inclinée synthétique,generated_incline_walk.csv
13.62,6.265339312469817,11.052612744105732,-2.6184585618952263,1,synthetic,Marche inclinée synthétique,generated_incline_walk.csv
13.64,6.798968953378449,10.219849114856688,-2.2976260791780074,1,synthetic,Marche inclinée synthétique,generated_incline_walk.csv
13.66,6.521890820179872,10.653912724040017,-2.2411781358435614,1,synthetic,Marche inclinée synthétique,generated_incline_walk.csv
13.68,6.524013879712977,9.896318358774504,-1.4233240274992722,1,synthetic,Marche inclinée synthétique,generated_incline_walk.csv
13.7,6.525181218182216,10.336836573414894,-1.4496849973969692,1,synthetic,Marche inclinée synthétique,generated_incline_walk.csv
13.72,6.076895020226299,10.136785008310554,-1.1100306294919076,1,synthetic,Marche inclinée synthétique,generated_incline_walk.csv
13.74,6.40477039311046,10.383304902701596,0.3922919917659097,1,synthetic,Marche inclinée synthétique,generated_incline_walk.csv
13.76,6.388178600229101,10.064578459118586,-0.10314385440816132,1,synthetic,Marche inclinée synthétique,generated_incline_walk.csv
13.78,6.488229136266418,10.612456697690517,-0.7915605241948764,1,synthetic,Marche inclinée synthétique,generated_incline_walk.csv
13.8,6.105898155256616,10.402298622473959,-0.4321352962747324,1,synthetic,Marche inclinée synthétique,generated_incline_walk.csv
13.82,5.960326984683198,10.533422455914856,-0.61379066047801,1,synthetic,Marche inclinée synthétique,generated_incline_walk.csv
13.84,5.65353211791242,10.352672623547669,-1.660853792418031,1,synthetic,Marche inclinée synthétique,generated_incline_walk.csv
13.86,4.9967546425186615,11.136979404465254,-1.596508087852839,1,synthetic,Marche inclinée synthétique,generated_incline_walk.csv
13.88,4.8358806130029395,11.92838046242872,-1.7232658969249133,1,synthetic,Marche inclinée synthétique,generated_incline_walk.csv
13.9,4.248553080887641,11.536513192309599,-1.7241790304466866,1,synthetic,Marche inclinée synthétique,generated_incline_walk.csv
13.92,3.403564915863974,11.925090377627448,-2.0329348232119626,1,synthetic,Marche inclinée synthétique,generated_incline_walk.csv
13.94,2.7246430767498904,11.953702857703522,-2.8464677734743575,1,synthetic,Marche inclinée synthétique,generated_incline_walk.csv
13.96,2.6881039923182133,12.459067422556211,-3.059486143700763,1,synthetic,Marche inclinée synthétique,generated_incline_walk.csv
13.98,2.0137859664609254,12.595166334299737,-3.3782837707203623,1,synthetic,Marche inclinée synthétique,generated_incline_walk.csv
14.0,0.9709189333289461,12.552072177493441,-3.5439725009354266,1,synthetic,Marche inclinée synthétique,generated_incline_walk.csv
14.02,-1.0138969261075252,12.857578865427037,-3.8791375955668084,1,synthetic,Marche inclinée synthétique,generated_incline_walk.csv
14.04,-2.033851419825699,13.042156755397734,-5.204728910771862,1,synthetic,Marche inclinée synthétique,generated_incline_walk.csv
14.06,-4.35065442151739,13.43159994692558,-5.969508264426632,1,synthetic,Marche inclinée synthétique,generated_incline_walk.csv
14.08,-8.278139040139624,13.676202305628044,-7.436522898324578,1,synthetic,Marche inclinée synthétique,generated_incline_walk.csv
14.1,-12.28908668950683,15.046869927713633,-9.270704829353038,1,synthetic,Marche inclinée synthétique,generated_incline_walk.csv
14.12,-17.760867023750244,17.30759108409366,-11.188046395108872,1,synthetic,Marche inclinée synthétique,generated_incline_walk.csv
14.14,-25.856769453427898,20.026308614387215,-12.61164043325942,1,synthetic,Marche inclinée synthétique,generated_incline_walk.csv
14.16,-34.697714102552865,23.890036770917863,-14.658731470086137,1,synthetic,Marche inclinée synthétique,generated_incline_walk.csv
14.18,-43.845697555403206,26.678705926693684,-15.980631781608988,1,synthetic,Marche inclinée synthétique,generated_incline_walk.csv
14.2,-49.05923337411056,29.084131574470668,-16.289848092257454,1,synthetic,Marche inclinée synthétique,generated_incline_walk.csv
14.22,-51.803712721008914,31.24407761240353,-13.429506000152927,1,synthetic,Marche inclinée synthétique,generated_incline_walk.csv
14.24,-53.86701163350115,33.0553151147537,-9.394912211109839,1,synthetic,Marche inclinée synthétique,generated_incline_walk.csv
14.26,-52.54963362434461,32.65794275858414,-5.571781691682429,1,synthetic,Marche inclinée synthétique,generated_incline_walk.csv
14.28,-49.32230623577697,33.3781917196762,-1.4026683916313623,1,synthetic,Marche inclinée synthétique,generated_incline_walk.csv
14.3,-47.39503018320052,32.34759431151181,2.275534527157042,1,synthetic,Marche inclinée synthétique,generated_incline_walk.csv
14.32,-43.902891737514004,31.54943477790359,3.8327349139267866,1,synthetic,Marche inclinée synthétique,generated_incline_walk.csv
14.34,-39.62538865092818,29.45668507880771,4.621281615563685,1,synthetic,Marche inclinée synthétique,generated_incline_walk.csv
14.36,-34.4007286715787,27.68684208329487,4.727931031156145,1,synthetic,Marche inclinée synthétique,generated_incline_walk.csv
14.38,-29.366172588426913,26.655114080979075,4.115362524527194,1,synthetic,Marche inclinée synthétique,generated_incline_walk.csv
14.4,-23.929538496793164,25.940343721533182,2.8654456573937788,1,synthetic,Marche inclinée synthétique,generated_incline_walk.csv
14.42,-18.64314429718246,25.04361408286745,1.7183356282880589,1,synthetic,Marche inclinée synthétique,generated_incline_walk.csv
14.44,-12.450125210892509,22.627344788540206,0.1238154193072929,1,synthetic,Marche inclinée synthétique,generated_incline_walk.csv
14.46,-7.291567729132395,22.49988601782566,-1.0287609481955902,1,synthetic,Marche inclinée synthétique,generated_incline_walk.csv
14.48,-1.7386542296870693,20.968367453529215,-2.2829053148325684,1,synthetic,Marche inclinée synthétique,generated_incline_walk.csv
14.5,2.5070475516082027,19.09498835148877,-3.82988018844411,1,synthetic,Marche inclinée synthétique,generated_incline_walk.csv
14.52,6.838843254457608,17.164458513646135,-5.081917681591312,1,synthetic,Marche inclinée synthétique,generated_incline_walk.csv
14.54,10.503425976334567,15.462664715238551,-6.7049679431377855,1,synthetic,Marche inclinée synthétique,generated_incline_walk.csv
14.56,13.434032910219049,14.771429020363831,-7.292114865477878,1,synthetic,Marche inclinée synthétique,generated_incline_walk.csv
14.58,14.474627265586781,14.676060796916143,-9.407468923276049,1,synthetic,Marche inclinée synthétique,generated_incline_walk.csv
14.6,15.813521644863275,14.133893483526556,-9.988211752758685,1,synthetic,Marche inclinée synthétique,generated_incline_walk.csv
14.62,14.637507576272688,14.769569154335713,-10.283219206287477,1,synthetic,Marche inclinée synthétique,generated_incline_walk.csv
14.64,12.085097111771187,14.326281184578677,-7.793679119970591,1,synthetic,Marche inclinée synthétique,generated_incline_walk.csv
14.66,9.404026552933354,13.967403736193571,-5.574913633752484,1,synthetic,Marche inclinée synthétique,generated_incline_walk.csv
14.68,7.920068422598537,14.023210929256265,-3.2915078589631266,1,synthetic,Marche inclinée synthétique,generated_incline_walk.csv
14.7,5.695252654950543,12.611074330867797,-1.1582528136837167,1,synthetic,Marche inclinée synthétique,generated_incline_walk.csv
14.72,4.8472948812000505,12.146931305681681,0.9383384011481833,1,synthetic,Marche inclinée synthétique,generated_incline_walk.csv
14.74,6.309889474223451,12.519402312001157,1.6971019719259168,1,synthetic,Marche inclinée synthétique,generated_incline_walk.csv
14.76,6.301011123430238,12.186699527538192,2.358415749619948,1,synthetic,Marche inclinée synthétique,generated_incline_walk.csv
14.78,6.865800985259398,12.813667265633855,3.1155541572296808,1,synthetic,Marche inclinée synthétique,generated_incline_walk.csv
14.8,6.395044396908211,12.020842896585647,3.613133348342763,1,synthetic,Marche inclinée synthétique,generated_incline_walk.csv
14.82,6.746475886864884,12.144270809367663,3.4406963168832285,1,synthetic,Marche inclinée synthétique,generated_incline_walk.csv
14.84,6.255459887564855,12.744611799008057,3.1223703704174275,1,synthetic,Marche inclinée synthétique,generated_incline_walk.csv
14.86,5.929734548855902,12.91339173401415,3.7353541756020765,1,synthetic,Marche inclinée synthétique,generated_incline_walk.csv
14.88,6.739073788611452,12.389059910026411,3.405941654825444,1,synthetic,Marche inclinée synthétique,generated_incline_walk.csv
14.9,6.143972977580063,13.166660942012312,3.9275858470468097,1,synthetic,Marche inclinée synthétique,generated_incline_walk.csv
14.92,6.3064906105343015,12.225013864334056,3.962506205009525,1,synthetic,Marche inclinée synthétique,generated_incline_walk.csv
14.94,5.886078768875671,13.129514223252759,3.434843295633036,1,synthetic,Marche inclinée synthétique,generated_incline_walk.csv
14.96,5.073498581338952,12.579484715126025,4.453318404030037,1,synthetic,Marche inclinée synthétique,generated_incline_walk.csv
14.98,5.440443367882878,12.7518792673342,4.8167668170912945,1,synthetic,Marche inclinée synthétique,generated_incline_walk.csv
15.0,5.3262638435711285,13.529737917512938,4.280802542126819,1,synthetic,Marche inclinée synthétique,generated_incline_walk.csv
15.02,5.009171281333575,13.113877086231813,4.765711282055296,1,synthetic,Marche inclinée synthétique,generated_incline_walk.csv
15.04,4.6584140806372245,13.121084668099531,4.900822265711634,1,synthetic,Marche inclinée synthétique,generated_incline_walk.csv
15.06,3.7059274531402524,13.567863044493294,4.902121347635829,1,synthetic,Marche inclinée synthétique,generated_incline_walk.csv
15.08,2.877933699964025,14.180825878642295,5.110555107659143,1,synthetic,Marche inclinée synthétique,generated_incline_walk.csv
15.1,2.0695443442136994,13.606885506100026,5.72615330596278,1,synthetic,Marche inclinée synthétique,generated_incline_walk.csv
15.12,0.7072024440556002,13.17084856905601,5.289927388325387,1,synthetic,Marche inclinée synthétique,generated_incline_walk.csv
15.14,-0.012104508752316973,13.115933987540771,5.154224425853858,1,synthetic,Marche inclinée synthétique,generated_incline_walk.csv
15.16,-1.605193999470217,12.233061523124277,5.155476809451448,1,synthetic,Marche inclinée synthétique,generated_incline_walk.csv
15.18,-3.915112811324703,11.958095914766377,4.498486785438173,1,synthetic,Marche inclinée synthétique,generated_incline_walk.csv
15.2,-7.2740072426534,11.706235488268511,3.85376037738791,1,synthetic,Marche inclinée synthétique,generated_incline_walk.csv
15.22,-11.232677811648042,12.267382818483766,2.178200335021373,1,synthetic,Marche inclinée synthétique,generated_incline_walk.csv
15.24,-17.581538120260817,13.17158263027308,0.7856346431688038,1,synthetic,Marche inclinée synthétique,generated_incline_walk.csv
15.26,-24.521396855069963,15.780010521985593,0.5039247221153116,1,synthetic,Marche inclinée synthétique,generated_incline_walk.csv
15.28,-33.967099757540964,19.312325338553826,-1.1547340275257123,1,synthetic,Marche inclinée synthétique,generated_incline_walk.csv
15.3,-41.56261858432706,23.145123743022047,-0.8118538967618494,1,synthetic,Marche inclinée synthétique,generated_incline_walk.csv
15.32,-46.453168103587856,25.396202126310996,0.6031098454889553,1,synthetic,Marche inclinée synthétique,generated_incline_walk.csv
15.34,-50.344893987044365,28.18794922941102,3.1122805088678196,1,synthetic,Marche inclinée synthétique,generated_incline_walk.csv
15.36,-52.213567155878664,29.746496319159704,4.690922562612962,1,synthetic,Marche inclinée synthétique,generated_incline_walk.csv
15.38,-50.77002049450196,30.723790692459737,6.439077582801319,1,synthetic,Marche inclinée synthétique,generated_incline_walk.csv
15.4,-49.422444989805726,29.76280127559133,8.120599181144689,1,synthetic,Marche inclinée synthétique,generated_incline_walk.csv
15.42,-46.22157426914602,28.584959975620805,8.622602381717803,1,synthetic,Marche inclinée synthétique,generated_incline_walk.csv
15.44,-43.22600533065377,27.429980109072602,7.213249267949125,1,synthetic,Marche inclinée synthétique,generated_incline_walk.csv
15.46,-38.683273024910996,25.921521371867673,6.514846948897405,1,synthetic,Marche inclinée synthétique,generated_incline_walk.csv
15.48,-34.18583590164339,24.7967910990169,6.321710280433136,1,synthetic,Marche inclinée synthétique,generated_incline_walk.csv
15.5,-28.78583047488152,25.45923907622405,5.1488452671099445,1,synthetic,Marche inclinée synthétique,generated_incline_walk.csv
15.52,-23.76593713177713,25.354752569157487,3.711050264714713,1,synthetic,Marche inclinée synthétique,generated_incline_walk.csv
15.54,-18.35833841288707,25.530390482837387,2.7536613528182596,1,synthetic,Marche inclinée synthétique,generated_incline_walk.csv
15.56,-13.274641251382107,25.322139887433607,1.6108404325476438,1,synthetic,Marche inclinée synthétique,generated_incline_walk.csv
15.58,-7.6525754400911445,24.916358985884344,-0.2455930208914536,1,synthetic,Marche inclinée synthétique,generated_incline_walk.csv
15.6,-3.163136568155095,24.34728674860231,-1.6322178959922875,1,synthetic,Marche inclinée synthétique,generated_incline_walk.csv
15.62,2.1204410531757896,22.22753093882546,-2.2655803259747134,1,synthetic,Marche inclinée synthétique,generated_incline_walk.csv
15.64,6.074464623845336,20.531073577877994,-3.5031323206194354,1,synthetic,Marche inclinée synthétique,generated_incline_walk.csv
15.66,9.892149341703865,17.810696518581572,-3.767975111682342,1,synthetic,Marche inclinée synthétique,generated_incline_walk.csv
15.68,12.93369075242488,16.329270966969602,-4.266604092765916,1,synthetic,Marche inclinée synthétique,generated_incline_walk.csv
15.7,15.097421882263697,14.813454458239681,-4.650916961775074,1,synthetic,Marche inclinée synthétique,generated_incline_walk.csv
15.72,16.003931849099857,14.173696839985762,-4.851200647928387,1,synthetic,Marche inclinée synthétique,generated_incline_walk.csv
15.74,15.588602150396557,14.760364803643844,-5.7249024892589215,1,synthetic,Marche inclinée synthétique,generated_incline_walk.csv
15.76,13.399663354095852,14.940718601569385,-5.711649897648114,1,synthetic,Marche inclinée synthétique,generated_incline_walk.csv
15.78,11.713910490254557,15.027676784972407,-5.175796484671102,1,synthetic,Marche inclinée synthétique,generated_incline_walk.csv
15.8,8.646504542945523,15.167557211777916,-4.3436660072837014,1,synthetic,Marche inclinée synthétique,generated_incline_walk.csv
15.82,7.19578929320024,14.97967961952933,-3.266445315198654,1,synthetic,Marche inclinée synthétique,generated_incline_walk.csv
15.84,5.972819806284877,14.467328424010237,-1.9207729382738599,1,synthetic,Marche inclinée synthétique,generated_incline_walk.csv
15.86,5.717462180929633,13.76863946383112,-0.005668720639675495,1,synthetic,Marche inclinée synthétique,generated_incline_walk.csv
15.88,6.66667041791661,13.700735436369111,-0.7241858308123401,1,synthetic,Marche inclinée synthétique,generated_incline_walk.csv
15.9,6.713238856306943,13.648279822378639,0.1369694484114602,1,synthetic,Marche inclinée synthétique,generated_incline_walk.csv
15.92,7.013522353322653,13.712712966323137,0.12709400160307366,1,synthetic,Marche inclinée synthétique,generated_incline_walk.csv
15.94,6.674910854172026,13.40244826481516,0.8526560762067026,1,synthetic,Marche inclinée synthétique,generated_incline_walk.csv
15.96,6.985143390668298,14.123331850044174,0.7305730868261525,1,synthetic,Marche inclinée synthétique,generated_incline_walk.csv
15.98,6.668551952898384,14.222298385070703,1.1147934772239003,1,synthetic,Marche inclinée synthétique,generated_incline_walk.csv
16.0,6.581184993363887,14.442470986700778,1.461563461737228,1,synthetic,Marche inclinée synthétique,generated_incline_walk.csv
16.02,6.674351830787492,14.047244170677098,1.6390453454580636,1,synthetic,Marche inclinée synthétique,generated_incline_walk.csv
16.04,6.620688277193834,14.148322980427796,1.7276658751670189,1,synthetic,Marche inclinée synthétique,generated_incline_walk.csv
16.06,6.651279938165471,14.678776853407605,1.8736624928083292,1,synthetic,Marche inclinée synthétique,generated_incline_walk.csv
16.080000000000002,6.363470904208128,14.225181775390745,1.8348372674269715,1,synthetic,Marche inclinée synthétique,generated_incline_walk.csv
16.1,5.96019038060953,14.569585133917453,1.490075442346088,1,synthetic,Marche inclinée synthétique,generated_incline_walk.csv
16.12,6.264769291288451,14.215696616441194,1.350892231704712,1,synthetic,Marche inclinée synthétique,generated_incline_walk.csv
16.14,5.522449766083167,14.05878756145531,1.1434087307795486,1,synthetic,Marche inclinée synthétique,generated_incline_walk.csv
16.16,6.1500703125315095,14.003764172925038,0.7419811361751315,1,synthetic,Marche inclinée synthétique,generated_incline_walk.csv
16.18,5.860039914183449,14.320779738857237,0.526349303567877,1,synthetic,Marche inclinée synthétique,generated_incline_walk.csv
16.2,6.129327554911711,14.468480928566802,0.8130175839965328,1,synthetic,Marche inclinée synthétique,generated_incline_walk.csv
16.22,4.742795398571127,14.399220593085845,-0.30217022955013473,1,synthetic,Marche inclinée synthétique,generated_incline_walk.csv
16.240000000000002,5.65078162112903,15.362332578434405,0.33823561054200646,1,synthetic,Marche inclinée synthétique,generated_incline_walk.csv
16.26,4.256040878687754,15.10637380911716,-0.6330246164144937,1,synthetic,Marche inclinée synthétique,generated_incline_walk.csv
16.28,2.9603460408940356,14.947070438157665,-0.6009061066657403,1,synthetic,Marche inclinée synthétique,generated_incline_walk.csv
16.3,2.274966068435682,15.680787799459834,-1.129123961469352,1,synthetic,Marche inclinée synthétique,generated_incline_walk.csv
16.32,0.612251974732278,15.392918088962587,-1.5620193921052332,1,synthetic,Marche inclinée synthétique,generated_incline_walk.csv
16.34,-1.6883554849163847,14.77718920988745,-1.8741908434073604,1,synthetic,Marche inclinée synthétique,generated_incline_walk.csv
16.36,-4.29872651127581,14.588703126498384,-2.220530001622044,1,synthetic,Marche inclinée synthétique,generated_incline_walk.csv
16.38,-9.59586512096619,15.1107221824875,-3.754613282602064,1,synthetic,Marche inclinée synthétique,generated_incline_walk.csv
16.4,-15.250733844940104,16.50716350145493,-5.080996174550476,1,synthetic,Marche inclinée synthétique,generated_incline_walk.csv
16.42,-23.007834137450946,17.81794115249327,-6.707152430437471,1,synthetic,Marche inclinée synthétique,generated_incline_walk.csv
16.44,-32.93623920257504,21.372673170486447,-7.581302951879538,1,synthetic,Marche inclinée synthétique,generated_incline_walk.csv
16.46,-42.61843649000826,23.88388764640397,-8.808206218311634,1,synthetic,Marche inclinée synthétique,generated_incline_walk.csv
16.48,-49.92772740330153,25.286697497716514,-8.784572494460857,1,synthetic,Marche inclinée synthétique,generated_incline_walk.csv
16.5,-54.70714928531591,25.247300670694706,-7.316064979449347,1,synthetic,Marche inclinée synthétique,generated_incline_walk.csv
16.52,-56.98934042240308,25.869680468728994,-5.1364295270197395,1,synthetic,Marche inclinée synthétique,generated_incline_walk.csv
16.54,-57.25151450343392,25.49251378265694,-0.7153490387483297,1,synthetic,Marche inclinée synthétique,generated_incline_walk.csv
16.56,-55.02005573535824,24.634895797597892,2.187960415297631,1,synthetic,Marche inclinée synthétique,generated_incline_walk.csv
16.580000000000002,-52.80907306706249,24.114036203499598,5.532566368754417,1,synthetic,Marche inclinée synthétique,generated_incline_walk.csv
16.6,-50.08068953855507,24.712132488134895,7.510700805523518,1,synthetic,Marche inclinée synthétique,generated_incline_walk.csv
16.62,-46.42833442050439,22.651148616336265,7.565311801279247,1,synthetic,Marche inclinée synthétique,generated_incline_walk.csv
16.64,-40.36549794697563,21.99230423184323,7.357150001464525,1,synthetic,Marche inclinée synthétique,generated_incline_walk.csv
16.66,-35.36435480969027,21.462777084934995,6.241233756571404,1,synthetic,Marche inclinée synthétique,generated_incline_walk.csv
16.68,-29.525214418892737,21.154605141730663,6.092594738238636,1,synthetic,Marche inclinée synthétique,generated_incline_walk.csv
16.7,-24.786211519340913,21.572882251778605,4.804668985141398,1,synthetic,Marche inclinée synthétique,generated_incline_walk.csv
16.72,-18.339453422736195,20.945691246777272,3.1353093641261864,1,synthetic,Marche inclinée synthétique,generated_incline_walk.csv
16.740000000000002,-12.947062874147928,21.3736918112488,1.6903167677440358,1,synthetic,Marche inclinée synthétique,generated_incline_walk.csv
16.76,-6.599710233532042,21.220910735052165,-0.6907549819182995,1,synthetic,Marche inclinée synthétique,generated_incline_walk.csv
16.78,-1.4804576044382283,19.913794364701833,-1.9793786912910276,1,synthetic,Marche inclinée synthétique,generated_incline_walk.csv
16.8,2.6567783855534426,18.12356318125158,-2.602509061637452,1,synthetic,Marche inclinée synthétique,generated_incline_walk.csv
16.82,7.60187788333639,16.845116130750398,-2.868601070789136,1,synthetic,Marche inclinée synthétique,generated_incline_walk.csv
16.84,10.933680796543639,15.200729445438924,-3.208863735052869,1,synthetic,Marche inclinée synthétique,generated_incline_walk.csv
16.86,12.994362110093132,13.352866712316722,-3.4010477080393837,1,synthetic,Marche inclinée synthétique,generated_incline_walk.csv
16.88,14.55786386456526,12.88521576802933,-3.1711740497796934,1,synthetic,Marche inclinée synthétique,generated_incline_walk.csv
16.9,15.407553128210404,11.643278687206639,-3.1013153799529936,1,synthetic,Marche inclinée synthétique,generated_incline_walk.csv
16.92,15.514844040690987,11.176522614565533,-4.017661852845124,1,synthetic,Marche inclinée synthétique,generated_incline_walk.csv
16.94,12.712179202699284,10.57808215892705,-3.163336358913019,1,synthetic,Marche inclinée synthétique,generated_incline_walk.csv
16.96,9.643367042901234,9.965221427429498,-2.2745026606499463,1,synthetic,Marche inclinée synthétique,generated_incline_walk.csv
16.98,8.430161362684522,9.711768691645638,-1.2782439021796481,1,synthetic,Marche inclinée synthétique,generated_incline_walk.csv
17.0,6.806730173629682,9.04749976685507,0.9019320268927009,1,synthetic,Marche inclinée synthétique,generated_incline_walk.csv
17.02,4.558923193549399,8.427903628275644,1.5881471002900573,1,synthetic,Marche inclinée synthétique,generated_incline_walk.csv
17.04,5.569969829982347,8.866157951772102,2.5786793129677728,1,synthetic,Marche inclinée synthétique,generated_incline_walk.csv
17.06,7.179166310630663,8.583142767298584,3.1134570365898315,1,synthetic,Marche inclinée synthétique,generated_incline_walk.csv
17.080000000000002,6.237283068547933,8.878028279754181,3.0269653106938614,1,synthetic,Marche inclinée synthétique,generated_incline_walk.csv
17.1,7.26694146727252,8.551233942459683,2.5904828586176394,1,synthetic,Marche inclinée synthétique,generated_incline_walk.csv
17.12,7.338746880367209,8.720813107946208,2.1056867387812783,1,synthetic,Marche inclinée synthétique,generated_incline_walk.csv
17.14,6.909414254676953,8.895195714788333,2.0647869265459664,1,synthetic,Marche inclinée synthétique,generated_incline_walk.csv
17.16,7.329722700084353,9.015938390989865,1.5896174088148427,1,synthetic,Marche inclinée synthétique,generated_incline_walk.csv
17.18,6.447171826889492,8.347263020091201,1.3788067916948379,1,synthetic,Marche inclinée synthétique,generated_incline_walk.csv
17.2,6.2943481748547105,8.738405352345612,1.2816366829495751,1,synthetic,Marche inclinée synthétique,generated_incline_walk.csv
17.22,6.315017248041329,9.228116354965788,1.419639682146218,1,synthetic,Marche inclinée synthétique,generated_incline_walk.csv
17.240000000000002,6.190694242610851,9.378815097248077,1.344581958499686,1,synthetic,Marche inclinée synthétique,generated_incline_walk.csv
17.26,6.882926537376677,9.29539319166156,1.0192942901694142,1,synthetic,Marche inclinée synthétique,generated_incline_walk.csv
17.28,6.259415805436692,9.426826169515806,1.894657829534646,1,synthetic,Marche inclinée synthétique,generated_incline_walk.csv
17.3,6.108721293547803,9.832107274029186,0.8163339027941461,1,synthetic,Marche inclinée synthétique,generated_incline_walk.csv
17.32,6.0706714128707935,9.484822309065525,0.69959842412859,1,synthetic,Marche inclinée synthétique,generated_incline_walk.csv
17.34,6.19701232862715,9.497892047381479,0.05507362997728267,1,synthetic,Marche inclinée synthétique,generated_incline_walk.csv
17.36,5.459950542496159,10.325964931711741,0.5518330713568521,1,synthetic,Marche inclinée synthétique,generated_incline_walk.csv
17.38,4.816514996320271,10.264811827422074,-1.413041173008601,1,synthetic,Marche inclinée synthétique,generated_incline_walk.csv
17.400000000000002,4.4159083846175715,10.2402059400566,-1.290686416715267,1,synthetic,Marche inclinée synthétique,generated_incline_walk.csv
17.42,3.8850608442983123,10.269425724018465,-1.5655213442340161,1,synthetic,Marche inclinée synthétique,generated_incline_walk.csv
17.44,2.4286662600392153,11.108707648807561,-1.7049767471708421,1,synthetic,Marche inclinée synthétique,generated_incline_walk.csv
17.46,1.548957644769585,10.65248987257394,-2.5669945307231345,1,synthetic,Marche inclinée synthétique,generated_incline_walk.csv
17.48,-0.4855259641111137,10.50275006875885,-3.3486379805746274,1,synthetic,Marche inclinée synthétique,generated_incline_walk.csv
17.5,-2.8539109533694402,11.096101983918253,-3.1819268878157203,1,synthetic,Marche inclinée synthétique,generated_incline_walk.csv
17.52,-5.635617156769342,10.388587985516788,-4.217436515565774,1,synthetic,Marche inclinée synthétique,generated_incline_walk.csv
17.54,-9.307408253740256,11.169614552100235,-5.397472147147189,1,synthetic,Marche inclinée synthétique,generated_incline_walk.csv
17.56,-15.408895353775529,12.515113914695192,-6.547924114384603,1,synthetic,Marche inclinée synthétique,generated_incline_walk.csv
17.580000000000002,-21.794352820420734,14.16783468870982,-7.784198136817645,1,synthetic,Marche inclinée synthétique,generated_incline_walk.csv
17.6,-30.901950696196696,16.975076435939588,-9.11705221746557,1,synthetic,Marche inclinée synthétique,generated_incline_walk.csv
17.62,-40.22919753475048,20.778479050174873,-10.67540352932473,1,synthetic,Marche inclinée synthétique,generated_incline_walk.csv
17.64,-47.224305935025484,22.59211408622238,-10.09195738300489,1,synthetic,Marche inclinée synthétique,generated_incline_walk.csv
17.66,-51.16871849061482,24.59283172489949,-8.569423226420943,1,synthetic,Marche inclinée synthétique,generated_incline_walk.csv
17.68,-54.47431229177573,26.780086379890566,-5.446825847139034,1,synthetic,Marche inclinée synthétique,generated_incline_walk.csv
17.7,-55.34827890595066,27.21425071841599,-1.663221178845482,1,synthetic,Marche inclinée synthétique,generated_incline_walk.csv
17.72,-53.486883983284194,27.309079548561634,1.8653182691552863,1,synthetic,Marche inclinée synthétique,generated_incline_walk.csv
17.740000000000002,-51.91531610879322,26.467128749684502,5.699225055965622,1,synthetic,Marche inclinée synthétique,generated_incline_walk.csv
17.76,-50.055278294048435,25.848559407381373,7.009161052191527,1,synthetic,Marche inclinée synthétique,generated_incline_walk.csv
17.78,-46.3189400016114,24.0184097387375,6.931521722896653,1,synthetic,Marche inclinée synthétique,generated_incline_walk.csv
17.8,-40.80182330401711,22.478452093773623,6.650237217339032,1,synthetic,Marche inclinée synthétique,generated_incline_walk.csv
17.82,-35.57367101282193,21.26462281324471,6.169536720755006,1,synthetic,Marche inclinée synthétique,generated_incline_walk.csv
17.84,-30.484847918534882,21.608551093583227,5.678265701769149,1,synthetic,Marche inclinée synthétique,generated_incline_walk.csv
17.86,-24.761652121474267,22.34265670899946,5.149847989721523,1,synthetic,Marche inclinée synthétique,generated_incline_walk.csv
17.88,-19.57808968105752,22.695906685012446,3.6277323213035055,1,synthetic,Marche inclinée synthétique,generated_incline_walk.csv
17.900000000000002,-13.913912326186967,22.151178318939486,2.402389555889799,1,synthetic,Marche inclinée synthétique,generated_incline_walk.csv
17.92,-8.198385237892223,22.9302853688003,1.2459887809430255,1,synthetic,Marche inclinée synthétique,generated_incline_walk.csv
17.94,-2.741513187126265,21.692105068552674,-0.42506737861112387,1,synthetic,Marche inclinée synthétique,generated_incline_walk.csv
17.96,1.3517712930234334,20.71494257093391,-1.7095207675700852,1,synthetic,Marche inclinée synthétique,generated_incline_walk.csv
17.98,5.196749813958361,18.988530051479476,-2.523045198250996,1,synthetic,Marche inclinée synthétique,generated_incline_walk.csv
18.0,8.118505535728193,17.07735457844057,-2.6831555044243385,1,synthetic,Marche inclinée synthétique,generated_incline_walk.csv
18.02,9.779852235926452,14.948602972179913,-1.7580147970935194,1,synthetic,Marche inclinée synthétique,generated_incline_walk.csv
18.04,11.51605156167827,13.733359709704114,-1.574051275127107,1,synthetic,Marche inclinée synthétique,generated_incline_walk.csv
18.06,11.76469320483646,12.888688341227809,-1.5915015996314958,1,synthetic,Marche inclinée synthétique,generated_incline_walk.csv
18.08,12.51053435628554,12.483238661850914,-1.3002921545660866,1,synthetic,Marche inclinée synthétique,generated_incline_walk.csv
18.1,12.0452765152748,13.672711834791412,-1.9952628010159623,1,synthetic,Marche inclinée synthétique,generated_incline_walk.csv
18.12,9.771977381838369,14.608537977433839,-2.326159710071631,1,synthetic,Marche inclinée synthétique,generated_incline_walk.csv
18.14,8.521026240811956,14.917548664003805,-1.5791729531068446,1,synthetic,Marche inclinée synthétique,generated_incline_walk.csv
18.16,7.190715296801539,14.995876496750542,-1.60757686451384,1,synthetic,Marche inclinée synthétique,generated_incline_walk.csv
18.18,5.8621986268399855,14.613194732388836,-0.40649021888149767,1,synthetic,Marche inclinée synthétique,generated_incline_walk.csv
18.2,5.7872009400413935,13.86419184259753,1.032441404125465,1,synthetic,Marche inclinée synthétique,generated_incline_walk.csv
18.22,5.6027500574012,13.313292059534422,1.5127482430258405,1,synthetic,Marche inclinée synthétique,generated_incline_walk.csv
18.24,5.767298442312981,13.604123234776152,0.40345410073980287,1,synthetic,Marche inclinée synthétique,generated_incline_walk.csv
18.26,6.282384125563909,13.292734352339714,0.4436833418411463,1,synthetic,Marche inclinée synthétique,generated_incline_walk.csv
18.28,6.198693199116427,13.386831911619586,0.6428632732105216,1,synthetic,Marche inclinée synthétique,generated_incline_walk.csv
18.3,6.319715394914169,12.92319155366895,0.8423659922134049,1,synthetic,Marche inclinée synthétique,generated_incline_walk.csv
18.32,6.063835400339523,13.170947834682813,0.3091250745622678,1,synthetic,Marche inclinée synthétique,generated_incline_walk.csv
18.34,6.098222105941293,13.925343291472712,1.0138494769079993,1,synthetic,Marche inclinée synthétique,generated_incline_walk.csv
18.36,6.0546914663451075,14.135019425433782,1.0061037466018443,1,synthetic,Marche inclinée synthétique,generated_incline_walk.csv
18.38,5.96540543197632,14.143828737755552,1.0224478031728563,1,synthetic,Marche inclinée synthétique,generated_incline_walk.csv
18.4,6.067769628925683,14.140669697434124,1.4202064855178926,1,synthetic,Marche inclinée synthétique,generated_incline_walk.csv
18.42,6.032058442839329,14.132880624056373,1.6643462039863777,1,synthetic,Marche inclinée synthétique,generated_incline_walk.csv
18.44,6.211117548378657,14.520591425903392,0.7749822778636586,1,synthetic,Marche inclinée synthétique,generated_incline_walk.csv
18.46,7.045252527830905,14.379343246315745,1.0800544271207675,1,synthetic,Marche inclinée synthétique,generated_incline_walk.csv
18.48,5.812556203451641,14.67004422342614,0.7384587912914288,1,synthetic,Marche inclinée synthétique,generated_incline_walk.csv
18.5,5.3301249745427395,15.316497852960516,0.7368760166205979,1,synthetic,Marche inclinée synthétique,generated_incline_walk.csv
18.52,5.7104143812563395,14.70938365341367,0.27381015958541,1,synthetic,Marche inclinée synthétique,generated_incline_walk.csv
18.54,4.758696173232647,15.203999994219963,-0.19112245042087486,1,synthetic,Marche inclinée synthétique,generated_incline_walk.csv
18.56,4.3213838474102575,15.569648859492784,-0.019178997805998688,1,synthetic,Marche inclinée synthétique,generated_incline_walk.csv
18.58,3.7146044065900896,15.268769558847582,-0.4163802865497648,1,synthetic,Marche inclinée synthétique,generated_incline_walk.csv
18.6,2.857535997748781,15.58069117927385,-1.118651282775378,1,synthetic,Marche inclinée synthétique,generated_incline_walk.csv
18.62,1.5646621626082904,16.201406165636094,-1.6970403974429553,1,synthetic,Marche inclinée synthétique,generated_incline_walk.csv
18.64,-0.03474581885117839,15.853831153444393,-1.6244054847156315,1,synthetic,Marche inclinée synthétique,generated_incline_walk.csv
18.66,-2.341310149713806,15.395660557250666,-1.7812243523030138,1,synthetic,Marche inclinée synthétique,generated_incline_walk.csv
18.68,-5.010390106622145,15.605339685588735,-2.1401537587827275,1,synthetic,Marche inclinée synthétique,generated_incline_walk.csv
18.7,-9.384412521884114,15.095622976011464,-3.227107670645487,1,synthetic,Marche inclinée synthétique,generated_incline_walk.csv
18.72,-15.651533936763729,17.01175162570278,-4.106352223608526,1,synthetic,Marche inclinée synthétique,generated_incline_walk.csv
18.74,-23.272610942755115,18.21880483755434,-5.439466260189656,1,synthetic,Marche inclinée synthétique,generated_incline_walk.csv
18.76,-33.08395879033195,20.656235211238975,-6.203492570438132,1,synthetic,Marche inclinée synthétique,generated_incline_walk.csv
18.78,-41.45607236112401,23.740553022467864,-6.314003146525357,1,synthetic,Marche inclinée synthétique,generated_incline_walk.csv
18.8,-47.74951950824456,24.970516638728718,-5.585058872822755,1,synthetic,Marche inclinée synthétique,generated_incline_walk.csv
18.82,-51.11535812435458,26.050541287583382,-3.0951176931212143,1,synthetic,Marche inclinée synthétique,generated_incline_walk.csv
18.84,-54.54022402020777,27.21339008941554,-0.554667083933879,1,synthetic,Marche inclinée synthétique,generated_incline_walk.csv
18.86,-53.34436732037843,26.86141537976849,3.048408935641757,1,synthetic,Marche inclinée synthétique,generated_incline_walk.csv
18.88,-51.70594144279188,25.921325442924704,6.324873932057727,1,synthetic,Marche inclinée synthétique,generated_incline_walk.csv
18.9,-50.10994505010173,25.939678345496716,7.45082841340702,1,synthetic,Marche inclinée synthétique,generated_incline_walk.csv
18.92,-47.22489650960159,25.174079445140332,8.169882799603535,1,synthetic,Marche inclinée synthétique,generated_incline_walk.csv
18.94,-42.16946511464899,22.72332147895826,8.244910129035286,1,synthetic,Marche inclinée synthétique,generated_incline_walk.csv
18.96,-36.945511083386904,21.307623537064018,7.084636199161164,1,synthetic,Marche inclinée synthétique,generated_incline_walk.csv
18.98,-32.62866521639683,20.409003207918996,6.218750538189161,1,synthetic,Marche inclinée synthétique,generated_incline_walk.csv
19.0,-27.007894084740048,20.722757185683157,5.264713712222139,1,synthetic,Marche inclinée synthétique,generated_incline_walk.csv
19.02,-22.12353831799874,21.266595808044276,4.342357706729272,1,synthetic,Marche inclinée synthétique,generated_incline_walk.csv
19.04,-16.730877361755308,21.696767752779284,3.4683679603392594,1,synthetic,Marche inclinée synthétique,generated_incline_walk.csv
19.06,-11.352512220976218,21.89514159414181,1.7078485067347053,1,synthetic,Marche inclinée synthétique,generated_incline_walk.csv
19.08,-5.399338523921823,21.720186095386275,0.31988724738680696,1,synthetic,Marche inclinée synthétique,generated_incline_walk.csv
19.1,-0.3830532579413106,20.36666362816797,-1.5112620159922023,1,synthetic,Marche inclinée synthétique,generated_incline_walk.csv
19.12,4.82586345287116,19.41689747344667,-3.2278260513729564,1,synthetic,Marche inclinée synthétique,generated_incline_walk.csv
19.14,9.017402863755661,18.28313493682133,-3.8712133969927915,1,synthetic,Marche inclinée synthétique,generated_incline_walk.csv
19.16,13.571633925632412,16.378142604946166,-3.936506204829121,1,synthetic,Marche inclinée synthétique,generated_incline_walk.csv
19.18,16.501946290591484,15.634616339294167,-4.049861239063007,1,synthetic,Marche inclinée synthétique,generated_incline_walk.csv
19.2,18.368154074240522,15.440621824201115,-4.538048813739462,1,synthetic,Marche inclinée synthétique,generated_incline_walk.csv
19.22,18.166816330899827,15.84187464882659,-4.436612789532595,1,synthetic,Marche inclinée synthétique,generated_incline_walk.csv
19.24,17.6549821921361,16.815655114370383,-4.54404261994503,1,synthetic,Marche inclinée synthétique,generated_incline_walk.csv
19.26,15.290503295352766,17.13525900088198,-4.112799112916531,1,synthetic,Marche inclinée synthétique,generated_incline_walk.csv
19.28,12.339919290654533,16.93696749897503,-3.171171682474279,1,synthetic,Marche inclinée synthétique,generated_incline_walk.csv
19.3,10.075289738094938,16.024860158734985,-1.8862206205031553,1,synthetic,Marche inclinée synthétique,generated_incline_walk.csv
19.32,7.317511799446841,16.237146564760103,-0.7783214194756061,1,synthetic,Marche inclinée synthétique,generated_incline_walk.csv
19.34,6.127780628713964,15.506257769999808,-0.6898816986882671,1,synthetic,Marche inclinée synthétique,generated_incline_walk.csv
19.36,5.393415063483028,14.98057191637829,0.8079530668298684,1,synthetic,Marche inclinée synthétique,generated_incline_walk.csv
19.38,5.513165423647921,14.789854768992175,0.4258015928678965,1,synthetic,Marche inclinée synthétique,generated_incline_walk.csv
19.4,5.939655961611883,14.763871026557592,0.4737558389720926,1,synthetic,Marche inclinée synthétique,generated_incline_walk.csv
19.42,5.820598112424411,15.038875931222757,-0.11879786024603572,1,synthetic,Marche inclinée synthétique,generated_incline_walk.csv
19.44,5.821553018427927,14.715864870263891,-0.18569033217921693,1,synthetic,Marche inclinée synthétique,generated_incline_walk.csv
19.46,6.587722207838113,14.975383484705143,-0.8170796286834323,1,synthetic,Marche inclinée synthétique,generated_incline_walk.csv
19.48,6.483643231367539,14.79092165517081,-1.2271101001984517,1,synthetic,Marche inclinée synthétique,generated_incline_walk.csv
19.5,5.892473537486021,15.093908060814542,-0.8379692976968948,1,synthetic,Marche inclinée synthétique,generated_incline_walk.csv
19.52,6.024921556057162,14.963441216346238,-1.0388254033091864,1,synthetic,Marche inclinée synthétique,generated_incline_walk.csv
19.54,6.613892456512065,15.008813233825743,-0.8094880915054575,1,synthetic,Marche inclinée synthétique,generated_incline_walk.csv
19.56,5.962821869845487,14.69842004614084,-0.47364033738019595,1,synthetic,Marche inclinée synthétique,generated_incline_walk.csv
19.58,6.290084553211379,15.303314604669733,-0.20880512798381592,1,synthetic,Marche inclinée synthétique,generated_incline_walk.csv
19.6,6.4795403598973325,15.708760606994055,-0.06648030003628252,1,synthetic,Marche inclinée synthétique,generated_incline_walk.csv
19.62,6.351728476146174,14.62920485497862,0.16531017590975605,1,synthetic,Marche inclinée synthétique,generated_incline_walk.csv
19.64,6.470877226053496,16.032824429123032,-0.4990821875775593,1,synthetic,Marche inclinée synthétique,generated_incline_walk.csv
19.66,6.45366814240754,15.807598333758982,0.3277004519284159,1,synthetic,Marche inclinée synthétique,generated_incline_walk.csv
19.68,6.585622293586712,15.80787892132504,-0.2911477570134732,1,synthetic,Marche inclinée synthétique,generated_incline_walk.csv
19.7,5.942661442949916,16.294668746198802,-0.07350175762608686,1,synthetic,Marche inclinée synthétique,generated_incline_walk.csv
19.72,6.166427100650979,16.334981864231896,-0.29633700746345903,1,synthetic,Marche inclinée synthétique,generated_incline_walk.csv
19.74,5.697562369525344,16.57266500585347,-0.6301434126020697,1,synthetic,Marche inclinée synthétique,generated_incline_walk.csv
19.76,4.523674103172643,17.155101596923622,-0.1943904878531859,1,synthetic,Marche inclinée synthétique,generated_incline_walk.csv
19.78,3.95839978514841,16.836733754093558,-1.022560523275655,1,synthetic,Marche inclinée synthétique,generated_incline_walk.csv
19.8,2.0541395316484823,16.836978325620994,-1.2658845319298622,1,synthetic,Marche inclinée synthétique,generated_incline_walk.csv
19.82,-0.498668394252982,16.471664154564902,-1.2090911381739895,1,synthetic,Marche inclinée synthétique,generated_incline_walk.csv
19.84,-3.0802020796260656,16.284750719068928,-3.0183046688118784,1,synthetic,Marche inclinée synthétique,generated_incline_walk.csv
19.86,-6.351945843306094,16.033851030039653,-3.7285762936801676,1,synthetic,Marche inclinée synthétique,generated_incline_walk.csv
19.88,-11.569836123692294,16.89721188029512,-4.102393786959888,1,synthetic,Marche inclinée synthétique,generated_incline_walk.csv
19.9,-18.8809449550323,18.098423678730764,-5.785161691833113,1,synthetic,Marche inclinée synthétique,generated_incline_walk.csv
19.92,-28.173762520130648,20.76543711761646,-6.8005726589584015,1,synthetic,Marche inclinée synthétique,generated_incline_walk.csv
19.94,-38.358204841424886,23.510471171649854,-8.398827278282237,1,synthetic,Marche inclinée synthétique,generated_incline_walk.csv
19.96,-47.60076473963302,25.628324314014122,-8.756063363029591,1,synthetic,Marche inclinée synthétique,generated_incline_walk.csv
19.98,-53.71588512183353,25.84447654452753,-7.100885134925835,1,synthetic,Marche inclinée synthétique,generated_incline_walk.csv
20.0,-57.505433332831096,26.498106253016676,-4.731659971115372,1,synthetic,Marche inclinée synthétique,generated_incline_walk.csv
20.02,-59.01385592619076,26.432375835164834,-1.1377789140131647,1,synthetic,Marche inclinée synthétique,generated_incline_walk.csv
20.04,-58.53511021618843,25.768474964225486,3.2598746302484476,1,synthetic,Marche inclinée synthétique,generated_incline_walk.csv
20.06,-55.806539830789276,24.300400461040837,6.207291694280057,1,synthetic,Marche inclinée synthétique,generated_incline_walk.csv
20.08,-53.509655393135304,25.74899551133773,8.084600299046075,1,synthetic,Marche inclinée synthétique,generated_incline_walk.csv
20.1,-50.62590090084835,23.242056404218168,8.525124111019547,1,synthetic,Marche inclinée synthétique,generated_incline_walk.csv
20.12,-45.73969286713199,21.798526053503537,9.188158184106795,1,synthetic,Marche inclinée synthétique,generated_incline_walk.csv
20.14,-39.87817064021012,21.041123312930665,8.814358382893388,1,synthetic,Marche inclinée synthétique,generated_incline_walk.csv
20.16,-34.02931004244125,20.28161137321293,7.63472445998773,1,synthetic,Marche inclinée synthétique,generated_incline_walk.csv
20.18,-28.573931431744846,19.57405957873279,6.15361762891468,1,synthetic,Marche inclinée synthétique,generated_incline_walk.csv
20.2,-22.44313984292845,19.91160216266706,5.204205650527072,1,synthetic,Marche inclinée synthétique,generated_incline_walk.csv
20.22,-17.179286766981665,20.891783722174832,3.7677705179386822,1,synthetic,Marche inclinée synthétique,generated_incline_walk.csv
20.24,-11.10738236114225,20.582374788828943,2.432892466014397,1,synthetic,Marche inclinée synthétique,generated_incline_walk.csv
20.26,-5.7884308644162585,20.920369376083137,1.2367093017826285,1,synthetic,Marche inclinée synthétique,generated_incline_walk.csv
20.28,-0.4583265617787077,20.177819309496947,-0.2918727891836995,1,synthetic,Marche inclinée synthétique,generated_incline_walk.csv
20.3,3.4968478776859335,18.80630911285565,-1.1098502277202114,1,synthetic,Marche inclinée synthétique,generated_incline_walk.csv
20.32,6.62465431098788,16.702036405909496,-2.280512372758283,1,synthetic,Marche inclinée synthétique,generated_incline_walk.csv
20.34,10.647833075375818,14.719528051505765,-0.6924547570804113,1,synthetic,Marche inclinée synthétique,generated_incline_walk.csv
20.36,11.5009398774434,13.220305531693732,-0.6963694790368216,1,synthetic,Marche inclinée synthétique,generated_incline_walk.csv
20.38,12.410676366969994,13.957404038480433,-0.5779905585821967,1,synthetic,Marche inclinée synthétique,generated_incline_walk.csv
20.4,11.753362848261016,14.036392902494423,-0.9043327686918711,1,synthetic,Marche inclinée synthétique,generated_incline_walk.csv
20.42,9.725886375289447,14.176570560138355,-0.5624631909327672,1,synthetic,Marche inclinée synthétique,generated_incline_walk.csv
20.44,7.677660341805234,14.17700480994684,0.2154869090504385,1,synthetic,Marche inclinée synthétique,generated_incline_walk.csv
20.46,6.946622642187159,14.838131940624548,0.2365330133082523,1,synthetic,Marche inclinée synthétique,generated_incline_walk.csv
20.48,5.491201449879106,13.387368422883227,0.17083599231079738,1,synthetic,Marche inclinée synthétique,generated_incline_walk.csv
20.5,5.351630590350908,13.535220667372633,1.7574988070221322,1,synthetic,Marche inclinée synthétique,generated_incline_walk.csv
20.52,6.027061637279259,13.087485977592303,2.724195824359855,1,synthetic,Marche inclinée synthétique,generated_incline_walk.csv
20.54,6.171657911602297,12.889552914345716,2.1405580483575215,1,synthetic,Marche inclinée synthétique,generated_incline_walk.csv
20.56,6.68182869449641,13.826649160435945,2.534030448381285,1,synthetic,Marche inclinée synthétique,generated_incline_walk.csv
20.58,6.714201203824384,13.546953099390754,2.760689996751764,1,synthetic,Marche inclinée synthétique,generated_incline_walk.csv
20.6,6.777422662709633,14.074031832556138,2.9702893945338196,1,synthetic,Marche inclinée synthétique,generated_incline_walk.csv
20.62,6.876523075469115,13.766847433779127,3.729057475364754,1,synthetic,Marche inclinée synthétique,generated_incline_walk.csv
20.64,6.506817019856453,13.941528027743246,3.6052687239214074,1,synthetic,Marche inclinée synthétique,generated_incline_walk.csv
20.66,6.92326078485853,14.555809811329365,4.03103183610945,1,synthetic,Marche inclinée synthétique,generated_incline_walk.csv
20.68,6.761224787327568,14.212499675479132,3.870361819279773,1,synthetic,Marche inclinée synthétique,generated_incline_walk.csv
20.7,6.373747896680247,14.271463994284263,4.876889122528215,1,synthetic,Marche inclinée synthétique,generated_incline_walk.csv
20.72,7.043392066266029,13.766152741534938,4.654610147875147,1,synthetic,Marche inclinée synthétique,generated_incline_walk.csv
20.74,7.037982270534119,14.576027630151358,4.419419342842389,1,synthetic,Marche inclinée synthétique,generated_incline_walk.csv
20.76,6.1989472574511355,14.232522805749007,4.105575520461297,1,synthetic,Marche inclinée synthétique,generated_incline_walk.csv
20.78,6.063196945834293,14.698215288421045,4.321182766051824,1,synthetic,Marche inclinée synthétique,generated_incline_walk.csv
20.8,6.670590247537799,14.421169401468928,4.28428860260896,1,synthetic,Marche inclinée synthétique,generated_incline_walk.csv
20.82,7.01825289096029,14.98137394394784,4.302946636461813,1,synthetic,Marche inclinée synthétique,generated_incline_walk.csv
20.84,7.166324694534209,15.190780402620721,3.6929584869820102,1,synthetic,Marche inclinée synthétique,generated_incline_walk.csv
20.86,6.9397665779954885,14.747156342277725,2.475487297874797,1,synthetic,Marche inclinée synthétique,generated_incline_walk.csv
20.88,6.475598133592097,15.42269034487973,1.9553586408435353,1,synthetic,Marche inclinée synthétique,generated_incline_walk.csv
20.9,6.266398722154747,15.208675792244625,1.3066470230658733,1,synthetic,Marche inclinée synthétique,generated_incline_walk.csv
20.92,5.47374953796383,15.94010716389687,1.2713672385635242,1,synthetic,Marche inclinée synthétique,generated_incline_walk.csv
20.94,4.095070983728598,15.715785787945665,0.4076741861570444,1,synthetic,Marche inclinée synthétique,generated_incline_walk.csv
20.96,2.8207067120315905,15.527419522108948,0.2985609643880852,1,synthetic,Marche inclinée synthétique,generated_incline_walk.csv
20.98,1.1313049856822888,16.174264754151924,-0.34234436091527354,1,synthetic,Marche inclinée synthétique,generated_incline_walk.csv
21.0,-2.010526118920121,15.214897027128103,-0.9729107784697179,1,synthetic,Marche inclinée synthétique,generated_incline_walk.csv
21.02,-5.597833565452228,14.591212857629126,-2.036583894916446,1,synthetic,Marche inclinée synthétique,generated_incline_walk.csv
21.04,-10.638785629166442,15.180522673629314,-2.216443729555191,1,synthetic,Marche inclinée synthétique,generated_incline_walk.csv
21.06,-16.63095794478195,16.079833870981656,-3.6456091157726993,1,synthetic,Marche inclinée synthétique,generated_incline_walk.csv
21.08,-25.379299313954593,18.326702876466104,-5.093890975663062,1,synthetic,Marche inclinée synthétique,generated_incline_walk.csv
21.1,-34.76073169931926,20.428956092361723,-5.841123580793917,1,synthetic,Marche inclinée synthétique,generated_incline_walk.csv
21.12,-43.26272728537602,23.384647006587944,-5.936744473645375,1,synthetic,Marche inclinée synthétique,generated_incline_walk.csv
21.14,-48.592896671292955,23.6363880587349,-4.866336780186811,1,synthetic,Marche inclinée synthétique,generated_incline_walk.csv
21.16,-51.927176343511526,24.917189993973874,-2.3378573590492584,1,synthetic,Marche inclinée synthétique,generated_incline_walk.csv
21.18,-54.334914796630024,25.879567700297223,0.6807337358380579,1,synthetic,Marche inclinée synthétique,generated_incline_walk.csv
21.2,-53.29484457335376,25.81388067757192,4.384790767958917,1,synthetic,Marche inclinée synthétique,generated_incline_walk.csv
21.22,-52.01144541715877,26.390714819238216,6.1571375848972,1,synthetic,Marche inclinée synthétique,generated_incline_walk.csv
21.24,-50.41705750012922,26.05983914306634,7.76458406343069,1,synthetic,Marche inclinée synthétique,generated_incline_walk.csv
21.26,-47.16962779317497,24.607488115244088,6.703801820471826,1,synthetic,Marche inclinée synthétique,generated_incline_walk.csv
21.28,-42.228236106793176,23.082794635500367,7.505299381763759,1,synthetic,Marche inclinée synthétique,generated_incline_walk.csv
21.3,-36.7592902381821,21.899335614126343,5.941250181395765,1,synthetic,Marche inclinée synthétique,generated_incline_walk.csv
21.32,-32.01115410771528,21.545938825991264,5.186900056389033,1,synthetic,Marche inclinée synthétique,generated_incline_walk.csv
21.34,-25.857337930806768,21.06889483142202,3.577459711992442,1,synthetic,Marche inclinée synthétique,generated_incline_walk.csv
21.36,-20.883523385236842,21.348091487229894,2.4912686112305518,1,synthetic,Marche inclinée synthétique,generated_incline_walk.csv
21.38,-15.171686039631364,22.297459404169388,0.8813978722939901,1,synthetic,Marche inclinée synthétique,generated_incline_walk.csv
21.4,-9.885883391640355,21.15410641873545,-1.3063091889923006,1,synthetic,Marche inclinée synthétique,generated_incline_walk.csv
21.42,-3.4790012754308277,20.42191630888445,-3.01240926169848,1,synthetic,Marche inclinée synthétique,generated_incline_walk.csv
21.44,1.8598094689224345,18.693335545965823,-5.167870932580124,1,synthetic,Marche inclinée synthétique,generated_incline_walk.csv
21.46,5.728370598331617,17.51215939618273,-4.948481609358715,1,synthetic,Marche inclinée synthétique,generated_incline_walk.csv
21.48,9.771156245226583,15.112653491600758,-5.200511377578728,1,synthetic,Marche inclinée synthétique,generated_incline_walk.csv
21.5,12.396502627321388,14.093949311462056,-4.785926325561231,1,synthetic,Marche inclinée synthétique,generated_incline_walk.csv
21.52,13.322097456829104,12.7810110991156,-3.84731712780419,1,synthetic,Marche inclinée synthétique,generated_incline_walk.csv
21.54,14.099428020830176,12.307762276412898,-3.7946344795674687,1,synthetic,Marche inclinée synthétique,generated_incline_walk.csv
21.56,13.64403941543665,12.339843172734772,-3.9721651277112655,1,synthetic,Marche inclinée synthétique,generated_incline_walk.csv
21.58,10.990088315992692,12.74308525582735,-4.169221352348719,1,synthetic,Marche inclinée synthétique,generated_incline_walk.csv
21.6,8.38323685983717,12.7913448717909,-2.620494771358945,1,synthetic,Marche inclinée synthétique,generated_incline_walk.csv
21.62,7.299327668464086,13.011171257844651,-2.1369223851044783,1,synthetic,Marche inclinée synthétique,generated_incline_walk.csv
21.64,5.932001913227845,12.461258614697574,-0.6172026332452195,1,synthetic,Marche inclinée synthétique,generated_incline_walk.csv
21.66,4.2697033052781865,11.710791073432814,0.42296178150412045,1,synthetic,Marche inclinée synthétique,generated_incline_walk.csv
21.68,5.211370753687288,11.622132200477738,0.65478040408888,1,synthetic,Marche inclinée synthétique,generated_incline_walk.csv
21.7,6.146241506299399,11.65372421628043,0.7506847771682286,1,synthetic,Marche inclinée synthétique,generated_incline_walk.csv
21.72,5.104460954341545,11.453505035667439,1.507592020885422,1,synthetic,Marche inclinée synthétique,generated_incline_walk.csv
21.74,6.261426689780184,11.951171579812788,0.5127254331823723,1,synthetic,Marche inclinée synthétique,generated_incline_walk.csv
21.76,6.647797716098832,12.097449914650515,0.8705431859575414,1,synthetic,Marche inclinée synthétique,generated_incline_walk.csv
21.78,5.761187260664986,11.681806022258167,0.26238302112886575,1,synthetic,Marche inclinée synthétique,generated_incline_walk.csv
21.8,6.4412990005410675,12.53789753268806,-0.5007347077992249,1,synthetic,Marche inclinée synthétique,generated_incline_walk.csv
21.82,5.868164971393462,12.075472094172687,0.04133905030974755,1,synthetic,Marche inclinée synthétique,generated_incline_walk.csv
21.84,6.0273074782806715,12.404937540973572,0.2661616741748336,1,synthetic,Marche inclinée synthétique,generated_incline_walk.csv
21.86,5.673864582766343,12.692576781080152,-0.6007581138662031,1,synthetic,Marche inclinée synthétique,generated_incline_walk.csv
21.88,5.296517452181721,11.828094851824968,-1.31155740697261,1,synthetic,Marche inclinée synthétique,generated_incline_walk.csv
21.9,5.033894751365999,12.507139626832624,-1.2259092029484375,1,synthetic,Marche inclinée synthétique,generated_incline_walk.csv
21.92,6.204535432877396,12.756627026577734,-1.5077913129018379,1,synthetic,Marche inclinée synthétique,generated_incline_walk.csv
21.94,5.090087529843637,12.986523727697296,-0.3760847767281764,1,synthetic,Marche inclinée synthétique,generated_incline_walk.csv
21.96,5.434457381971759,13.062653422167486,-1.0657985946161035,1,synthetic,Marche inclinée synthétique,generated_incline_walk.csv
21.98,5.928602987311016,13.354068609706115,-1.9184838532264887,1,synthetic,Marche inclinée synthétique,generated_incline_walk.csv
22.0,5.568167860553306,12.892432363869958,-0.9424624946852724,1,synthetic,Marche inclinée synthétique,generated_incline_walk.csv
22.02,5.385658939271697,13.355129309900422,-1.0669165408569845,1,synthetic,Marche inclinée synthétique,generated_incline_walk.csv
22.04,4.4678452108723175,14.102046034641393,-1.568703653300194,1,synthetic,Marche inclinée synthétique,generated_incline_walk.csv
22.06,4.380465372466466,13.592581332559307,-1.5670356660435523,1,synthetic,Marche inclinée synthétique,generated_incline_walk.csv
22.08,3.4035178941446427,14.229623802026369,-1.660528211468071,1,synthetic,Marche inclinée synthétique,generated_incline_walk.csv
22.1,2.168826052504792,14.444047062349945,-1.5466683162326569,1,synthetic,Marche inclinée synthétique,generated_incline_walk.csv
22.12,1.1975248749896057,14.635109061553717,-2.855564813302603,1,synthetic,Marche inclinée synthétique,generated_incline_walk.csv
22.14,-0.8666272239566185,14.783213206547785,-3.8030679312297546,1,synthetic,Marche inclinée synthétique,generated_incline_walk.csv
22.16,-4.484867916114725,14.611776552523448,-4.3247418913145115,1,synthetic,Marche inclinée synthétique,generated_incline_walk.csv
22.18,-8.912663435116187,14.736051466021474,-6.079990668601621,1,synthetic,Marche inclinée synthétique,generated_incline_walk.csv
22.2,-14.532710195957902,15.900838179284587,-7.7432637152949,1,synthetic,Marche inclinée synthétique,generated_incline_walk.csv
22.22,-22.103123693954746,18.17236470027345,-9.148204279505963,1,synthetic,Marche inclinée synthétique,generated_incline_walk.csv
22.24,-32.48884664135757,21.22339536083289,-10.85157940733758,1,synthetic,Marche inclinée synthétique,generated_incline_walk.csv
22.26,-41.75771484368357,24.980033262685932,-12.391500857140207,1,synthetic,Marche inclinée synthétique,generated_incline_walk.csv
22.28,-48.97294389126756,26.502314062508876,-12.898836075125539,1,synthetic,Marche inclinée synthétique,generated_incline_walk.csv
22.3,-53.26798153375878,27.23169617592931,-10.848182796695385,1,synthetic,Marche inclinée synthétique,generated_incline_walk.csv
22.32,-56.30053157486305,28.288060299834534,-8.228944610872492,1,synthetic,Marche inclinée synthétique,generated_incline_walk.csv
22.34,-56.051649645626526,28.55316616411998,-5.128773046582036,1,synthetic,Marche inclinée synthétique,generated_incline_walk.csv
22.36,-53.669826924616075,26.830184348534473,-0.9183886422644971,1,synthetic,Marche inclinée synthétique,generated_incline_walk.csv
22.38,-51.02571320720284,25.46535492063062,2.785093259849634,1,synthetic,Marche inclinée synthétique,generated_incline_walk.csv
22.4,-49.80860408843968,25.004541259912656,5.123114933491671,1,synthetic,Marche inclinée synthétique,generated_incline_walk.csv
22.42,-45.20123359204501,22.80095422692925,6.444237567184928,1,synthetic,Marche inclinée synthétique,generated_incline_walk.csv
22.44,-40.225513930019204,21.487836897164733,6.721467209903681,1,synthetic,Marche inclinée synthétique,generated_incline_walk.csv
22.46,-34.4713922631133,19.996629229273953,6.49836982208072,1,synthetic,Marche inclinée synthétique,generated_incline_walk.csv
22.48,-29.045328384753248,19.87677145916948,5.90252646225135,1,synthetic,Marche inclinée synthétique,generated_incline_walk.csv
22.5,-23.031090118454824,19.754826916980576,4.356011235597381,1,synthetic,Marche inclinée synthétique,generated_incline_walk.csv
22.52,-16.534138662677034,19.795420714453606,2.677897144175249,1,synthetic,Marche inclinée synthétique,generated_incline_walk.csv
22.54,-11.117349878927962,19.389128107211818,1.6268463566142537,1,synthetic,Marche inclinée synthétique,generated_incline_walk.csv
22.56,-4.867901272323619,18.39181018569977,0.22348056603044383,1,synthetic,Marche inclinée synthétique,generated_incline_walk.csv
22.58,0.2494770206318912,17.55378750101401,-1.5375464959510914,1,synthetic,Marche inclinée synthétique,generated_incline_walk.csv
22.6,5.435853391534368,15.376188646566696,-2.8141765488712425,1,synthetic,Marche inclinée synthétique,generated_incline_walk.csv
22.62,9.726433260430042,13.258139541083466,-2.8452071373618955,1,synthetic,Marche inclinée synthétique,generated_incline_walk.csv
22.64,13.27082272655847,10.569973302380037,-2.810905264130167,1,synthetic,Marche inclinée synthétique,generated_incline_walk.csv
22.66,14.651384647246172,9.039624912405024,-2.8066021873709195,1,synthetic,Marche inclinée synthétique,generated_incline_walk.csv
22.68,16.03545079740181,8.676503861626184,-2.3118805732769028,1,synthetic,Marche inclinée synthétique,generated_incline_walk.csv
22.7,17.384409928976943,10.658073434052298,-2.2172687513601472,1,synthetic,Marche inclinée synthétique,generated_incline_walk.csv
22.72,15.465356722859402,11.12017523130482,-2.2988739574818204,1,synthetic,Marche inclinée synthétique,generated_incline_walk.csv
22.74,11.378523465675618,11.267663630916836,-2.1859495221006426,1,synthetic,Marche inclinée synthétique,generated_incline_walk.csv
22.76,9.69790817989045,12.401730504861694,-1.9845143943400527,1,synthetic,Marche inclinée synthétique,generated_incline_walk.csv
22.78,8.273122425385026,12.397131542514646,-0.7846097134514973,1,synthetic,Marche inclinée synthétique,generated_incline_walk.csv
22.8,6.082243354683606,11.199981252596492,0.5969929729485182,1,synthetic,Marche inclinée synthétique,generated_incline_walk.csv
22.82,5.156063890538869,11.031666104507448,0.8517279511554674,1,synthetic,Marche inclinée synthétique,generated_incline_walk.csv
22.84,6.531769500541668,11.189656158406716,1.4216539981942102,1,synthetic,Marche inclinée synthétique,generated_incline_walk.csv
22.86,6.407116282606552,10.914727624287687,1.9461379387641924,1,synthetic,Marche inclinée synthétique,generated_incline_walk.csv
22.88,6.585094301075219,11.151137551690482,1.39433713352147,1,synthetic,Marche inclinée synthétique,generated_incline_walk.csv
22.9,6.494790687858205,11.012283435798105,1.111740414645672,1,synthetic,Marche inclinée synthétique,generated_incline_walk.csv
22.92,6.8401676508918525,11.126984861003814,1.3215292846733009,1,synthetic,Marche inclinée synthétique,generated_incline_walk.csv
22.94,6.946681814141324,11.41005758598067,1.907112433950199,1,synthetic,Marche inclinée synthétique,generated_incline_walk.csv
22.96,7.157086190045317,11.345251773365137,1.8568313582925224,1,synthetic,Marche inclinée synthétique,generated_incline_walk.csv
22.98,6.600743453170854,12.005306147971375,2.6172695269895447,1,synthetic,Marche inclinée synthétique,generated_incline_walk.csv
23.0,7.180010267173641,11.647642292016485,2.6142881275693757,1,synthetic,Marche inclinée synthétique,generated_incline_walk.csv
23.02,7.4839654409322796,11.828057258691098,2.8266096112637613,1,synthetic,Marche inclinée synthétique,generated_incline_walk.csv
23.04,7.209259725332352,11.714429135448933,3.409699358110574,1,synthetic,Marche inclinée synthétique,generated_incline_walk.csv
23.06,7.193567995445973,11.610251082816863,3.197697505727781,1,synthetic,Marche inclinée synthétique,generated_incline_walk.csv
23.08,6.330785723948082,11.870321739760156,3.9220448958243708,1,synthetic,Marche inclinée synthétique,generated_incline_walk.csv
23.1,7.4618113878721815,11.89034700397107,3.683960305891113,1,synthetic,Marche inclinée synthétique,generated_incline_walk.csv
23.12,7.668653373216872,11.886464545822108,3.67050222692199,1,synthetic,Marche inclinée synthétique,generated_incline_walk.csv
23.14,7.440728665704868,12.528195104305295,3.829829061178811,1,synthetic,Marche inclinée synthétique,generated_incline_walk.csv
23.16,7.165076104596505,13.06605364259471,3.482673778993075,1,synthetic,Marche inclinée synthétique,generated_incline_walk.csv
23.18,7.098327648360446,12.749543804246828,3.1497342209715304,1,synthetic,Marche inclinée synthétique,generated_incline_walk.csv
23.2,7.440103947926995,12.809394601839916,3.016041706301045,1,synthetic,Marche inclinée synthétique,generated_incline_walk.csv
23.22,5.865956674134348,12.770466868531326,3.101177084611986,1,synthetic,Marche inclinée synthétique,generated_incline_walk.csv
23.24,5.204087831943234,12.625363473317663,2.5529693547692314,1,synthetic,Marche inclinée synthétique,generated_incline_walk.csv
23.26,4.611458534009193,13.255391138159093,1.8652449834115434,1,synthetic,Marche inclinée synthétique,generated_incline_walk.csv
23.28,2.8945245947005644,13.150802124069243,1.3503025474874872,1,synthetic,Marche inclinée synthétique,generated_incline_walk.csv
23.3,0.23054764048624632,12.590085107833898,0.08782722018724798,1,synthetic,Marche inclinée synthétique,generated_incline_walk.csv
23.32,-1.7738873925820733,12.676167146463674,-0.5635481091566025,1,synthetic,Marche inclinée synthétique,generated_incline_walk.csv
23.34,-5.536288136559845,12.308948681779531,-0.7070692099159094,1,synthetic,Marche inclinée synthétique,generated_incline_walk.csv
23.36,-11.25511253332615,13.534686931213828,-2.41109323916685,1,synthetic,Marche inclinée synthétique,generated_incline_walk.csv
23.38,-18.08631243134713,14.59178460052485,-2.768277090172103,1,synthetic,Marche inclinée synthétique,generated_incline_walk.csv
23.4,-27.22851182833385,16.655063269351054,-4.320604525805981,1,synthetic,Marche inclinée synthétique,generated_incline_walk.csv
23.42,-37.76994255996048,19.672402935523877,-4.836506636080799,1,synthetic,Marche inclinée synthétique,generated_incline_walk.csv
23.44,-44.97865762107845,20.202815595041113,-4.7551468032050845,1,synthetic,Marche inclinée synthétique,generated_incline_walk.csv
23.46,-49.01646020234219,22.054800559484942,-3.2272173986537003,1,synthetic,Marche inclinée synthétique,generated_incline_walk.csv
23.48,-52.223191282640954,22.729115251301156,-0.7013232084330943,1,synthetic,Marche inclinée synthétique,generated_incline_walk.csv
23.5,-54.14395923348774,23.244018424385523,2.4909418075198726,1,synthetic,Marche inclinée synthétique,generated_incline_walk.csv
23.52,-52.39083923845209,22.868562927933745,4.987392626376064,1,synthetic,Marche inclinée synthétique,generated_incline_walk.csv
23.54,-49.95526047078975,22.81957420814521,7.118145741361498,1,synthetic,Marche inclinée synthétique,generated_incline_walk.csv
23.56,-48.555843307280156,21.70745946302433,8.473225776199227,1,synthetic,Marche inclinée synthétique,generated_incline_walk.csv
23.58,-45.957728438256,20.887245827267538,8.067213322167026,1,synthetic,Marche inclinée synthétique,generated_incline_walk.csv
23.6,-41.30727314427056,20.20609225623289,7.641827209332891,1,synthetic,Marche inclinée synthétique,generated_incline_walk.csv
23.62,-36.15972639697169,19.121202295577827,6.802681624777033,1,synthetic,Marche inclinée synthétique,generated_incline_walk.csv
23.64,-31.77163972153214,19.057006390320062,5.641029091377382,1,synthetic,Marche inclinée synthétique,generated_incline_walk.csv
23.66,-26.690906386768358,19.451937592525674,4.083355674318156,1,synthetic,Marche inclinée synthétique,generated_incline_walk.csv
23.68,-21.915029825782092,19.354594753199176,3.4870404093954797,1,synthetic,Marche inclinée synthétique,generated_incline_walk.csv
23.7,-16.398943496173786,19.362009308083262,2.1346655920677304,1,synthetic,Marche inclinée synthétique,generated_incline_walk.csv
23.72,-12.04106570298047,19.233788135683255,0.4423162878049841,1,synthetic,Marche inclinée synthétique,generated_incline_walk.csv
23.74,-7.64182436339163,18.504553812878978,-0.49266050034703274,1,synthetic,Marche inclinée synthétique,generated_incline_walk.csv
23.76,-3.7343715142605314,16.770327089128706,-0.8652408875012565,1,synthetic,Marche inclinée synthétique,generated_incline_walk.csv
23.78,-0.4278025926442996,14.728757685880328,-0.5063513084735799,1,synthetic,Marche inclinée synthétique,generated_incline_walk.csv
23.8,3.2576999278383996,13.854733340172507,-1.0487902496085626,1,synthetic,Marche inclinée synthétique,generated_incline_walk.csv
23.82,5.517089373978566,13.306205177263255,-0.15005326015337445,1,synthetic,Marche inclinée synthétique,generated_incline_walk.csv
23.84,7.800480999847746,13.35400868823968,-0.5344392751513923,1,synthetic,Marche inclinée synthétique,generated_incline_walk.csv
23.86,9.334689216051434,14.66828021072708,-0.7202859479298016,1,synthetic,Marche inclinée synthétique,generated_incline_walk.csv
23.88,9.490199255548966,16.114805614818163,-2.353383740073142,1,synthetic,Marche inclinée synthétique,generated_incline_walk.csv
23.9,8.92891410927257,17.57393740435401,-2.5018390645973025,1,synthetic,Marche inclinée synthétique,generated_incline_walk.csv
23.92,7.820421526579339,17.0551537349699,-1.496586952971704,1,synthetic,Marche inclinée synthétique,generated_incline_walk.csv
23.94,6.730284717849731,17.28785144255081,-1.9350250273885428,1,synthetic,Marche inclinée synthétique,generated_incline_walk.csv
23.96,6.184029583903865,16.929387463474285,-1.3539982604786989,1,synthetic,Marche inclinée synthétique,generated_incline_walk.csv
23.98,5.742734577669772,16.11152304495945,1.2593747109688438,1,synthetic,Marche inclinée synthétique,generated_incline_walk.csv
24.0,5.6670026820916615,14.966869535996045,0.9640094180887093,1,synthetic,Marche inclinée synthétique,generated_incline_walk.csv
24.02,5.083139271242306,15.197785509002399,0.3108820056899506,1,synthetic,Marche inclinée synthétique,generated_incline_walk.csv
24.04,5.793690297262432,15.358167646330195,1.609885873397086,1,synthetic,Marche inclinée synthétique,generated_incline_walk.csv
24.06,6.548433629230586,14.896701023125956,0.8177275196770852,1,synthetic,Marche inclinée synthétique,generated_incline_walk.csv
24.08,5.797501260302849,15.309362133073748,0.17844062536021324,1,synthetic,Marche inclinée synthétique,generated_incline_walk.csv
24.1,5.716063578849796,15.05972449218758,0.08311036617598222,1,synthetic,Marche inclinée synthétique,generated_incline_walk.csv
24.12,6.176760424436106,15.357065275072713,-0.19218561343469848,1,synthetic,Marche inclinée synthétique,generated_incline_walk.csv
24.14,5.3671942344793555,15.788399195578359,-0.5769814376018387,1,synthetic,Marche inclinée synthétique,generated_incline_walk.csv
24.16,5.899149410838116,15.991118025921969,-0.5224350331632742,1,synthetic,Marche inclinée synthétique,generated_incline_walk.csv
24.18,5.422541645325468,15.249677816844075,-0.774729464030619,1,synthetic,Marche inclinée synthétique,generated_incline_walk.csv
24.2,5.16147641844078,15.36904984671103,-0.8296398720855982,1,synthetic,Marche inclinée synthétique,generated_incline_walk.csv
24.22,4.63932475120073,14.985437415788056,-0.5130545579837624,1,synthetic,Marche inclinée synthétique,generated_incline_walk.csv
24.24,5.590511151377146,16.347248556817792,-0.324501175386814,1,synthetic,Marche inclinée synthétique,generated_incline_walk.csv
24.26,4.606324818221607,16.85616766784232,-0.24352860334776272,1,synthetic,Marche inclinée synthétique,generated_incline_walk.csv
24.28,4.725076226187329,16.73304026400914,0.09893975544842415,1,synthetic,Marche inclinée synthétique,generated_incline_walk.csv
24.3,5.238047217604634,16.86218088953679,0.5138476314993249,1,synthetic,Marche inclinée synthétique,generated_incline_walk.csv
24.32,4.422790185559893,17.48531847165767,0.5678173177569854,1,synthetic,Marche inclinée synthétique,generated_incline_walk.csv
24.34,4.6139078084621605,17.231893737934993,0.09339874402604369,1,synthetic,Marche inclinée synthétique,generated_incline_walk.csv
24.36,3.904829659321882,17.908995103016025,-0.3681789655190928,1,synthetic,Marche inclinée synthétique,generated_incline_walk.csv
24.38,3.073937791420722,18.225747138867963,0.08170351995948583,1,synthetic,Marche inclinée synthétique,generated_incline_walk.csv
24.4,1.7134857838128297,18.181652225114526,-0.6126363613263301,1,synthetic,Marche inclinée synthétique,generated_incline_walk.csv
24.42,0.34570154539538406,17.884750154124752,-0.9058810203123996,1,synthetic,Marche inclinée synthétique,generated_incline_walk.csv
24.44,-1.4318057305945522,17.27907661153942,-1.8247662783985912,1,synthetic,Marche inclinée synthétique,generated_incline_walk.csv
24.46,-4.635568438365723,17.12706706532096,-2.211306931573939,1,synthetic,Marche inclinée synthétique,generated_incline_walk.csv
24.48,-8.131064265324875,17.007610066806432,-3.698750011888874,1,synthetic,Marche inclinée synthétique,generated_incline_walk.csv
24.5,-13.777876424762827,18.545323136774595,-4.496529842669702,1,synthetic,Marche inclinée synthétique,generated_incline_walk.csv
24.52,-20.83062841386282,19.92866700904003,-6.377909877663181,1,synthetic,Marche inclinée synthétique,generated_incline_walk.csv
24.54,-30.086092010805515,21.905094377731057,-7.301273729835951,1,synthetic,Marche inclinée synthétique,generated_incline_walk.csv
24.56,-40.359996732760465,25.691929203891867,-9.711591119134741,1,synthetic,Marche inclinée synthétique,generated_incline_walk.csv
24.58,-50.051386003604094,27.39526294547174,-10.762871557047228,1,synthetic,Marche inclinée synthétique,generated_incline_walk.csv
24.6,-57.11366471996727,25.62029722027232,-9.397448582686923,1,synthetic,Marche inclinée synthétique,generated_incline_walk.csv
24.62,-61.67808171972868,25.195067478442475,-7.773575705218316,1,synthetic,Marche inclinée synthétique,generated_incline_walk.csv
24.64,-63.02584702261944,25.067920689609196,-4.568492041311448,1,synthetic,Marche inclinée synthétique,generated_incline_walk.csv
24.66,-62.28043415956563,21.73820780510492,-1.7501848270457927,1,synthetic,Marche inclinée synthétique,generated_incline_walk.csv
24.68,-59.76219940627412,19.28800787762509,1.629529757137374,1,synthetic,Marche inclinée synthétique,generated_incline_walk.csv
24.7,-55.56351095238755,19.23845047158446,4.458943552928391,1,synthetic,Marche inclinée synthétique,generated_incline_walk.csv
24.72,-51.14303839291211,19.217833599820136,5.467098169743551,1,synthetic,Marche inclinée synthétique,generated_incline_walk.csv
24.74,-46.83975691447434,16.23140382394825,6.449300562650653,1,synthetic,Marche inclinée synthétique,generated_incline_walk.csv
24.76,-41.27754948533027,15.127514919145886,6.682521542691368,1,synthetic,Marche inclinée synthétique,generated_incline_walk.csv
24.78,-34.997088857781904,16.590593983689217,6.4859143982511,1,synthetic,Marche inclinée synthétique,generated_incline_walk.csv
24.8,-28.99575634302686,15.674783677949591,6.51253764307243,1,synthetic,Marche inclinée synthétique,generated_incline_walk.csv
24.82,-23.100086981339537,15.476002909890626,5.272269236234358,1,synthetic,Marche inclinée synthétique,generated_incline_walk.csv
24.84,-17.635878024869214,15.597015930188135,4.438874392914162,1,synthetic,Marche inclinée synthétique,generated_incline_walk.csv
24.86,-12.18522793694328,15.53236282028404,3.0824372866456913,1,synthetic,Marche inclinée synthétique,generated_incline_walk.csv
24.88,-6.343321028600161,15.857139555683165,1.396597771638028,1,synthetic,Marche inclinée synthétique,generated_incline_walk.csv
24.9,-0.911744159958213,14.178119930153455,0.3198267798980985,1,synthetic,Marche inclinée synthétique,generated_incline_walk.csv
24.92,3.6954086865252544,14.292958425790406,-1.7796874861045033,1,synthetic,Marche inclinée synthétique,generated_incline_walk.csv
24.94,8.45821284283915,13.663198415545475,-2.0485522085148493,1,synthetic,Marche inclinée synthétique,generated_incline_walk.csv
24.96,11.751019121410442,14.155975996104033,-3.835197827381999,1,synthetic,Marche inclinée synthétique,generated_incline_walk.csv
24.98,14.750414464713236,14.274929021128255,-5.10088283456146,1,synthetic,Marche inclinée synthétique,generated_incline_walk.csv
25.0,16.667583584019493,14.699795599234925,-6.869843258787962,1,synthetic,Marche inclinée synthétique,generated_incline_walk.csv
25.02,16.744926095761432,14.76383112484254,-8.094990717165743,1,synthetic,Marche inclinée synthétique,generated_incline_walk.csv
25.04,16.66463657410114,15.651624776291154,-9.232826697704326,1,synthetic,Marche inclinée synthétique,generated_incline_walk.csv
25.06,14.05896566545132,14.979313930605736,-8.440811459665039,1,synthetic,Marche inclinée synthétique,generated_incline_walk.csv
25.08,11.98083205571755,14.473655564605497,-6.560988479769737,1,synthetic,Marche inclinée synthétique,generated_incline_walk.csv
25.1,9.091060773392542,13.192703504640868,-4.087058941317897,1,synthetic,Marche inclinée synthétique,generated_incline_walk.csv
25.12,6.667354240468714,12.345191223451556,-2.490563822339201,1,synthetic,Marche inclinée synthétique,generated_incline_walk.csv
25.14,5.113176353133927,11.219711205308702,-0.704600112435196,1,synthetic,Marche inclinée synthétique,generated_incline_walk.csv
25.16,5.333944256591012,11.514353949128184,0.013738738452501731,1,synthetic,Marche inclinée synthétique,generated_incline_walk.csv
25.18,5.4988457477891854,11.082784832127885,0.5600221645800929,1,synthetic,Marche inclinée synthétique,generated_incline_walk.csv
25.2,5.639091340284639,10.782267004437236,1.0006121434086064,1,synthetic,Marche inclinée synthétique,generated_incline_walk.csv
25.22,6.462173246338809,10.627702595520274,1.3746330068808408,1,synthetic,Marche inclinée synthétique,generated_incline_walk.csv
25.24,5.58367991734334,10.682639509990798,2.2918961439591454,1,synthetic,Marche inclinée synthétique,generated_incline_walk.csv
25.26,5.681166480007918,10.440290241604066,2.206422746301206,1,synthetic,Marche inclinée synthétique,generated_incline_walk.csv
25.28,6.326388022685901,10.273467623503073,2.424959423400526,1,synthetic,Marche inclinée synthétique,generated_incline_walk.csv
25.3,6.113478223635892,10.844664889151215,2.9719407886104836,1,synthetic,Marche inclinée synthétique,generated_incline_walk.csv
25.32,6.428266739911966,10.467568542808346,2.9842440422450567,1,synthetic,Marche inclinée synthétique,generated_incline_walk.csv
25.34,5.730523573226961,10.356220370225815,4.178176189701295,1,synthetic,Marche inclinée synthétique,generated_incline_walk.csv
25.36,5.835834296573913,10.4049385136104,3.8733183362868813,1,synthetic,Marche inclinée synthétique,generated_incline_walk.csv
25.38,5.965783902761267,10.760678286130764,3.3903839279444576,1,synthetic,Marche inclinée synthétique,generated_incline_walk.csv
25.4,5.719339494817584,10.64431032801948,2.7247511058504954,1,synthetic,Marche inclinée synthétique,generated_incline_walk.csv
25.42,6.041707951667608,10.64472510304399,2.789576483710987,1,synthetic,Marche inclinée synthétique,generated_incline_walk.csv
25.44,6.052353697921385,11.078916815888281,2.288608116940279,1,synthetic,Marche inclinée synthétique,generated_incline_walk.csv
25.46,6.329558190129756,11.202249034939074,1.8487771083855091,1,synthetic,Marche inclinée synthétique,generated_incline_walk.csv
25.48,5.935595975708396,11.080040684047306,0.9899516937555644,1,synthetic,Marche inclinée synthétique,generated_incline_walk.csv
25.5,5.672210157507927,11.281675621264212,1.029131817824839,1,synthetic,Marche inclinée synthétique,generated_incline_walk.csv
25.52,5.617157489981762,12.298523069298197,0.6570855166480408,1,synthetic,Marche inclinée synthétique,generated_incline_walk.csv
25.54,5.3497046113938715,12.21688056996627,0.39508859110845596,1,synthetic,Marche inclinée synthétique,generated_incline_walk.csv
25.56,4.623285077067337,13.059348091759844,0.04250594447948469,1,synthetic,Marche inclinée synthétique,generated_incline_walk.csv
25.58,3.4285680296551653,13.30015930866105,0.33853284667396055,1,synthetic,Marche inclinée synthétique,generated_incline_walk.csv
25.6,1.8784368851552478,13.426250846111671,-0.28962590195112065,1,synthetic,Marche inclinée synthétique,generated_incline_walk.csv
25.62,0.023396913098190364,13.596155467173038,-1.174534231620243,1,synthetic,Marche inclinée synthétique,generated_incline_walk.csv
25.64,-2.6799348388975064,14.285658522627005,-1.555118983319544,1,synthetic,Marche inclinée synthétique,generated_incline_walk.csv
25.66,-5.681327799690346,13.835545637460212,-2.09795120345942,1,synthetic,Marche inclinée synthétique,generated_incline_walk.csv
25.68,-10.342862611266899,14.666896349592793,-3.602930625637171,1,synthetic,Marche inclinée synthétique,generated_incline_walk.csv
25.7,-15.90424639508463,15.993697136056227,-6.338961806165041,1,synthetic,Marche inclinée synthétique,generated_incline_walk.csv
25.72,-23.982632451345292,18.034821486641864,-8.38363413111729,1,synthetic,Marche inclinée synthétique,generated_incline_walk.csv
25.74,-33.21997789578592,20.987371490524733,-11.210412906442938,1,synthetic,Marche inclinée synthétique,generated_incline_walk.csv
25.76,-43.024033294582765,25.46008264073699,-12.939991479440604,1,synthetic,Marche inclinée synthétique,generated_incline_walk.csv
25.78,-52.380066350012996,25.081492211577388,-14.462459430652595,1,synthetic,Marche inclinée synthétique,generated_incline_walk.csv
25.8,-57.34874978482731,23.747259262528516,-13.834442663300003,1,synthetic,Marche inclinée synthétique,generated_incline_walk.csv
25.82,-59.910356112892075,23.942990789375898,-12.293928649171356,1,synthetic,Marche inclinée synthétique,generated_incline_walk.csv
25.84,-60.38427784425344,22.507133409128063,-9.237003496860913,1,synthetic,Marche inclinée synthétique,generated_incline_walk.csv
25.86,-59.10398786861021,18.365898505509502,-5.26347179917392,1,synthetic,Marche inclinée synthétique,generated_incline_walk.csv
25.88,-55.302691282560424,18.4601658996825,-2.0043416213154606,1,synthetic,Marche inclinée synthétique,generated_incline_walk.csv
25.9,-51.9353011478853,19.575280944892427,0.7889867578494467,1,synthetic,Marche inclinée synthétique,generated_incline_walk.csv
25.92,-48.42815151071592,17.10732606594204,2.3998131173094146,1,synthetic,Marche inclinée synthétique,generated_incline_walk.csv
25.94,-43.323677224167135,15.2218866168411,3.3535230678081644,1,synthetic,Marche inclinée synthétique,generated_incline_walk.csv
25.96,-37.86878040385998,15.600569079858658,4.048843614842813,1,synthetic,Marche inclinée synthétique,generated_incline_walk.csv
25.98,-31.576176992322658,15.804192085201379,4.238314546891363,1,synthetic,Marche inclinée synthétique,generated_incline_walk.csv
26.0,-26.652235108138385,16.481674034710835,3.391881954969768,1,synthetic,Marche inclinée synthétique,generated_incline_walk.csv
26.02,-21.001478658092545,17.705140717480397,3.4742123894742205,1,synthetic,Marche inclinée synthétique,generated_incline_walk.csv
26.04,-14.134025619345579,18.414811799648675,2.3869355546987014,1,synthetic,Marche inclinée synthétique,generated_incline_walk.csv
26.06,-8.088952228773088,19.78701118744182,-0.7210675479411027,1,synthetic,Marche inclinée synthétique,generated_incline_walk.csv
26.08,-2.5892581474212744,19.189632689667757,-1.5022215012770197,1,synthetic,Marche inclinée synthétique,generated_incline_walk.csv
26.1,2.7627882661409857,18.442526968731936,-3.18750025128419,1,synthetic,Marche inclinée synthétique,generated_incline_walk.csv
26.12,7.8615541118677905,17.759138203095652,-3.89647667041154,1,synthetic,Marche inclinée synthétique,generated_incline_walk.csv
26.14,12.307689580761974,17.417033553663106,-4.666080534921532,1,synthetic,Marche inclinée synthétique,generated_incline_walk.csv
26.16,14.61293843850706,16.04391532856362,-5.064526026391683,1,synthetic,Marche inclinée synthétique,generated_incline_walk.csv
26.18,17.264886569230352,15.879737977169865,-5.390806386059724,1,synthetic,Marche inclinée synthétique,generated_incline_walk.csv
26.2,18.050115550804144,15.549328296465815,-6.579303581057865,1,synthetic,Marche inclinée synthétique,generated_incline_walk.csv
26.22,16.526572910282322,15.959175240969067,-7.012903897942681,1,synthetic,Marche inclinée synthétique,generated_incline_walk.csv
26.24,14.097336268470995,15.348163350683347,-7.038357021473369,1,synthetic,Marche inclinée synthétique,generated_incline_walk.csv
26.26,10.792140105683766,15.147470772378849,-6.697471386357252,1,synthetic,Marche inclinée synthétique,generated_incline_walk.csv
26.28,7.9799440014584135,14.388431049090787,-4.87159240972827,1,synthetic,Marche inclinée synthétique,generated_incline_walk.csv
26.3,6.018712676833356,13.38787675279302,-2.76285361707108,1,synthetic,Marche inclinée synthétique,generated_incline_walk.csv
26.32,4.896888117570842,12.09046568694308,-0.8965215038028516,1,synthetic,Marche inclinée synthétique,generated_incline_walk.csv
26.34,4.6151337212438985,12.269780837132064,0.04358892893429889,1,synthetic,Marche inclinée synthétique,generated_incline_walk.csv
26.36,4.871528575933925,12.017129016096574,1.6571493141739673,1,synthetic,Marche inclinée synthétique,generated_incline_walk.csv
26.38,5.332187609949303,11.61878129889099,1.5982666645880463,1,synthetic,Marche inclinée synthétique,generated_incline_walk.csv
26.4,6.091367639987433,11.621066990425327,1.60773049507019,1,synthetic,Marche inclinée synthétique,generated_incline_walk.csv
26.42,5.698354612847089,11.667392399665559,1.0782774932179726,1,synthetic,Marche inclinée synthétique,generated_incline_walk.csv
26.44,6.595358291527136,11.766693593437537,1.4278922122275999,1,synthetic,Marche inclinée synthétique,generated_incline_walk.csv
26.46,5.424802313610788,11.302852490156033,0.7716137517974305,1,synthetic,Marche inclinée synthétique,generated_incline_walk.csv
26.48,5.584433484936894,11.671879472577041,0.5132639920413665,1,synthetic,Marche inclinée synthétique,generated_incline_walk.csv
26.5,5.199062507956324,11.995873694196346,-0.0008979564760545067,1,synthetic,Marche inclinée synthétique,generated_incline_walk.csv
26.52,4.640048786675744,12.20243723756838,-1.4304706203582493,1,synthetic,Marche inclinée synthétique,generated_incline_walk.csv
26.54,4.499417733959149,12.138402838625437,-2.151346607641652,1,synthetic,Marche inclinée synthétique,generated_incline_walk.csv
26.56,3.470741933431263,12.144009253347079,-2.1759371633165703,1,synthetic,Marche inclinée synthétique,generated_incline_walk.csv
26.58,3.1825042559609678,13.1978781483955,-2.7046533812620344,1,synthetic,Marche inclinée synthétique,generated_incline_walk.csv
26.6,2.239870324838527,13.742276098694967,-3.335243421025009,1,synthetic,Marche inclinée synthétique,generated_incline_walk.csv
26.62,1.3392341669805545,14.500392508010622,-3.5005640694584574,1,synthetic,Marche inclinée synthétique,generated_incline_walk.csv
26.64,1.3198251168281934,14.671104462014176,-4.014281460929333,1,synthetic,Marche inclinée synthétique,generated_incline_walk.csv
26.66,0.24538472426623126,14.891438964620853,-4.065444158986042,1,synthetic,Marche inclinée synthétique,generated_incline_walk.csv
26.68,-0.6203924329187565,15.86741400393036,-4.114349684698722,1,synthetic,Marche inclinée synthétique,generated_incline_walk.csv
26.7,-0.9455233352635569,16.251155248559083,-4.815667437558157,1,synthetic,Marche inclinée synthétique,generated_incline_walk.csv
26.72,-2.239295903915284,16.519250211059965,-4.106536896667151,1,synthetic,Marche inclinée synthétique,generated_incline_walk.csv
26.74,-3.386766532971265,16.645350090666497,-4.392752904455893,1,synthetic,Marche inclinée synthétique,generated_incline_walk.csv
26.76,-4.707539480531961,16.808320349767534,-5.394052303336954,1,synthetic,Marche inclinée synthétique,generated_incline_walk.csv
26.78,-7.469870733688784,17.458615040154303,-6.123606538564057,1,synthetic,Marche inclinée synthétique,generated_incline_walk.csv
26.8,-10.37614511759237,18.217967642238172,-7.354998537262645,1,synthetic,Marche inclinée synthétique,generated_incline_walk.csv
26.82,-14.922217195704926,19.496808207813007,-9.305405823850329,1,synthetic,Marche inclinée synthétique,generated_incline_walk.csv
26.84,-19.698370106681498,21.206586425963764,-12.262773573530591,1,synthetic,Marche inclinée synthétique,generated_incline_walk.csv
26.86,-26.463580169596977,24.21849413001224,-16.163376700094258,1,synthetic,Marche inclinée synthétique,generated_incline_walk.csv
26.88,-35.54366485472544,29.95176473336421,-19.34099112509768,1,synthetic,Marche inclinée synthétique,generated_incline_walk.csv
26.9,-44.33798722146899,31.355757220182266,-21.79526668623035,1,synthetic,Marche inclinée synthétique,generated_incline_walk.csv
26.92,-52.075240538473864,31.029922507364276,-23.248775635680687,1,synthetic,Marche inclinée synthétique,generated_incline_walk.csv
26.94,-57.75551245660021,29.610371143704185,-22.39921781395587,1,synthetic,Marche inclinée synthétique,generated_incline_walk.csv
26.96,-60.98155604026319,28.914016474257483,-19.290315971365228,1,synthetic,Marche inclinée synthétique,generated_incline_walk.csv
26.98,-60.60292640119241,25.345697488508765,-14.507346451099508,1,synthetic,Marche inclinée synthétique,generated_incline_walk.csv
27.0,-59.50569050655853,23.118786861222045,-9.959644079788182,1,synthetic,Marche inclinée synthétique,generated_incline_walk.csv
27.02,-56.75713899040691,24.37040433309677,-4.517088028662204,1,synthetic,Marche inclinée synthétique,generated_incline_walk.csv
27.04,-53.216105943908204,23.721610086105155,0.2614365989712658,1,synthetic,Marche inclinée synthétique,generated_incline_walk.csv
27.06,-49.1001219843834,22.149872797303864,3.8258010399234186,1,synthetic,Marche inclinée synthétique,generated_incline_walk.csv
27.08,-44.71688108397093,21.080736886153595,6.5538386728227715,1,synthetic,Marche inclinée synthétique,generated_incline_walk.csv
27.1,-38.591311807042054,20.392498457030676,6.621200404846015,1,synthetic,Marche inclinée synthétique,generated_incline_walk.csv
27.12,-32.949141267934124,20.69582349769108,6.7672476423966,1,synthetic,Marche inclinée synthétique,generated_incline_walk.csv
27.14,-27.066627948490204,19.277263758704425,5.87196537694579,1,synthetic,Marche inclinée synthétique,generated_incline_walk.csv
27.16,-21.901805277364428,20.112774325732406,4.8563849892442175,1,synthetic,Marche inclinée synthétique,generated_incline_walk.csv
27.18,-16.286884401813534,19.607359967486364,3.5103482295637254,1,synthetic,Marche inclinée synthétique,generated_incline_walk.csv
27.2,-9.93289577797777,18.993500384176638,1.517606224269605,1,synthetic,Marche inclinée synthétique,generated_incline_walk.csv
27.22,-4.618814114703741,19.057693064812007,-0.7383397452430717,1,synthetic,Marche inclinée synthétique,generated_incline_walk.csv
27.24,1.458856127168251,18.380506973247734,-2.311760692281992,1,synthetic,Marche inclinée synthétique,generated_incline_walk.csv
27.26,6.679765734185172,17.847880638710325,-3.372224874640583,1,synthetic,Marche inclinée synthétique,generated_incline_walk.csv
27.28,11.69298049797381,17.206390174663728,-4.598962513463267,1,synthetic,Marche inclinée synthétique,generated_incline_walk.csv
27.3,15.66642295438696,18.182800744742263,-6.074455108618458,1,synthetic,Marche inclinée synthétique,generated_incline_walk.csv
27.32,19.060037302542735,16.918399455157854,-6.528810240702238,1,synthetic,Marche inclinée synthétique,generated_incline_walk.csv
27.34,20.173564142920455,18.125103922473915,-7.913663931053078,1,synthetic,Marche inclinée synthétique,generated_incline_walk.csv
27.36,21.70036083293304,19.352001430466128,-9.466620050330407,1,synthetic,Marche inclinée synthétique,generated_incline_walk.csv
27.38,21.979946492710614,20.07158393466781,-9.929793215643269,1,synthetic,Marche inclinée synthétique,generated_incline_walk.csv
27.4,20.109199315043224,19.202923187011855,-9.21592464854016,1,synthetic,Marche inclinée synthétique,generated_incline_walk.csv
27.42,16.593204313569466,18.322232696285653,-8.489718266311469,1,synthetic,Marche inclinée synthétique,generated_incline_walk.csv
27.44,14.109715789306177,17.243604834148854,-7.201392470533259,1,synthetic,Marche inclinée synthétique,generated_incline_walk.csv
27.46,11.047926548632333,15.636936425848914,-5.405153042112522,1,synthetic,Marche inclinée synthétique,generated_incline_walk.csv
27.48,7.111052970330776,13.699867045470743,-2.939531743972327,1,synthetic,Marche inclinée synthétique,generated_incline_walk.csv
27.5,5.98273123351022,12.748635456168099,-2.6456915946965216,1,synthetic,Marche inclinée synthétique,generated_incline_walk.csv
27.52,5.870538791655302,12.378806621239756,-1.5037201437522671,1,synthetic,Marche inclinée synthétique,generated_incline_walk.csv
27.54,4.884270998421683,12.514753932049665,-1.1073729953092473,1,synthetic,Marche inclinée synthétique,generated_incline_walk.csv
27.56,5.465168169333395,11.683006681366214,-1.3943649545913346,1,synthetic,Marche inclinée synthétique,generated_incline_walk.csv
27.58,5.394351640888368,11.470988196085727,-1.594012006294593,1,synthetic,Marche inclinée synthétique,generated_incline_walk.csv
27.6,5.443724069597281,12.519521329348144,-2.313720464865396,1,synthetic,Marche inclinée synthétique,generated_incline_walk.csv
27.62,4.958697531038063,11.702738992102383,-2.6631278596631773,1,synthetic,Marche inclinée synthétique,generated_incline_walk.csv
27.64,5.711563461528251,11.7090525526233,-2.6905254621047927,1,synthetic,Marche inclinée synthétique,generated_incline_walk.csv
27.66,5.088006159220469,12.047217777634375,-3.4017759809982895,1,synthetic,Marche inclinée synthétique,generated_incline_walk.csv
27.68,5.671950231366455,12.808372836196366,-3.781458790267561,1,synthetic,Marche inclinée synthétique,generated_incline_walk.csv
27.7,5.001149083572306,12.56756594941322,-4.17634115932939,1,synthetic,Marche inclinée synthétique,generated_incline_walk.csv
27.72,5.6455695482541834,12.905327854591796,-3.2308484295580073,1,synthetic,Marche inclinée synthétique,generated_incline_walk.csv
27.74,5.369169072496355,12.350260059215078,-3.1458740056671575,1,synthetic,Marche inclinée synthétique,generated_incline_walk.csv
27.76,6.041643912540343,12.958809511618032,-2.5249968414542163,1,synthetic,Marche inclinée synthétique,generated_incline_walk.csv
27.78,5.643450206509393,13.263562767500119,-2.4631682236282586,1,synthetic,Marche inclinée synthétique,generated_incline_walk.csv
27.8,5.481855699543526,13.419327273239157,-1.974167318192246,1,synthetic,Marche inclinée synthétique,generated_incline_walk.csv
27.82,5.5438139173023835,14.025299030727902,-1.723506128384539,1,synthetic,Marche inclinée synthétique,generated_incline_walk.csv
27.84,5.631245654991598,13.974222934339345,-1.1951953364867087,1,synthetic,Marche inclinée synthétique,generated_incline_walk.csv
27.86,5.850615806143955,13.248486586020572,-1.6292773212954308,1,synthetic,Marche inclinée synthétique,generated_incline_walk.csv
27.88,5.439651392367721,14.031024054692548,-1.6676282706474184,1,synthetic,Marche inclinée synthétique,generated_incline_walk.csv
27.9,4.804633149533661,14.669564763128951,-1.1663572240216882,1,synthetic,Marche inclinée synthétique,generated_incline_walk.csv
27.92,4.292275212220543,15.259397512828052,-0.866962657340983,1,synthetic,Marche inclinée synthétique,generated_incline_walk.csv
27.94,3.326461227238888,15.740610384073554,-1.4462804418572548,1,synthetic,Marche inclinée synthétique,generated_incline_walk.csv
27.96,1.0249993479823565,16.230035045579438,-1.3541567544993522,1,synthetic,Marche inclinée synthétique,generated_incline_walk.csv
27.98,-0.4181891605487222,15.750034187636029,-2.1529521419960105,1,synthetic,Marche inclinée synthétique,generated_incline_walk.csv
28.0,-2.7601431858962373,15.857001681835094,-3.176522529719881,1,synthetic,Marche inclinée synthétique,generated_incline_walk.csv
28.02,-7.310202516101538,17.348109353911024,-5.66494998634465,1,synthetic,Marche inclinée synthétique,generated_incline_walk.csv
28.04,-12.028554213621792,17.936675237592773,-7.421532478777783,1,synthetic,Marche inclinée synthétique,generated_incline_walk.csv
28.06,-17.78821390402195,19.030827622811103,-10.219371919124226,1,synthetic,Marche inclinée synthétique,generated_incline_walk.csv
28.08,-25.426876182027556,21.448933819214027,-13.425156760987065,1,synthetic,Marche inclinée synthétique,generated_incline_walk.csv
28.1,-34.72001794787184,26.53118594357148,-17.265146253336965,1,synthetic,Marche inclinée synthétique,generated_incline_walk.csv
28.12,-44.15222024731607,29.07324037750211,-19.37594234563692,1,synthetic,Marche inclinée synthétique,generated_incline_walk.csv
28.14,-51.362931105885,27.930537677543537,-21.17797841255941,1,synthetic,Marche inclinée synthétique,generated_incline_walk.csv
28.16,-57.03433437334001,27.422246966911324,-20.25751467609838,1,synthetic,Marche inclinée synthétique,generated_incline_walk.csv
28.18,-60.6587601868895,27.07217794999046,-17.62338192747971,1,synthetic,Marche inclinée synthétique,generated_incline_walk.csv
28.2,-61.31809269973487,23.887860010432988,-14.026111472286424,1,synthetic,Marche inclinée synthétique,generated_incline_walk.csv
28.22,-59.02091384014513,20.898846017674234,-9.87571321019652,1,synthetic,Marche inclinée synthétique,generated_incline_walk.csv
28.24,-55.81991303319757,21.206063716548858,-5.37382692326138,1,synthetic,Marche inclinée synthétique,generated_incline_walk.csv
28.26,-52.474476115079696,22.482938601888755,-1.2189086621995178,1,synthetic,Marche inclinée synthétique,generated_incline_walk.csv
28.28,-47.8194364657097,19.7460475044258,1.2394136118880035,1,synthetic,Marche inclinée synthétique,generated_incline_walk.csv
28.3,-42.17204078282022,20.077623713291036,3.0718285485050485,1,synthetic,Marche inclinée synthétique,generated_incline_walk.csv
28.32,-37.06422723668357,19.690575858396898,4.101147149735408,1,synthetic,Marche inclinée synthétique,generated_incline_walk.csv
28.34,-31.366951767308183,20.686935279833527,4.26289277669178,1,synthetic,Marche inclinée synthétique,generated_incline_walk.csv
28.36,-25.505943114952274,21.122568414783053,3.9864193340650633,1,synthetic,Marche inclinée synthétique,generated_incline_walk.csv
28.38,-19.434730806260674,21.622361229082244,3.0600287427509616,1,synthetic,Marche inclinée synthétique,generated_incline_walk.csv
28.4,-13.709043711373095,21.650436422779283,0.9974504554151281,1,synthetic,Marche inclinée synthétique,generated_incline_walk.csv
28.42,-7.465350335857042,20.87021361639887,-0.8096918328414483,1,synthetic,Marche inclinée synthétique,generated_incline_walk.csv
28.44,-1.8258760980108222,20.013243588545727,-1.8975719992424112,1,synthetic,Marche inclinée synthétique,generated_incline_walk.csv
28.46,4.200977066244189,19.764977639644897,-3.3746744592077524,1,synthetic,Marche inclinée synthétique,generated_incline_walk.csv
28.48,8.616875285213174,19.492218386913454,-5.319735089231642,1,synthetic,Marche inclinée synthétique,generated_incline_walk.csv
28.5,13.27121939243448,18.843219858720737,-6.132064765690083,1,synthetic,Marche inclinée synthétique,generated_incline_walk.csv
28.52,17.10821291375168,19.68488796215906,-7.596750711438484,1,synthetic,Marche inclinée synthétique,generated_incline_walk.csv
28.54,20.268841615063973,20.141103386414613,-8.918027836228006,1,synthetic,Marche inclinée synthétique,generated_incline_walk.csv
28.56,21.20511114791431,20.812599856101638,-9.9643914833634,1,synthetic,Marche inclinée synthétique,generated_incline_walk.csv
28.58,21.303484953941524,21.301700640525727,-10.87413181074946,1,synthetic,Marche inclinée synthétique,generated_incline_walk.csv
28.6,20.467719901812988,20.72287037490073,-10.255396800606961,1,synthetic,Marche inclinée synthétique,generated_incline_walk.csv
28.62,17.121437890585266,20.159703492088244,-9.00598704274183,1,synthetic,Marche inclinée synthétique,generated_incline_walk.csv
28.64,14.01584928370954,18.331132714856764,-7.015328126713412,1,synthetic,Marche inclinée synthétique,generated_incline_walk.csv
28.66,11.477952584858027,17.45754896896342,-4.333313699647071,1,synthetic,Marche inclinée synthétique,generated_incline_walk.csv
28.68,7.323036961939844,16.11670006296117,-2.654880023260691,1,synthetic,Marche inclinée synthétique,generated_incline_walk.csv
28.7,4.874910057049666,14.932952820022582,-1.9988041648139787,1,synthetic,Marche inclinée synthétique,generated_incline_walk.csv
28.72,5.864233149459658,15.676883490717307,-1.80259225230839,1,synthetic,Marche inclinée synthétique,generated_incline_walk.csv
28.74,5.877895803360092,15.263833364019927,-1.677558254136944,1,synthetic,Marche inclinée synthétique,generated_incline_walk.csv
28.76,4.912264093274492,14.593856672725217,-2.764181463939799,1,synthetic,Marche inclinée synthétique,generated_incline_walk.csv
28.78,5.052368295662241,14.739768884828058,-2.7744169077757554,1,synthetic,Marche inclinée synthétique,generated_incline_walk.csv
28.8,5.387659794590329,14.830680001811963,-2.5598590268859005,1,synthetic,Marche inclinée synthétique,generated_incline_walk.csv
28.82,4.984928533035765,14.983193198815151,-3.5278326925271517,1,synthetic,Marche inclinée synthétique,generated_incline_walk.csv
28.84,5.613846598083943,15.158199693740956,-3.2065439040782544,1,synthetic,Marche inclinée synthétique,generated_incline_walk.csv
28.86,5.209444637085115,15.645510831297894,-3.7577229645180594,1,synthetic,Marche inclinée synthétique,generated_incline_walk.csv
28.88,5.785849900830296,16.20186674282217,-4.209126910188712,1,synthetic,Marche inclinée synthétique,generated_incline_walk.csv
28.9,5.546849518366214,15.910958733124675,-4.2638055167018605,1,synthetic,Marche inclinée synthétique,generated_incline_walk.csv
28.92,5.755699393632179,16.07500432496498,-4.539474457836609,1,synthetic,Marche inclinée synthétique,generated_incline_walk.csv
28.94,6.035533779313081,16.223332669258696,-3.2859104779067203,1,synthetic,Marche inclinée synthétique,generated_incline_walk.csv
28.96,5.890032405370807,16.146879405423213,-3.1210393118756015,1,synthetic,Marche inclinée synthétique,generated_incline_walk.csv
28.98,5.764621608743055,16.7358371406891,-2.055115818789708,1,synthetic,Marche inclinée synthétique,generated_incline_walk.csv
29.0,6.44741221389676,16.603981311312985,-2.179509991429933,1,synthetic,Marche inclinée synthétique,generated_incline_walk.csv
29.02,5.782386715990436,16.668995169697194,-2.379677299727203,1,synthetic,Marche inclinée synthétique,generated_incline_walk.csv
29.04,6.675763548493777,17.376746059381784,-2.4838023678121903,1,synthetic,Marche inclinée synthétique,generated_incline_walk.csv
29.06,5.972715783033253,16.835628919040378,-2.3933521231339623,1,synthetic,Marche inclinée synthétique,generated_incline_walk.csv
29.08,5.823777691066396,17.520006871306165,-1.6832631795149682,1,synthetic,Marche inclinée synthétique,generated_incline_walk.csv
29.1,5.656467721146964,17.893849211921633,-1.254143542590568,1,synthetic,Marche inclinée synthétique,generated_incline_walk.csv
29.12,5.0772423460889895,18.340021039271168,-1.3559096072252068,1,synthetic,Marche inclinée synthétique,generated_incline_walk.csv
29.14,4.15047016197446,18.26639207643194,-0.531406202119998,1,synthetic,Marche inclinée synthétique,generated_incline_walk.csv
29.16,2.309250216710634,18.757327269419562,-0.5533416379012294,1,synthetic,Marche inclinée synthétique,generated_incline_walk.csv
29.18,0.6948865083631791,19.22558613320138,-1.646061853178346,1,synthetic,Marche inclinée synthétique,generated_incline_walk.csv
29.2,-1.378996656923051,19.666379738482803,-2.471448989792183,1,synthetic,Marche inclinée synthétique,generated_incline_walk.csv
29.22,-4.848361498119358,19.86214855411764,-4.412783733765942,1,synthetic,Marche inclinée synthétique,generated_incline_walk.csv
29.24,-9.705951401968456,20.826374004174387,-5.776271246540599,1,synthetic,Marche inclinée synthétique,generated_incline_walk.csv
29.26,-15.53559543715295,22.097271911986113,-8.61943228430636,1,synthetic,Marche inclinée synthétique,generated_incline_walk.csv
29.28,-24.217292918467926,24.399038922931204,-11.209065642475029,1,synthetic,Marche inclinée synthétique,generated_incline_walk.csv
29.3,-33.43770842615217,27.239558984656068,-13.940691720543219,1,synthetic,Marche inclinée synthétique,generated_incline_walk.csv
29.32,-42.15459634699664,29.926038048314254,-14.929842931253285,1,synthetic,Marche inclinée synthétique,generated_incline_walk.csv
29.34,-47.91716956326261,29.04315763388298,-14.770713903504314,1,synthetic,Marche inclinée synthétique,generated_incline_walk.csv
29.36,-51.64147690777343,28.13533218882264,-12.200301359822165,1,synthetic,Marche inclinée synthétique,generated_incline_walk.csv
29.38,-53.4227115117473,27.487687243675598,-9.501727553097583,1,synthetic,Marche inclinée synthétique,generated_incline_walk.csv
29.4,-52.73515074175136,25.764779874180412,-6.100936412585619,1,synthetic,Marche inclinée synthétique,generated_incline_walk.csv
29.42,-50.10667926949508,23.82613539477029,-2.2418974433188277,1,synthetic,Marche inclinée synthétique,generated_incline_walk.csv
29.44,-48.68969670060847,24.700585045743274,0.9025712908261777,1,synthetic,Marche inclinée synthétique,generated_incline_walk.csv
29.46,-45.64666768703435,23.681482783703462,2.8834952846510657,1,synthetic,Marche inclinée synthétique,generated_incline_walk.csv
29.48,-40.59091563130191,22.24357502228728,3.853432831989169,1,synthetic,Marche inclinée synthétique,generated_incline_walk.csv
29.5,-36.00869026861999,21.5381114316034,5.0971802613529835,1,synthetic,Marche inclinée synthétique,generated_incline_walk.csv
29.52,-30.894200858118136,21.336873650297207,4.767694414028369,1,synthetic,Marche inclinée synthétique,generated_incline_walk.csv
29.54,-25.745168895763904,21.90863794962549,4.581682086573764,1,synthetic,Marche inclinée synthétique,generated_incline_walk.csv
29.56,-19.905279683990404,22.46215936556225,2.1511668413837133,1,synthetic,Marche inclinée synthétique,generated_incline_walk.csv
29.58,-15.11327472376147,22.343005065240142,1.1939002692877132,1,synthetic,Marche inclinée synthétique,generated_incline_walk.csv
29.6,-8.267214422792192,22.051317273761796,0.31055046749062404,1,synthetic,Marche inclinée synthétique,generated_incline_walk.csv
29.62,-3.0723827437104743,21.443820169796986,-1.3911414356219105,1,synthetic,Marche inclinée synthétique,generated_incline_walk.csv
29.64,1.8706854205978893,20.367620359139707,-2.745038874847045,1,synthetic,Marche inclinée synthétique,generated_incline_walk.csv
29.66,6.738506634228233,18.751567682404296,-3.6828328676553648,1,synthetic,Marche inclinée synthétique,generated_incline_walk.csv
29.68,11.297086663844452,17.550699529865295,-3.4212241112660804,1,synthetic,Marche inclinée synthétique,generated_incline_walk.csv
29.7,14.409536230038077,16.69463655716871,-3.6776333499722242,1,synthetic,Marche inclinée synthétique,generated_incline_walk.csv
29.72,16.66585024996858,16.645541282964032,-3.227986332170267,1,synthetic,Marche inclinée synthétique,generated_incline_walk.csv
29.74,17.901500807874427,17.873623521711114,-3.9069073136769505,1,synthetic,Marche inclinée synthétique,generated_incline_walk.csv
29.76,18.0016703280293,19.50713191002044,-4.960793101712197,1,synthetic,Marche inclinée synthétique,generated_incline_walk.csv
29.78,18.02598554038708,21.11232125063721,-6.109348033340262,1,synthetic,Marche inclinée synthétique,generated_incline_walk.csv
29.8,15.46103704786864,20.404722430756678,-4.908098674386512,1,synthetic,Marche inclinée synthétique,generated_incline_walk.csv
29.82,11.704016324405663,19.706667034746502,-3.2905849329289443,1,synthetic,Marche inclinée synthétique,generated_incline_walk.csv
29.84,9.428549202202532,17.94120257655608,-1.8097270306615711,1,synthetic,Marche inclinée synthétique,generated_incline_walk.csv
29.86,7.400611780839682,15.509464911748568,-0.16154931653436105,1,synthetic,Marche inclinée synthétique,generated_incline_walk.csv
29.88,5.325850098550241,14.43028626608263,0.6412535564414015,1,synthetic,Marche inclinée synthétique,generated_incline_walk.csv
29.9,4.661929721054289,14.716015633040358,-0.03193997779305399,1,synthetic,Marche inclinée synthétique,generated_incline_walk.csv
29.92,5.784342544576931,14.871490333018636,-0.12386192315640404,1,synthetic,Marche inclinée synthétique,generated_incline_walk.csv
29.94,5.374880594798924,14.84254922142952,-0.7950776286027875,1,synthetic,Marche inclinée synthétique,generated_incline_walk.csv
29.96,5.611372306163185,15.601912343279118,-2.2399198588400018,1,synthetic,Marche inclinée synthétique,generated_incline_walk.csv
29.98,5.177334219143657,15.04767786507233,-3.143507401559969,1,synthetic,Marche inclinée synthétique,generated_incline_walk.csv
30.0,5.2037093444002,15.225348501239186,-4.312679842104579,1,synthetic,Marche inclinée synthétique,generated_incline_walk.csv
30.02,5.7310820163976315,15.998850334938373,-5.045093961081412,1,synthetic,Marche inclinée synthétique,generated_incline_walk.csv
30.04,5.292576047229876,16.16075424826055,-5.945477850657341,1,synthetic,Marche inclinée synthétique,generated_incline_walk.csv
30.06,4.888020131554882,16.698322561404915,-6.366519243109102,1,synthetic,Marche inclinée synthétique,generated_incline_walk.csv
30.08,5.280651926971185,17.17626403751797,-6.981739157366827,1,synthetic,Marche inclinée synthétique,generated_incline_walk.csv
30.1,5.05522322390654,18.059835788514757,-7.554942503117174,1,synthetic,Marche inclinée synthétique,generated_incline_walk.csv
30.12,5.515269549109078,17.120006978159967,-7.159025453973441,1,synthetic,Marche inclinée synthétique,generated_incline_walk.csv
30.14,4.57161254969325,17.40412953051385,-6.462136526852044,1,synthetic,Marche inclinée synthétique,generated_incline_walk.csv
30.16,5.099131294575993,17.87141126845782,-5.937309005778845,1,synthetic,Marche inclinée synthétique,generated_incline_walk.csv
30.18,5.355433375070009,17.60916913693021,-4.916243149451362,1,synthetic,Marche inclinée synthétique,generated_incline_walk.csv
30.2,4.674553484269243,17.960021705704616,-4.421102526103594,1,synthetic,Marche inclinée synthétique,generated_incline_walk.csv
30.22,4.696919252982178,18.713813112343598,-3.756893357919643,1,synthetic,Marche inclinée synthétique,generated_incline_walk.csv
30.24,4.865073529184771,18.56387442495857,-3.6955530059471196,1,synthetic,Marche inclinée synthétique,generated_incline_walk.csv
30.26,4.320948913060027,18.920648295231306,-2.9570522648910975,1,synthetic,Marche inclinée synthétique,generated_incline_walk.csv
30.28,3.661660553185352,19.660772660274112,-3.1185411430585646,1,synthetic,Marche inclinée synthétique,generated_incline_walk.csv
30.3,3.048353211541894,19.23459074584192,-2.850858204139271,1,synthetic,Marche inclinée synthétique,generated_incline_walk.csv
30.32,1.5605963410976804,20.12406698310212,-2.3290339430670026,1,synthetic,Marche inclinée synthétique,generated_incline_walk.csv
30.34,0.44311103217055253,20.29085504488149,-2.763870811734744,1,synthetic,Marche inclinée synthétique,generated_incline_walk.csv
30.36,-0.3688147666024598,20.53256593046351,-3.6898756931630854,1,synthetic,Marche inclinée synthétique,generated_incline_walk.csv
30.38,-3.161088289167258,20.278610700380014,-4.189754958106646,1,synthetic,Marche inclinée synthétique,generated_incline_walk.csv
30.4,-5.625770307322701,20.738303145770846,-5.554842057848172,1,synthetic,Marche inclinée synthétique,generated_incline_walk.csv
30.42,-9.368959562015597,21.499190454917446,-7.708961523298432,1,synthetic,Marche inclinée synthétique,generated_incline_walk.csv
30.44,-13.855028180463972,23.012410738367794,-9.878623283696415,1,synthetic,Marche inclinée synthétique,generated_incline_walk.csv
30.46,-20.270551945793933,24.216548489025744,-12.559780544412462,1,synthetic,Marche inclinée synthétique,generated_incline_walk.csv
30.48,-28.278917643542513,27.407959725053246,-15.43631501523194,1,synthetic,Marche inclinée synthétique,generated_incline_walk.csv
30.5,-36.94744327962914,30.198457200036483,-18.218270432358068,1,synthetic,Marche inclinée synthétique,generated_incline_walk.csv
30.52,-44.54736990848501,31.620770170018996,-19.894569260928446,1,synthetic,Marche inclinée synthétique,generated_incline_walk.csv
30.54,-49.93337706630698,30.47495314429165,-18.79755148852086,1,synthetic,Marche inclinée synthétique,generated_incline_walk.csv
30.56,-53.118713799174095,29.634627445002625,-17.62812247670778,1,synthetic,Marche inclinée synthétique,generated_incline_walk.csv
30.58,-53.9805521920905,28.80515624213974,-13.113402229671454,1,synthetic,Marche inclinée synthétique,generated_incline_walk.csv
30.6,-52.692082734345476,25.934003633663803,-8.80451987364414,1,synthetic,Marche inclinée synthétique,generated_incline_walk.csv
30.62,-50.96766912996124,24.67639543767863,-3.618050149666365,1,synthetic,Marche inclinée synthétique,generated_incline_walk.csv
30.64,-49.635647194551474,24.654207919721866,-0.28915831437613365,1,synthetic,Marche inclinée synthétique,generated_incline_walk.csv
30.66,-46.103199812234,22.981704372706467,2.540242031227816,1,synthetic,Marche inclinée synthétique,generated_incline_walk.csv
30.68,-40.455759320850575,20.75921511265526,3.961506419125532,1,synthetic,Marche inclinée synthétique,generated_incline_walk.csv
30.7,-35.85396899464996,19.42844888182131,5.0865239729157,1,synthetic,Marche inclinée synthétique,generated_incline_walk.csv
30.72,-31.07303831154557,19.341117176564346,5.718141671409109,1,synthetic,Marche inclinée synthétique,generated_incline_walk.csv
30.74,-26.663467270462647,19.507915395600616,4.6535317737768915,1,synthetic,Marche inclinée synthétique,generated_incline_walk.csv
30.76,-21.008130799499497,18.948464348561842,3.8618634444112487,1,synthetic,Marche inclinée synthétique,generated_incline_walk.csv
30.78,-15.142940404505762,18.21315994889404,3.7601970923568464,1,synthetic,Marche inclinée synthétique,generated_incline_walk.csv
30.8,-9.864895654856394,17.62418934499016,2.1513690385376116,1,synthetic,Marche inclinée synthétique,generated_incline_walk.csv
30.82,-4.125245768568238,16.313636541184813,0.6567588703761169,1,synthetic,Marche inclinée synthétique,generated_incline_walk.csv
30.84,0.632367573904046,15.023795854551144,-0.39005084377484334,1,synthetic,Marche inclinée synthétique,generated_incline_walk.csv
30.86,5.783921940386866,14.165982959320115,-0.9377113448084877,1,synthetic,Marche inclinée synthétique,generated_incline_walk.csv
30.88,9.627209494441919,13.643086002275535,-1.7610343760071452,1,synthetic,Marche inclinée synthétique,generated_incline_walk.csv
30.9,12.802561956345357,14.145075548931658,-1.8285858337169023,1,synthetic,Marche inclinée synthétique,generated_incline_walk.csv
30.92,15.303166119413309,14.325653003572326,-2.9504771073364493,1,synthetic,Marche inclinée synthétique,generated_incline_walk.csv
30.94,16.38487584449387,15.831644463646393,-4.320524726176838,1,synthetic,Marche inclinée synthétique,generated_incline_walk.csv
30.96,17.033476959110764,15.734093319751736,-4.150813010822046,1,synthetic,Marche inclinée synthétique,generated_incline_walk.csv
30.98,15.227423784152077,14.818776648337296,-3.665008098156558,1,synthetic,Marche inclinée synthétique,generated_incline_walk.csv
31.0,12.499397608827092,13.74478218779654,-2.8119277443872934,1,synthetic,Marche inclinée synthétique,generated_incline_walk.csv
31.02,9.917033823475524,13.061783172667061,-3.0523742103291114,1,synthetic,Marche inclinée synthétique,generated_incline_walk.csv
31.04,7.7809825640419215,10.997274114559833,-1.4018005467061836,1,synthetic,Marche inclinée synthétique,generated_incline_walk.csv
31.06,5.8984073616071155,9.561705021664746,-0.7748850179337553,1,synthetic,Marche inclinée synthétique,generated_incline_walk.csv
31.08,5.633841981508226,10.573617399176497,-1.8476644862422948,1,synthetic,Marche inclinée synthétique,generated_incline_walk.csv
31.1,6.626521369446174,10.201601902385779,-1.536734820053141,1,synthetic,Marche inclinée synthétique,generated_incline_walk.csv
31.12,6.164447105939734,9.82318275349254,-1.7305359251015826,1,synthetic,Marche inclinée synthétique,generated_incline_walk.csv
31.14,5.826710308514203,9.913433763381256,-2.244967460580782,1,synthetic,Marche inclinée synthétique,generated_incline_walk.csv
31.16,5.83384600907377,10.242806136822486,-3.3649236174134063,1,synthetic,Marche inclinée synthétique,generated_incline_walk.csv
31.18,5.553880491021012,10.407497598179601,-2.7707284641690224,1,synthetic,Marche inclinée synthétique,generated_incline_walk.csv
31.2,5.79515913100443,10.576400965514441,-3.1902092004581464,1,synthetic,Marche inclinée synthétique,generated_incline_walk.csv
31.22,5.659977123151741,11.381512766904192,-4.034023203352609,1,synthetic,Marche inclinée synthétique,generated_incline_walk.csv
31.24,5.607326277449344,10.769365625593728,-3.57448977917369,1,synthetic,Marche inclinée synthétique,generated_incline_walk.csv
31.26,5.613613771997347,11.059197981245234,-3.835441789417738,1,synthetic,Marche inclinée synthétique,generated_incline_walk.csv
31.28,5.815065642062846,11.204036465261495,-4.352663253883931,1,synthetic,Marche inclinée synthétique,generated_incline_walk.csv
31.3,5.663506476794936,11.343039919130245,-4.5927674262610125,1,synthetic,Marche inclinée synthétique,generated_incline_walk.csv
31.32,5.130616385769459,11.496869542667293,-4.718971073529324,1,synthetic,Marche inclinée synthétique,generated_incline_walk.csv
31.34,5.702416841421549,11.735822769258531,-4.221756440090724,1,synthetic,Marche inclinée synthétique,generated_incline_walk.csv
31.36,5.170269043238001,11.75311877759422,-4.02017923390577,1,synthetic,Marche inclinée synthétique,generated_incline_walk.csv
31.38,5.511519804594763,12.08801772589266,-3.7900264897683464,1,synthetic,Marche inclinée synthétique,generated_incline_walk.csv
31.4,5.328093829042016,12.185285995392453,-2.796984559314201,1,synthetic,Marche inclinée synthétique,generated_incline_walk.csv
31.42,5.46944910504787,12.071007492186325,-2.996812684619257,1,synthetic,Marche inclinée synthétique,generated_incline_walk.csv
31.44,4.5045550287300005,12.733126063957059,-2.5080297820262465,1,synthetic,Marche inclinée synthétique,generated_incline_walk.csv
31.46,3.8317336550954813,13.260653891252492,-2.6170453504627584,1,synthetic,Marche inclinée synthétique,generated_incline_walk.csv
31.48,2.928763213493638,13.573961092839735,-1.8487259843658572,1,synthetic,Marche inclinée synthétique,generated_incline_walk.csv
31.5,2.1463581720198412,13.924898344142536,-1.6867520701569152,1,synthetic,Marche inclinée synthétique,generated_incline_walk.csv
31.52,0.6573528358233911,14.222835240072813,-2.649088552936966,1,synthetic,Marche inclinée synthétique,generated_incline_walk.csv
31.54,-1.1817838984885658,14.613704559769019,-2.5149584146613586,1,synthetic,Marche inclinée synthétique,generated_incline_walk.csv
31.56,-3.0044299856134895,14.743487713012616,-4.461841460384108,1,synthetic,Marche inclinée synthétique,generated_incline_walk.csv
31.58,-5.3859715167771345,14.95796555579641,-5.689339808330985,1,synthetic,Marche inclinée synthétique,generated_incline_walk.csv
31.6,-9.100857822992905,16.049984115468376,-7.7325969661313865,1,synthetic,Marche inclinée synthétique,generated_incline_walk.csv
31.62,-13.673145874335248,18.179659549723816,-9.996525613370027,1,synthetic,Marche inclinée synthétique,generated_incline_walk.csv
31.64,-20.30278286930569,19.61479885227566,-13.050069864446991,1,synthetic,Marche inclinée synthétique,generated_incline_walk.csv
31.66,-27.93774653531627,22.62902641993303,-14.32151047718214,1,synthetic,Marche inclinée synthétique,generated_incline_walk.csv
31.68,-36.16250443767965,26.03241321075478,-17.424976277847946,1,synthetic,Marche inclinée synthétique,generated_incline_walk.csv
31.7,-43.37731985243891,28.886204619288485,-17.343628525778758,1,synthetic,Marche inclinée synthétique,generated_incline_walk.csv
31.72,-46.43475488194563,27.73597976706963,-16.954081681752672,1,synthetic,Marche inclinée synthétique,generated_incline_walk.csv
31.74,-50.21678239794318,27.833183267342317,-14.420512898890852,1,synthetic,Marche inclinée synthétique,generated_incline_walk.csv
31.76,-50.63211943924066,28.15816361639782,-9.879960071052015,1,synthetic,Marche inclinée synthétique,generated_incline_walk.csv
31.78,-49.76750203781507,26.248779888623034,-6.397613288252857,1,synthetic,Marche inclinée synthétique,generated_incline_walk.csv
31.8,-47.49354166788862,25.870770276011996,-1.7701605352715684,1,synthetic,Marche inclinée synthétique,generated_incline_walk.csv
31.82,-45.91358124081584,26.787854539361078,1.0144776091189576,1,synthetic,Marche inclinée synthétique,generated_incline_walk.csv
31.84,-43.06226584060136,25.752973383415416,3.4443309066519574,1,synthetic,Marche inclinée synthétique,generated_incline_walk.csv
31.86,-38.94231558244851,24.412675008598928,4.943643464928745,1,synthetic,Marche inclinée synthétique,generated_incline_walk.csv
31.88,-34.2615999629228,23.996708668816684,5.992153143292727,1,synthetic,Marche inclinée synthétique,generated_incline_walk.csv
31.9,-29.06793227831673,24.362171283247147,4.803460166568447,1,synthetic,Marche inclinée synthétique,generated_incline_walk.csv
31.92,-24.352127393614474,24.73843136955662,5.2045154091934025,1,synthetic,Marche inclinée synthétique,generated_incline_walk.csv
31.94,-19.190574624777067,25.296263695117222,4.768352179666283,1,synthetic,Marche inclinée synthétique,generated_incline_walk.csv
31.96,-13.791515056655683,25.352447357440848,3.8564128927182164,1,synthetic,Marche inclinée synthétique,generated_incline_walk.csv
31.98,-9.744740520984987,24.375679256630963,2.17970521464625,1,synthetic,Marche inclinée synthétique,generated_incline_walk.csv
32.0,-4.379197436623119,23.913409184770845,1.3234286063832754,1,synthetic,Marche inclinée synthétique,generated_incline_walk.csv
32.02,-0.22808062523004907,22.24819662964664,0.7697266113001533,1,synthetic,Marche inclinée synthétique,generated_incline_walk.csv
32.04,3.6588246712365775,21.505901734090063,-0.4040661441795725,1,synthetic,Marche inclinée synthétique,generated_incline_walk.csv
32.06,6.833832498402942,20.827379097489786,-0.06531967179541165,1,synthetic,Marche inclinée synthétique,generated_incline_walk.csv
32.08,9.404422028675718,19.393884432444093,-1.1060222718200434,1,synthetic,Marche inclinée synthétique,generated_incline_walk.csv
32.1,12.4550978331196,18.015365691311935,-0.8482267597065121,1,synthetic,Marche inclinée synthétique,generated_incline_walk.csv
32.12,14.72309194301313,15.76238319910018,-0.3709217418097196,1,synthetic,Marche inclinée synthétique,generated_incline_walk.csv
32.14,15.242425508889562,15.381509254866245,-0.7116495479972839,1,synthetic,Marche inclinée synthétique,generated_incline_walk.csv
32.160000000000004,15.560941669309317,15.44008579467783,-0.7906718815921305,1,synthetic,Marche inclinée synthétique,generated_incline_walk.csv
32.18,13.750810145117708,15.77165237438063,-1.4809292772934757,1,synthetic,Marche inclinée synthétique,generated_incline_walk.csv
32.2,11.102490221153031,15.37351847501752,-0.4418959843727348,1,synthetic,Marche inclinée synthétique,generated_incline_walk.csv
32.22,8.818334073759326,15.135490893049347,-0.5312706269040549,1,synthetic,Marche inclinée synthétique,generated_incline_walk.csv
32.24,6.613449345407357,14.843014857643455,0.07136286339304837,1,synthetic,Marche inclinée synthétique,generated_incline_walk.csv
32.26,5.163679626446979,13.607495170077172,1.5676802972722534,1,synthetic,Marche inclinée synthétique,generated_incline_walk.csv
32.28,5.552075570047387,13.812515738624537,2.037994136902074,1,synthetic,Marche inclinée synthétique,generated_incline_walk.csv
32.3,6.344996249048717,13.68715510200167,0.657494838134915,1,synthetic,Marche inclinée synthétique,generated_incline_walk.csv
32.32,6.047866893809354,14.245150374709018,-0.2165566890619444,1,synthetic,Marche inclinée synthétique,generated_incline_walk.csv
32.34,6.442789843526964,14.205733013678756,-0.1558357474390983,1,synthetic,Marche inclinée synthétique,generated_incline_walk.csv
32.36,6.698816011504734,14.721297430391358,-1.7596232785827433,1,synthetic,Marche inclinée synthétique,generated_incline_walk.csv
32.38,6.986907585829979,14.723602844779728,-2.2279879566621625,1,synthetic,Marche inclinée synthétique,generated_incline_walk.csv
32.4,6.299111566537141,14.879521960725253,-2.4487290182478776,1,synthetic,Marche inclinée synthétique,generated_incline_walk.csv
32.42,5.585636874527374,15.14623570219841,-3.098113808275071,1,synthetic,Marche inclinée synthétique,generated_incline_walk.csv
32.44,6.043428223614899,15.958197559969719,-4.043731980302197,1,synthetic,Marche inclinée synthétique,generated_incline_walk.csv
32.46,5.559902675254354,15.346767939709185,-3.3081812315273362,1,synthetic,Marche inclinée synthétique,generated_incline_walk.csv
32.480000000000004,5.524813467668809,16.48000471342172,-3.333083349373259,1,synthetic,Marche inclinée synthétique,generated_incline_walk.csv
32.5,5.50744099498838,16.102037354113794,-3.7092372439814776,1,synthetic,Marche inclinée synthétique,generated_incline_walk.csv
32.52,5.297862134126152,15.898751324823204,-3.4186643400019308,1,synthetic,Marche inclinée synthétique,generated_incline_walk.csv
32.54,4.471384909538872,16.461818154729688,-2.5624907609965595,1,synthetic,Marche inclinée synthétique,generated_incline_walk.csv
32.56,4.320068483902675,16.136774388912286,-2.561017820564801,1,synthetic,Marche inclinée synthétique,generated_incline_walk.csv
32.58,4.444382862508198,16.64129134063587,-2.1264919550980226,1,synthetic,Marche inclinée synthétique,generated_incline_walk.csv
32.6,4.230505361502464,16.72387898939113,-1.519863225329455,1,synthetic,Marche inclinée synthétique,generated_incline_walk.csv
32.62,4.217374298584908,17.335875146956077,-1.2845078436343793,1,synthetic,Marche inclinée synthétique,generated_incline_walk.csv
32.64,3.220721447782928,17.486055964843107,-0.30455514830270747,1,synthetic,Marche inclinée synthétique,generated_incline_walk.csv
32.660000000000004,2.283540395547042,17.694841873978202,-0.5520424784246802,1,synthetic,Marche inclinée synthétique,generated_incline_walk.csv
32.68,1.456598155033043,17.44551600933189,-0.9273295569157051,1,synthetic,Marche inclinée synthétique,generated_incline_walk.csv
32.7,0.480556381136242,17.98973557432959,-1.1139586569084523,1,synthetic,Marche inclinée synthétique,generated_incline_walk.csv
32.72,-0.8541850964868498,17.58482209403192,-1.6474689252918189,1,synthetic,Marche inclinée synthétique,generated_incline_walk.csv
32.74,-2.2138289419626003,17.510273636940493,-1.7661440124181682,1,synthetic,Marche inclinée synthétique,generated_incline_walk.csv
32.76,-3.840756179879794,17.401525178937003,-3.285151010964315,1,synthetic,Marche inclinée synthétique,generated_incline_walk.csv
32.78,-6.074891883999725,17.24175490505899,-3.662435088124901,1,synthetic,Marche inclinée synthétique,generated_incline_walk.csv
32.8,-9.714464688042266,16.93834678526514,-5.315047162255165,1,synthetic,Marche inclinée synthétique,generated_incline_walk.csv
32.82,-13.98727171933117,18.371872329411957,-7.234500307199471,1,synthetic,Marche inclinée synthétique,generated_incline_walk.csv
32.84,-19.90071277617619,19.38619828987423,-8.159397930365502,1,synthetic,Marche inclinée synthétique,generated_incline_walk.csv
32.86,-27.386430388304255,22.563146219929934,-10.473177813832597,1,synthetic,Marche inclinée synthétique,generated_incline_walk.csv
32.88,-35.8275481291284,26.596004960154264,-12.470222149467425,1,synthetic,Marche inclinée synthétique,generated_incline_walk.csv
32.9,-43.035278258783016,29.732599730741473,-13.433379451079928,1,synthetic,Marche inclinée synthétique,generated_incline_walk.csv
32.92,-48.2753860418677,30.15048846366529,-12.679174919382927,1,synthetic,Marche inclinée synthétique,generated_incline_walk.csv
32.94,-52.63218569375694,31.782268879493024,-10.602167512713377,1,synthetic,Marche inclinée synthétique,generated_incline_walk.csv
32.96,-53.815979722732024,32.5762305573291,-6.311354273018141,1,synthetic,Marche inclinée synthétique,generated_incline_walk.csv
32.980000000000004,-54.0239167160795,31.058766522951785,-1.941895273690155,1,synthetic,Marche inclinée synthétique,generated_incline_walk.csv
33.0,-53.1307123944077,28.76121307736922,1.472541239408694,1,synthetic,Marche inclinée synthétique,generated_incline_walk.csv
33.02,-51.923025318807106,28.20699097412274,4.301326417866513,1,synthetic,Marche inclinée synthétique,generated_incline_walk.csv
33.04,-50.68783956712297,26.5839342601522,5.82955887389924,1,synthetic,Marche inclinée synthétique,generated_incline_walk.csv
33.06,-47.210269844754286,23.726262334176837,6.627699402065477,1,synthetic,Marche inclinée synthétique,generated_incline_walk.csv
33.08,-43.195876164606815,21.096234672389677,6.597807474805315,1,synthetic,Marche inclinée synthétique,generated_incline_walk.csv
33.1,-38.52367912446908,20.367883726278873,6.294062219623422,1,synthetic,Marche inclinée synthétique,generated_incline_walk.csv
33.12,-34.04035222426818,20.059143815676737,6.279061282655391,1,synthetic,Marche inclinée synthétique,generated_incline_walk.csv
33.14,-29.219041498709892,20.135491626665974,6.416326169535135,1,synthetic,Marche inclinée synthétique,generated_incline_walk.csv
33.160000000000004,-23.547299124358997,20.33374001860101,6.107468400727119,1,synthetic,Marche inclinée synthétique,generated_incline_walk.csv
33.18,-17.763230170175532,21.128740920716854,5.4927847507440735,1,synthetic,Marche inclinée synthétique,generated_incline_walk.csv
33.2,-12.198972667057978,21.43155999212022,5.018903666566113,1,synthetic,Marche inclinée synthétique,generated_incline_walk.csv
33.22,-6.637901536998665,21.51311311628947,3.4424847028532066,1,synthetic,Marche inclinée synthétique,generated_incline_walk.csv
33.24,-1.7548002220374612,21.75125390488666,2.189035450041807,1,synthetic,Marche inclinée synthétique,generated_incline_walk.csv
33.26,3.17234812535324,21.538011327247908,0.4170021004052472,1,synthetic,Marche inclinée synthétique,generated_incline_walk.csv
33.28,8.002767787900602,20.486453475700408,-0.07312904401757397,1,synthetic,Marche inclinée synthétique,generated_incline_walk.csv
33.3,11.69424909665166,19.571972735666442,-1.0725998701802817,1,synthetic,Marche inclinée synthétique,generated_incline_walk.csv
33.32,14.163730847877128,18.920415860949888,-1.2817568220593494,1,synthetic,Marche inclinée synthétique,generated_incline_walk.csv
33.34,15.508902399651516,18.6492819221972,-1.4536077188817897,1,synthetic,Marche inclinée synthétique,generated_incline_walk.csv
33.36,17.34077340750722,17.722434606878426,-1.7725098718839138,1,synthetic,Marche inclinée synthétique,generated_incline_walk.csv
33.38,16.77470014505127,19.061580997604214,-1.8499350269095054,1,synthetic,Marche inclinée synthétique,generated_incline_walk.csv
33.4,14.03109210511661,20.21819047129768,-1.7131471595897954,1,synthetic,Marche inclinée synthétique,generated_incline_walk.csv
33.42,11.9447941754345,21.00282972783156,-2.142131403248306,1,synthetic,Marche inclinée synthétique,generated_incline_walk.csv
33.44,10.006055335660008,22.019094260643932,-0.9239267602525684,1,synthetic,Marche inclinée synthétique,generated_incline_walk.csv
33.46,6.852717070528685,21.652495979171764,-0.634129074896212,1,synthetic,Marche inclinée synthétique,generated_incline_walk.csv
33.480000000000004,5.999805495398902,20.809898794431625,-0.10928299381685912,1,synthetic,Marche inclinée synthétique,generated_incline_walk.csv
33.5,6.337844680093935,20.786684307793717,0.4857917921487993,1,synthetic,Marche inclinée synthétique,generated_incline_walk.csv
33.52,6.369432017361141,20.499126324952503,0.8403530796406762,1,synthetic,Marche inclinée synthétique,generated_incline_walk.csv
33.54,5.92874983019723,20.1413385698519,0.5382785561264853,1,synthetic,Marche inclinée synthétique,generated_incline_walk.csv
33.56,6.289573842122815,20.68491952936614,0.5817642138075432,1,synthetic,Marche inclinée synthétique,generated_incline_walk.csv
33.58,6.565446729279211,20.804083463787382,-0.4194805962845869,1,synthetic,Marche inclinée synthétique,generated_incline_walk.csv
33.6,6.442232448742042,20.929590555329312,-0.09512604596057062,1,synthetic,Marche inclinée synthétique,generated_incline_walk.csv
33.62,6.417466553709692,21.33465340828914,-0.5296712699547073,1,synthetic,Marche inclinée synthétique,generated_incline_walk.csv
33.64,6.407578589886294,21.36060198081931,-1.885349890499749,1,synthetic,Marche inclinée synthétique,generated_incline_walk.csv
33.660000000000004,5.930155118158101,21.71421431503131,-1.391711011868981,1,synthetic,Marche inclinée synthétique,generated_incline_walk.csv
33.68,6.691333992421374,21.525831179496123,-1.6159570639908132,1,synthetic,Marche inclinée synthétique,generated_incline_walk.csv
33.7,5.7744129644703355,22.323835383004223,-1.6553423173864152,1,synthetic,Marche inclinée synthétique,generated_incline_walk.csv
33.72,5.6439440277401784,21.93227531736499,-1.7099990181612366,1,synthetic,Marche inclinée synthétique,generated_incline_walk.csv
33.74,6.268548329220322,22.402993942262434,-1.2341094772560672,1,synthetic,Marche inclinée synthétique,generated_incline_walk.csv
33.76,5.656206209109706,22.715403351190208,-1.7210040475279236,1,synthetic,Marche inclinée synthétique,generated_incline_walk.csv
33.78,6.252404065785636,22.583030596594647,-1.3615498476287113,1,synthetic,Marche inclinée synthétique,generated_incline_walk.csv
33.8,5.995513159756836,22.159514191369503,-0.8023939639145924,1,synthetic,Marche inclinée synthétique,generated_incline_walk.csv
33.82,5.97747495678479,22.261525961975245,-0.816947363731623,1,synthetic,Marche inclinée synthétique,generated_incline_walk.csv
33.84,5.66817754690449,22.266174191404435,-1.1829719057925854,1,synthetic,Marche inclinée synthétique,generated_incline_walk.csv
33.86,5.258223822633383,22.471259393803358,-0.4918370324988564,1,synthetic,Marche inclinée synthétique,generated_incline_walk.csv
33.88,5.099330213171361,22.268153192105096,-0.4825404313096656,1,synthetic,Marche inclinée synthétique,generated_incline_walk.csv
33.9,5.157373692521866,22.11843912631791,-0.968789335383937,1,synthetic,Marche inclinée synthétique,generated_incline_walk.csv
33.92,4.529840010929335,22.828977862980054,-0.9385167130103069,1,synthetic,Marche inclinée synthétique,generated_incline_walk.csv
33.94,3.407639382183515,22.80654890170261,-0.9609011690158393,1,synthetic,Marche inclinée synthétique,generated_incline_walk.csv
33.96,2.227542903279768,23.21409620394082,-2.165465122084943,1,synthetic,Marche inclinée synthétique,generated_incline_walk.csv
33.980000000000004,0.594135900809317,23.201956791288445,-2.1041476199603313,1,synthetic,Marche inclinée synthétique,generated_incline_walk.csv
34.0,-1.6186243747422555,22.168827173029698,-2.7318982513425105,1,synthetic,Marche inclinée synthétique,generated_incline_walk.csv
34.02,-5.102221261810242,22.32565902468991,-3.2267446023488833,1,synthetic,Marche inclinée synthétique,generated_incline_walk.csv
34.04,-10.11287032348793,23.366480392176864,-4.530500859650172,1,synthetic,Marche inclinée synthétique,generated_incline_walk.csv
34.06,-17.349641096622246,24.60665443526152,-5.651803206155778,1,synthetic,Marche inclinée synthétique,generated_incline_walk.csv
34.08,-25.694600933996476,26.04672487989169,-6.5772961292327095,1,synthetic,Marche inclinée synthétique,generated_incline_walk.csv
34.1,-36.02577261482704,28.929017396821642,-7.431988692277616,1,synthetic,Marche inclinée synthétique,generated_incline_walk.csv
34.12,-44.861216053166544,29.579848417790124,-8.35219490096255,1,synthetic,Marche inclinée synthétique,generated_incline_walk.csv
34.14,-51.80898060332571,29.585381318278245,-6.339877301915013,1,synthetic,Marche inclinée synthétique,generated_incline_walk.csv
34.160000000000004,-55.18390504736796,28.738858400137367,-4.25078415894468,1,synthetic,Marche inclinée synthétique,generated_incline_walk.csv
34.18,-56.96650798868907,29.308019536433047,-1.032596599759022,1,synthetic,Marche inclinée synthétique,generated_incline_walk.csv
34.2,-57.31745879217936,27.092052196292094,2.7383970450919346,1,synthetic,Marche inclinée synthétique,generated_incline_walk.csv
34.22,-54.18918582062789,25.972601805450054,4.981563727507067,1,synthetic,Marche inclinée synthétique,generated_incline_walk.csv
34.24,-51.76508803973334,27.57919432021808,7.2114568395311505,1,synthetic,Marche inclinée synthétique,generated_incline_walk.csv
34.26,-48.480198069345036,26.56982893952189,7.112323766628217,1,synthetic,Marche inclinée synthétique,generated_incline_walk.csv
34.28,-43.722100308967114,23.761074650427762,7.464382831056238,1,synthetic,Marche inclinée synthétique,generated_incline_walk.csv
34.300000000000004,-37.53419357953918,22.672723828138974,7.474595845391231,1,synthetic,Marche inclinée synthétique,generated_incline_walk.csv
34.32,-32.43361580274755,21.95826051852218,6.863763646077315,1,synthetic,Marche inclinée synthétique,generated_incline_walk.csv
34.34,-26.951761602814525,21.127193670007973,5.468066028480451,1,synthetic,Marche inclinée synthétique,generated_incline_walk.csv
34.36,-20.6975252774147,20.731753406094924,4.499114765890729,1,synthetic,Marche inclinée synthétique,generated_incline_walk.csv
34.38,-14.77521041947099,20.326015158554853,4.044722395002778,1,synthetic,Marche inclinée synthétique,generated_incline_walk.csv
34.4,-9.615337878563373,20.383861601681467,2.554517586320418,1,synthetic,Marche inclinée synthétique,generated_incline_walk.csv
34.42,-3.1705786190994583,20.225251353587012,1.2453878446177167,1,synthetic,Marche inclinée synthétique,generated_incline_walk.csv
34.44,2.160730259362007,19.099014263687494,-0.2362381293478008,1,synthetic,Marche inclinée synthétique,generated_incline_walk.csv
34.46,6.842499463712794,18.72021877595207,-1.6779707046047803,1,synthetic,Marche inclinée synthétique,generated_incline_walk.csv
34.480000000000004,10.725500671686577,18.28227523592351,-1.9084071527111373,1,synthetic,Marche inclinée synthétique,generated_incline_walk.csv
34.5,14.83098314919353,17.60870764384987,-2.543923514478555,1,synthetic,Marche inclinée synthétique,generated_incline_walk.csv
34.52,16.887798049929415,17.59424534607297,-3.0617512773100644,1,synthetic,Marche inclinée synthétique,generated_incline_walk.csv
34.54,18.248107435566425,18.95841283484537,-3.0871283963655776,1,synthetic,Marche inclinée synthétique,generated_incline_walk.csv
34.56,18.967161847528523,20.526244770397177,-4.083971518211294,1,synthetic,Marche inclinée synthétique,generated_incline_walk.csv
34.58,17.62160742667305,21.98697942346053,-3.7982544211395415,1,synthetic,Marche inclinée synthétique,generated_incline_walk.csv
34.6,15.00131271761929,22.6992166826473,-4.075342575745177,1,synthetic,Marche inclinée synthétique,generated_incline_walk.csv
34.62,12.566658849650414,23.220129715598674,-4.313468571826164,1,synthetic,Marche inclinée synthétique,generated_incline_walk.csv
34.64,10.334715986200013,22.842704634438874,-2.700658010376644,1,synthetic,Marche inclinée synthétique,generated_incline_walk.csv
34.660000000000004,7.056583226845563,22.383232315070906,-2.2819591433135358,1,synthetic,Marche inclinée synthétique,generated_incline_walk.csv
34.68,5.866953870084162,21.1325824361464,-0.25953312107735477,1,synthetic,Marche inclinée synthétique,generated_incline_walk.csv
34.7,5.971075107686109,20.930980346973836,0.9876296276040275,1,synthetic,Marche inclinée synthétique,generated_incline_walk.csv
34.72,5.784540702186749,20.95412430997273,0.5269376262897157,1,synthetic,Marche inclinée synthétique,generated_incline_walk.csv
34.74,5.657734117006933,20.952252717445056,1.463773637861987,1,synthetic,Marche inclinée synthétique,generated_incline_walk.csv
34.76,6.21809414198797,20.601953613172398,1.379875981935992,1,synthetic,Marche inclinée synthétique,generated_incline_walk.csv
34.78,6.354780860162015,20.449873735069474,1.607112943876165,1,synthetic,Marche inclinée synthétique,generated_incline_walk.csv
34.800000000000004,7.015561224280697,21.047518223478015,1.4365664030437915,1,synthetic,Marche inclinée synthétique,generated_incline_walk.csv
34.82,6.721066909269099,20.775058148426027,1.0713317664349207,1,synthetic,Marche inclinée synthétique,generated_incline_walk.csv
34.84,6.228285619923496,21.055361490581603,1.6451020292807765,1,synthetic,Marche inclinée synthétique,generated_incline_walk.csv
34.86,6.14954468816558,20.905670753666662,1.53527704588609,1,synthetic,Marche inclinée synthétique,generated_incline_walk.csv
34.88,6.279935420139829,21.796460817257525,1.8488122674989433,1,synthetic,Marche inclinée synthétique,generated_incline_walk.csv
34.9,6.434006813665165,21.7941353736242,2.1612388024586013,1,synthetic,Marche inclinée synthétique,generated_incline_walk.csv
34.92,6.101065383179541,21.200352598919686,1.4832943478423026,1,synthetic,Marche inclinée synthétique,generated_incline_walk.csv
34.94,6.448846724421187,21.211997634691006,1.903397894150166,1,synthetic,Marche inclinée synthétique,generated_incline_walk.csv
34.96,5.885853232188834,21.612055957991675,1.2764078077042122,1,synthetic,Marche inclinée synthétique,generated_incline_walk.csv
34.980000000000004,6.4112943006508445,21.92563753141828,1.3381544003509283,1,synthetic,Marche inclinée synthétique,generated_incline_walk.csv
35.0,6.621764119412802,22.227153570109145,1.0645563266633622,1,synthetic,Marche inclinée synthétique,generated_incline_walk.csv
35.02,5.484282067644965,22.03204963322011,0.6263495316394392,1,synthetic,Marche inclinée synthétique,generated_incline_walk.csv
35.04,6.114452011544755,21.880874041374685,0.7236102802380051,1,synthetic,Marche inclinée synthétique,generated_incline_walk.csv
35.06,6.012431090275301,22.53665426136328,0.3829855189596641,1,synthetic,Marche inclinée synthétique,generated_incline_walk.csv
35.08,5.716132780562673,22.72054596539617,0.506225172304327,1,synthetic,Marche inclinée synthétique,generated_incline_walk.csv
35.1,5.120169232407839,22.34475815203078,-0.20300054059923367,1,synthetic,Marche inclinée synthétique,generated_incline_walk.csv
35.12,4.322905170936637,22.810884843280373,-0.4536993753170212,1,synthetic,Marche inclinée synthétique,generated_incline_walk.csv
35.14,3.4026249940345163,22.802724608583674,-0.22733999098259206,1,synthetic,Marche inclinée synthétique,generated_incline_walk.csv
35.160000000000004,1.966341747538134,22.520628015234795,-0.6993377879070217,1,synthetic,Marche inclinée synthétique,generated_incline_walk.csv
35.18,0.038669417382075806,22.720077338543845,-1.142401934581635,1,synthetic,Marche inclinée synthétique,generated_incline_walk.csv
35.2,-2.1495635349596336,22.8354939513815,-1.6587763970244025,1,synthetic,Marche inclinée synthétique,generated_incline_walk.csv
35.22,-6.096392701381802,22.874527071739795,-2.0998989003399964,1,synthetic,Marche inclinée synthétique,generated_incline_walk.csv
35.24,-11.405623255435515,22.935084795887047,-3.0798131115078364,1,synthetic,Marche inclinée synthétique,generated_incline_walk.csv
35.26,-19.018646098334674,24.14553751469515,-3.853907707967286,1,synthetic,Marche inclinée synthétique,generated_incline_walk.csv
35.28,-27.917395324355162,26.027299578850517,-5.521589168277193,1,synthetic,Marche inclinée synthétique,generated_incline_walk.csv
35.300000000000004,-36.903307192461995,28.587598009901793,-6.32376375499817,1,synthetic,Marche inclinée synthétique,generated_incline_walk.csv
35.32,-44.53079856428438,30.33177224656745,-6.735282826734018,1,synthetic,Marche inclinée synthétique,generated_incline_walk.csv
35.34,-48.14357057145411,31.584342471978964,-5.675679447688699,1,synthetic,Marche inclinée synthétique,generated_incline_walk.csv
35.36,-52.046465149155765,30.995494815011003,-3.5708698007352138,1,synthetic,Marche inclinée synthétique,generated_incline_walk.csv
35.38,-52.01367689760542,31.968648488944865,-0.7490377070047393,1,synthetic,Marche inclinée synthétique,generated_incline_walk.csv
35.4,-50.66613740676651,29.83266119520382,2.017319632135975,1,synthetic,Marche inclinée synthétique,generated_incline_walk.csv
35.42,-49.86383954639695,27.951320456591237,4.657397402444712,1,synthetic,Marche inclinée synthétique,generated_incline_walk.csv
35.44,-48.9906584393844,26.80813146466982,5.456012092149086,1,synthetic,Marche inclinée synthétique,generated_incline_walk.csv
35.46,-46.448142593575895,24.17275697735795,6.037898257984871,1,synthetic,Marche inclinée synthétique,generated_incline_walk.csv
35.480000000000004,-41.6403099228159,22.211873522754953,6.264092045607076,1,synthetic,Marche inclinée synthétique,generated_incline_walk.csv
35.5,-37.230480356836225,21.49883430114863,6.001233303707844,1,synthetic,Marche inclinée synthétique,generated_incline_walk.csv
35.52,-33.05861336597282,21.613699309136052,6.40582053551552,1,synthetic,Marche inclinée synthétique,generated_incline_walk.csv
35.54,-28.313358562307815,22.55726818678464,6.1750498411186205,1,synthetic,Marche inclinée synthétique,generated_incline_walk.csv
35.56,-22.35235006987773,23.732774499949052,6.265346186350328,1,synthetic,Marche inclinée synthétique,generated_incline_walk.csv
35.58,-17.493708965671832,23.20720983479513,4.706718948982134,1,synthetic,Marche inclinée synthétique,generated_incline_walk.csv
35.6,-12.223369680804767,23.85583087403464,3.5776099721299564,1,synthetic,Marche inclinée synthétique,generated_incline_walk.csv
35.62,-6.876807230323733,24.235855924230624,1.7950073369456025,1,synthetic,Marche inclinée synthétique,generated_incline_walk.csv
35.64,-1.1044237866736664,23.64934296172139,0.46359837945133686,1,synthetic,Marche inclinée synthétique,generated_incline_walk.csv
35.660000000000004,4.653373256714304,24.20667397601528,-1.7584127834629062,1,synthetic,Marche inclinée synthétique,generated_incline_walk.csv
35.68,8.847828948937025,23.449931649115353,-2.5963865715744845,1,synthetic,Marche inclinée synthétique,generated_incline_walk.csv
35.7,12.411134886424467,21.943294916555246,-3.5545371477679204,1,synthetic,Marche inclinée synthétique,generated_incline_walk.csv
35.72,15.967650252750271,21.358840343926534,-4.032026920213982,1,synthetic,Marche inclinée synthétique,generated_incline_walk.csv
35.74,18.267165241670405,20.65606622806833,-3.7451276931881483,1,synthetic,Marche inclinée synthétique,generated_incline_walk.csv
35.76,18.83909024536536,19.809762761515916,-4.887166502296577,1,synthetic,Marche inclinée synthétique,generated_incline_walk.csv
35.78,18.07316123387436,19.919026890999195,-4.822349912845777,1,synthetic,Marche inclinée synthétique,generated_incline_walk.csv
35.800000000000004,16.5079089957102,18.61810073553205,-4.760523774964113,1,synthetic,Marche inclinée synthétique,generated_incline_walk.csv
35.82,13.42333882998148,17.309237219486906,-3.341513563159469,1,synthetic,Marche inclinée synthétique,generated_incline_walk.csv
35.84,11.127073955860594,16.8500009864008,-1.738095669561008,1,synthetic,Marche inclinée synthétique,generated_incline_walk.csv
35.86,8.05711213434983,15.31407425536626,-0.6460520483188615,1,synthetic,Marche inclinée synthétique,generated_incline_walk.csv
35.88,6.263375117530604,13.982684965303315,0.7503211611570682,1,synthetic,Marche inclinée synthétique,generated_incline_walk.csv
35.9,5.573120118908863,12.80777721804201,1.5864727241320435,1,synthetic,Marche inclinée synthétique,generated_incline_walk.csv
35.92,5.40617603401228,12.71407609083492,2.1657358789484755,1,synthetic,Marche inclinée synthétique,generated_incline_walk.csv
35.94,6.525394767588943,12.559114477802616,1.5693311496994897,1,synthetic,Marche inclinée synthétique,generated_incline_walk.csv
35.96,6.840764372211998,12.54706704682912,2.0188280832437635,1,synthetic,Marche inclinée synthétique,generated_incline_walk.csv
35.980000000000004,6.363327656539586,12.680476937236211,1.6366975343746117,1,synthetic,Marche inclinée synthétique,generated_incline_walk.csv
36.0,6.4143266222918625,13.224933017442138,1.0264772487214517,1,synthetic,Marche inclinée synthétique,generated_incline_walk.csv
36.02,6.905049187973128,13.25930155683711,1.2289300059509487,1,synthetic,Marche inclinée synthétique,generated_incline_walk.csv
36.04,6.233738016033302,12.8713674311491,0.9673005709969412,1,synthetic,Marche inclinée synthétique,generated_incline_walk.csv
36.06,6.0772586009865215,12.85172259830891,0.6303603995868926,1,synthetic,Marche inclinée synthétique,generated_incline_walk.csv
36.08,5.7757569399416955,13.471804152202871,0.7120552635505766,1,synthetic,Marche inclinée synthétique,generated_incline_walk.csv
36.1,6.291454580389017,13.010247624216204,0.06706245042311779,1,synthetic,Marche inclinée synthétique,generated_incline_walk.csv
36.12,5.653479387113659,13.370240662572368,0.3197160410513197,1,synthetic,Marche inclinée synthétique,generated_incline_walk.csv
36.14,5.395709972912104,13.067057311025735,-0.261250398435372,1,synthetic,Marche inclinée synthétique,generated_incline_walk.csv
36.16,5.018450303245549,13.315907965040937,-0.9159133902274248,1,synthetic,Marche inclinée synthétique,generated_incline_walk.csv
36.18,4.661249808540105,13.439685126621681,-0.9302484490255727,1,synthetic,Marche inclinée synthétique,generated_incline_walk.csv
36.2,4.956603266825748,13.537526549894984,-1.4988315038680078,1,synthetic,Marche inclinée synthétique,generated_incline_walk.csv
36.22,4.228308700821198,14.116879123154733,-1.640578792251878,1,synthetic,Marche inclinée synthétique,generated_incline_walk.csv
36.24,4.008221615819093,14.127706210726656,-1.2625036233451425,1,synthetic,Marche inclinée synthétique,generated_incline_walk.csv
36.26,3.3379573126224233,14.745886112224397,-2.103199013541848,1,synthetic,Marche inclinée synthétique,generated_incline_walk.csv
36.28,3.080509944854154,15.353543129878844,-1.4762575166335958,1,synthetic,Marche inclinée synthétique,generated_incline_walk.csv
36.3,2.6948289503691427,16.309437087366426,-1.0083050262591922,1,synthetic,Marche inclinée synthétique,generated_incline_walk.csv
36.32,2.0160135807656276,15.581242483808325,-2.2453678541942774,1,synthetic,Marche inclinée synthétique,generated_incline_walk.csv
36.34,0.7965567444158411,16.476611956661326,-0.903316829586892,1,synthetic,Marche inclinée synthétique,generated_incline_walk.csv
36.36,-0.12940496031657994,16.886799519412854,-2.446448908419356,1,synthetic,Marche inclinée synthétique,generated_incline_walk.csv
36.38,-1.6450469247269706,16.7253995476279,-2.9944450960154234,1,synthetic,Marche inclinée synthétique,generated_incline_walk.csv
36.4,-4.656234696465985,17.197676412835808,-3.7840146270024957,1,synthetic,Marche inclinée synthétique,generated_incline_walk.csv
36.42,-7.005816282136509,17.3040639760055,-4.682169002221499,1,synthetic,Marche inclinée synthétique,generated_incline_walk.csv
36.44,-11.6758698597322,17.97814164771896,-6.242675921166419,1,synthetic,Marche inclinée synthétique,generated_incline_walk.csv
36.46,-17.69889899256445,19.04831388284459,-8.94034999262346,1,synthetic,Marche inclinée synthétique,generated_incline_walk.csv
36.48,-24.775086272962692,20.870124831645953,-11.257266013216496,1,synthetic,Marche inclinée synthétique,generated_incline_walk.csv
36.5,-33.409522864861806,24.442571607947652,-14.106453442667156,1,synthetic,Marche inclinée synthétique,generated_incline_walk.csv
36.52,-42.39009432911259,26.97262279398307,-16.6144614582594,1,synthetic,Marche inclinée synthétique,generated_incline_walk.csv
36.54,-48.95890849407136,26.796412649802107,-17.313626761071365,1,synthetic,Marche inclinée synthétique,generated_incline_walk.csv
36.56,-53.290055427255844,26.034102140121593,-16.371554860259494,1,synthetic,Marche inclinée synthétique,generated_incline_walk.csv
36.58,-55.678775651802866,27.329015290575413,-13.701648143808972,1,synthetic,Marche inclinée synthétique,generated_incline_walk.csv
36.6,-56.87015156393046,25.451853666903908,-10.324391369987424,1,synthetic,Marche inclinée synthétique,generated_incline_walk.csv
36.62,-55.327407991918065,23.985299707536036,-6.1951065074158524,1,synthetic,Marche inclinée synthétique,generated_incline_walk.csv
36.64,-53.5814388494704,23.95421540683717,-2.4373085032684987,1,synthetic,Marche inclinée synthétique,generated_incline_walk.csv
36.66,-51.936010549227476,23.41303256957882,0.3415893867793179,1,synthetic,Marche inclinée synthétique,generated_incline_walk.csv
36.68,-49.05269451285036,20.95963778831797,2.457537731251558,1,synthetic,Marche inclinée synthétique,generated_incline_walk.csv
36.7,-44.28882795259473,18.79359844767883,4.0956850247276275,1,synthetic,Marche inclinée synthétique,generated_incline_walk.csv
36.72,-39.54010433520061,18.43035036371148,4.943185879069514,1,synthetic,Marche inclinée synthétique,generated_incline_walk.csv
36.74,-34.23325611353288,17.923849073722995,4.736007783454061,1,synthetic,Marche inclinée synthétique,generated_incline_walk.csv
36.76,-29.400099378367766,17.97603106089378,5.201069984970171,1,synthetic,Marche inclinée synthétique,generated_incline_walk.csv
36.78,-23.961682247820924,18.441889430417465,5.27611371672511,1,synthetic,Marche inclinée synthétique,generated_incline_walk.csv
36.8,-18.474894213462804,18.455116944493454,4.855160903583145,1,synthetic,Marche inclinée synthétique,generated_incline_walk.csv
36.82,-12.760002509913226,20.345596903066642,4.182332042130629,1,synthetic,Marche inclinée synthétique,generated_incline_walk.csv
36.84,-6.675706501743399,21.34104013013453,3.5495480443927914,1,synthetic,Marche inclinée synthétique,generated_incline_walk.csv
36.86,-1.8383324203002291,21.78846080221938,1.9951081843787535,1,synthetic,Marche inclinée synthétique,generated_incline_walk.csv
36.88,3.3844959677724975,23.2486055324418,-0.215166381111662,1,synthetic,Marche inclinée synthétique,generated_incline_walk.csv
36.9,7.906728293262789,23.226055829095504,-0.816541683770805,1,synthetic,Marche inclinée synthétique,generated_incline_walk.csv
36.92,12.726933664588255,22.932855364108168,-2.6544982952754586,1,synthetic,Marche inclinée synthétique,generated_incline_walk.csv
36.94,15.839566919648165,22.21889040646739,-3.345723608576799,1,synthetic,Marche inclinée synthétique,generated_incline_walk.csv
36.96,18.31380240985877,21.038989739212415,-3.1504898452327565,1,synthetic,Marche inclinée synthétique,generated_incline_walk.csv
36.98,19.904252527444115,20.242596105669907,-3.7903331765550607,1,synthetic,Marche inclinée synthétique,generated_incline_walk.csv
37.0,19.807933366178407,20.34206332066328,-4.405877605103164,1,synthetic,Marche inclinée synthétique,generated_incline_walk.csv
37.02,18.654418995018066,19.983238543904317,-3.917507605269177,1,synthetic,Marche inclinée synthétique,generated_incline_walk.csv
37.04,16.757120276355565,19.007444039733034,-3.8222690862562003,1,synthetic,Marche inclinée synthétique,generated_incline_walk.csv
37.06,14.739999405213883,18.069562861123817,-3.2262906968574168,1,synthetic,Marche inclinée synthétique,generated_incline_walk.csv
37.08,11.334529258306441,17.72057295388818,-2.860735997337086,1,synthetic,Marche inclinée synthétique,generated_incline_walk.csv
37.1,8.088387433639234,15.568821217649004,-0.835222892973858,1,synthetic,Marche inclinée synthétique,generated_incline_walk.csv
37.12,6.293862419414342,14.440442659512533,0.6727623872303257,1,synthetic,Marche inclinée synthétique,generated_incline_walk.csv
37.14,5.570124669476082,13.75888854646005,2.4010517323749747,1,synthetic,Marche inclinée synthétique,generated_incline_walk.csv
37.16,5.500058394801023,13.08545983285421,2.747065880390971,1,synthetic,Marche inclinée synthétique,generated_incline_walk.csv
37.18,5.753723079386367,13.185447437242674,3.4376963226074313,1,synthetic,Marche inclinée synthétique,generated_incline_walk.csv
37.2,6.5387445771951,12.633554077466759,3.32152138910118,1,synthetic,Marche inclinée synthétique,generated_incline_walk.csv
37.22,5.9637484013339055,12.65130434304222,3.1425909429839307,1,synthetic,Marche inclinée synthétique,generated_incline_walk.csv
37.24,6.607158247744242,13.039565641557354,3.186143230768966,1,synthetic,Marche inclinée synthétique,generated_incline_walk.csv
37.26,6.0425294958909435,12.796763915752386,2.403513545867807,1,synthetic,Marche inclinée synthétique,generated_incline_walk.csv
37.28,5.739313751852537,13.414429535619401,1.6976820169464035,1,synthetic,Marche inclinée synthétique,generated_incline_walk.csv
37.3,5.818965547057585,13.84147483925308,1.9504575498716255,1,synthetic,Marche inclinée synthétique,generated_incline_walk.csv
37.32,5.444084841663768,13.445192430366683,1.2578252616789427,1,synthetic,Marche inclinée synthétique,generated_incline_walk.csv
37.34,5.517841109040757,13.650733445530983,1.1863216079389751,1,synthetic,Marche inclinée synthétique,generated_incline_walk.csv
37.36,4.8148803400281155,14.255556826792983,0.7748959842348773,1,synthetic,Marche inclinée synthétique,generated_incline_walk.csv
37.38,4.973740971706601,13.588469451203744,0.3981123109468665,1,synthetic,Marche inclinée synthétique,generated_incline_walk.csv
37.4,4.9157432569610995,13.966397317813808,0.27064489420387317,1,synthetic,Marche inclinée synthétique,generated_incline_walk.csv
37.42,4.8199069199622855,14.187141631789537,0.22704501862411888,1,synthetic,Marche inclinée synthétique,generated_incline_walk.csv
37.44,4.447782574956271,14.17976179562061,0.35877637852766914,1,synthetic,Marche inclinée synthétique,generated_incline_walk.csv
37.46,4.74570429748003,14.831374342025867,0.1586225606719252,1,synthetic,Marche inclinée synthétique,generated_incline_walk.csv
37.48,3.7616095025951903,15.12893255695378,0.26553047878973607,1,synthetic,Marche inclinée synthétique,generated_incline_walk.csv
37.5,3.997853527841328,15.30944333126222,-0.3094264250004373,1,synthetic,Marche inclinée synthétique,generated_incline_walk.csv
37.52,3.696823204102136,15.656869486324107,-0.4771124915087793,1,synthetic,Marche inclinée synthétique,generated_incline_walk.csv
37.54,3.4712155262365654,16.30356185791312,0.32584701534380867,1,synthetic,Marche inclinée synthétique,generated_incline_walk.csv
37.56,2.9584330939090386,16.746196708839186,0.42642610566412315,1,synthetic,Marche inclinée synthétique,generated_incline_walk.csv
37.58,2.785493346523363,17.144728058195142,0.631990838458018,1,synthetic,Marche inclinée synthétique,generated_incline_walk.csv
37.6,1.5460937021868428,17.03685483411572,0.18241236256261595,1,synthetic,Marche inclinée synthétique,generated_incline_walk.csv
37.62,0.1636637196664616,17.240453227168324,0.34869786457809615,1,synthetic,Marche inclinée synthétique,generated_incline_walk.csv
37.64,-0.281722983167219,17.716729741153888,-0.5146110432386086,1,synthetic,Marche inclinée synthétique,generated_incline_walk.csv
37.66,-2.928967680065936,17.369069336179912,-0.9970421969295247,1,synthetic,Marche inclinée synthétique,generated_incline_walk.csv
37.68,-5.623847698959282,17.6375799338129,-2.286777186018314,1,synthetic,Marche inclinée synthétique,generated_incline_walk.csv
37.7,-8.83873894035566,17.45437978317494,-3.996325943131255,1,synthetic,Marche inclinée synthétique,generated_incline_walk.csv
37.72,-13.850507000302354,18.358996509277603,-5.949230385526471,1,synthetic,Marche inclinée synthétique,generated_incline_walk.csv
37.74,-19.493203050584665,19.296904863391635,-8.646877952023546,1,synthetic,Marche inclinée synthétique,generated_incline_walk.csv
37.76,-26.169531951901828,21.24930688300155,-11.611838320938482,1,synthetic,Marche inclinée synthétique,generated_incline_walk.csv
37.78,-34.817794694547366,25.382598997412224,-14.628081306929916,1,synthetic,Marche inclinée synthétique,generated_incline_walk.csv
37.8,-42.55788444215147,27.097059093472467,-16.59967555075956,1,synthetic,Marche inclinée synthétique,generated_incline_walk.csv
37.82,-48.18566301671412,27.13198044130256,-18.064159627708932,1,synthetic,Marche inclinée synthétique,generated_incline_walk.csv
37.84,-51.942743484784735,25.85797872553616,-17.741087543485534,1,synthetic,Marche inclinée synthétique,generated_incline_walk.csv
37.86,-54.81481096504995,27.090467244901255,-15.918640747148258,1,synthetic,Marche inclinée synthétique,generated_incline_walk.csv
37.88,-55.13244260794174,24.136047267911188,-12.254320460473089,1,synthetic,Marche inclinée synthétique,generated_incline_walk.csv
37.9,-53.23613807763224,22.908962363839763,-8.530828709020028,1,synthetic,Marche inclinée synthétique,generated_incline_walk.csv
37.92,-51.956246254400796,22.93722777882175,-5.824986923156306,1,synthetic,Marche inclinée synthétique,generated_incline_walk.csv
37.94,-49.35561932833386,22.789658844037316,-2.366043163114346,1,synthetic,Marche inclinée synthétique,generated_incline_walk.csv
37.96,-45.857312928389845,20.967847135066535,0.04186001937682563,1,synthetic,Marche inclinée synthétique,generated_incline_walk.csv
37.98,-41.66025306307258,19.728393190727505,2.227123794022275,1,synthetic,Marche inclinée synthétique,generated_incline_walk.csv
38.0,-37.11656792113575,19.856601029910465,2.103252850715128,1,synthetic,Marche inclinée synthétique,generated_incline_walk.csv
38.02,-31.467118980968607,20.876959230591503,3.22376178916874,1,synthetic,Marche inclinée synthétique,generated_incline_walk.csv
38.04,-25.76271161601774,22.270451633449692,2.994616127303546,1,synthetic,Marche inclinée synthétique,generated_incline_walk.csv
38.06,-20.421413623393985,23.71402202647454,3.531740762522346,1,synthetic,Marche inclinée synthétique,generated_incline_walk.csv
38.08,-14.794912082651953,24.918042618955724,2.257598944241683,1,synthetic,Marche inclinée synthétique,generated_incline_walk.csv
38.1,-10.331775425951093,24.664159599500678,0.9629195062646558,1,synthetic,Marche inclinée synthétique,generated_incline_walk.csv
38.12,-3.952417308361675,25.47973153743402,-0.6936009914817198,1,synthetic,Marche inclinée synthétique,generated_incline_walk.csv
38.14,1.8785593106267466,25.007012608667022,-2.1807172006704056,1,synthetic,Marche inclinée synthétique,generated_incline_walk.csv
38.16,6.18799333506106,24.711972295345003,-3.385125444417707,1,synthetic,Marche inclinée synthétique,generated_incline_walk.csv
38.18,10.444413594492906,24.268240655930008,-4.595564294189929,1,synthetic,Marche inclinée synthétique,generated_incline_walk.csv
38.2,14.458078756862028,23.689468521487658,-5.669503864134234,1,synthetic,Marche inclinée synthétique,generated_incline_walk.csv
38.22,16.78688309199763,22.931441645292132,-5.337069569725897,1,synthetic,Marche inclinée synthétique,generated_incline_walk.csv
38.24,18.283440868636795,22.371481075576714,-5.787378112046584,1,synthetic,Marche inclinée synthétique,generated_incline_walk.csv
38.26,18.932601836510408,22.761631966939667,-6.136006055475706,1,synthetic,Marche inclinée synthétique,generated_incline_walk.csv
38.28,18.58325077985826,21.989772993622136,-6.063000223156214,1,synthetic,Marche inclinée synthétique,generated_incline_walk.csv
38.3,15.82647952633553,21.179731156494945,-4.934613260411174,1,synthetic,Marche inclinée synthétique,generated_incline_walk.csv
38.32,13.08921449450231,20.83818806826926,-4.7833274120283695,1,synthetic,Marche inclinée synthétique,generated_incline_walk.csv
38.34,10.238754543871384,19.56066416032797,-4.520901048193818,1,synthetic,Marche inclinée synthétique,generated_incline_walk.csv
38.36,7.858230241745309,18.611396088409553,-3.3757679750387983,1,synthetic,Marche inclinée synthétique,generated_incline_walk.csv
38.38,5.874585433711943,18.49644483061147,-2.158663526577678,1,synthetic,Marche inclinée synthétique,generated_incline_walk.csv
38.4,6.2161768114941465,17.811876296938134,-2.7028450570714293,1,synthetic,Marche inclinée synthétique,generated_incline_walk.csv
38.42,6.116039206140785,17.141759997121152,-2.4449197950276784,1,synthetic,Marche inclinée synthétique,generated_incline_walk.csv
38.44,6.181328669422787,17.508246649934158,-1.5799555183788307,1,synthetic,Marche inclinée synthétique,generated_incline_walk.csv
38.46,5.516672650311725,17.428421487077152,-0.4539526153009134,1,synthetic,Marche inclinée synthétique,generated_incline_walk.csv
38.48,5.955907659145916,16.975024246646644,-0.09965692984897934,1,synthetic,Marche inclinée synthétique,generated_incline_walk.csv
38.5,5.9035000251393575,16.876951388855197,0.8415167017393341,1,synthetic,Marche inclinée synthétique,generated_incline_walk.csv
38.52,6.053838000868658,17.27446856279644,1.20195206168065,1,synthetic,Marche inclinée synthétique,generated_incline_walk.csv
38.54,5.309349539065409,17.489967189703446,1.7981039773108067,1,synthetic,Marche inclinée synthétique,generated_incline_walk.csv
38.56,5.633831475258006,17.304265421533835,2.3212716127350683,1,synthetic,Marche inclinée synthétique,generated_incline_walk.csv
38.58,5.754693397607112,17.29699452737052,3.339755082766002,1,synthetic,Marche inclinée synthétique,generated_incline_walk.csv
38.6,6.22885921807523,17.778238762712355,3.175059188490429,1,synthetic,Marche inclinée synthétique,generated_incline_walk.csv
38.62,5.65799847929193,17.866234563244962,3.323866746668483,1,synthetic,Marche inclinée synthétique,generated_incline_walk.csv
38.64,6.173068870033903,17.38220716964123,3.627362165658651,1,synthetic,Marche inclinée synthétique,generated_incline_walk.csv
38.66,6.0025783503589905,17.639563541872175,3.7890866396028176,1,synthetic,Marche inclinée synthétique,generated_incline_walk.csv
38.68,6.6047679297050585,18.034915659573773,4.012143096677431,1,synthetic,Marche inclinée synthétique,generated_incline_walk.csv
38.7,6.139575739541436,18.130413005772017,3.8323976692647137,1,synthetic,Marche inclinée synthétique,generated_incline_walk.csv
38.72,5.5481769612119995,18.590075934202027,4.712568745567711,1,synthetic,Marche inclinée synthétique,generated_incline_walk.csv
38.74,5.797417589920352,18.905340140100076,4.927487306586296,1,synthetic,Marche inclinée synthétique,generated_incline_walk.csv
38.76,5.695719180542434,19.639489434650294,4.099552250296502,1,synthetic,Marche inclinée synthétique,generated_incline_walk.csv
38.78,5.576153943811478,19.569744576219236,4.633261599603227,1,synthetic,Marche inclinée synthétique,generated_incline_walk.csv
38.8,4.8313561366172415,20.13412675404079,4.339895204693107,1,synthetic,Marche inclinée synthétique,generated_incline_walk.csv
38.82,3.800366063255502,19.79967456620089,4.537390725166021,1,synthetic,Marche inclinée synthétique,generated_incline_walk.csv
38.84,2.505659695846334,20.369353108268808,4.085115140905113,1,synthetic,Marche inclinée synthétique,generated_incline_walk.csv
38.86,1.6451878211481767,21.01457885925988,4.096844459615402,1,synthetic,Marche inclinée synthétique,generated_incline_walk.csv
38.88,0.025389974621987825,20.350333241594186,3.736442319237222,1,synthetic,Marche inclinée synthétique,generated_incline_walk.csv
38.9,-1.4911470827820885,21.113860506975467,2.9515480270181373,1,synthetic,Marche inclinée synthétique,generated_incline_walk.csv
38.92,-4.091491320692984,20.915505693357034,1.4150828512347722,1,synthetic,Marche inclinée synthétique,generated_incline_walk.csv
38.94,-8.02827452868935,20.923571129965094,-0.12232408919094229,1,synthetic,Marche inclinée synthétique,generated_incline_walk.csv
38.96,-12.5266769126749,21.127805007286327,-1.5891008500960382,1,synthetic,Marche inclinée synthétique,generated_incline_walk.csv
38.98,-17.282509895079134,21.609968159404126,-2.4134552697325735,1,synthetic,Marche inclinée synthétique,generated_incline_walk.csv
39.0,-23.739244235241653,22.83440318111965,-4.821374195179411,1,synthetic,Marche inclinée synthétique,generated_incline_walk.csv
39.02,-32.20522666213185,24.64575917698861,-7.172926235656821,1,synthetic,Marche inclinée synthétique,generated_incline_walk.csv
39.04,-40.68388836622946,27.227317309532676,-8.568306913014679,1,synthetic,Marche inclinée synthétique,generated_incline_walk.csv
39.06,-47.65981919554487,28.61500713270063,-10.020750009435329,1,synthetic,Marche inclinée synthétique,generated_incline_walk.csv
39.08,-52.97578858208452,27.125216459007017,-9.410551958129421,1,synthetic,Marche inclinée synthétique,generated_incline_walk.csv
39.1,-56.6909958873553,27.294619448648657,-8.27355601997328,1,synthetic,Marche inclinée synthétique,generated_incline_walk.csv
39.12,-57.21321449595002,27.428145882692604,-5.077878429131493,1,synthetic,Marche inclinée synthétique,generated_incline_walk.csv
39.14,-56.64842866764463,26.167111574880128,-2.5687684137778515,1,synthetic,Marche inclinée synthétique,generated_incline_walk.csv
39.16,-55.085165989169724,25.47917638474464,0.5336211012365694,1,synthetic,Marche inclinée synthétique,generated_incline_walk.csv
39.18,-52.89542270318875,26.598412671839114,2.841262700324417,1,synthetic,Marche inclinée synthétique,generated_incline_walk.csv
39.2,-50.483252614063154,26.054749877884433,4.214376356105346,1,synthetic,Marche inclinée synthétique,generated_incline_walk.csv
39.22,-46.45169789390424,23.83961695378885,4.353250781277847,1,synthetic,Marche inclinée synthétique,generated_incline_walk.csv
39.24,-42.61910720503541,22.975041042420177,4.869990274892134,1,synthetic,Marche inclinée synthétique,generated_incline_walk.csv
39.26,-38.06827520241755,23.436306400441282,4.991307015248696,1,synthetic,Marche inclinée synthétique,generated_incline_walk.csv
39.28,-33.104994519297094,23.6720816721127,4.333976758001559,1,synthetic,Marche inclinée synthétique,generated_incline_walk.csv
39.3,-27.476422754576095,24.12350427957713,4.104976282204246,1,synthetic,Marche inclinée synthétique,generated_incline_walk.csv
39.32,-21.407166758398482,24.54340981479582,3.277069911928183,1,synthetic,Marche inclinée synthétique,generated_incline_walk.csv
39.34,-16.19587911202955,25.487925430094236,2.078486256221364,1,synthetic,Marche inclinée synthétique,generated_incline_walk.csv
39.36,-10.628783016300341,25.257291909780413,0.6271140258890139,1,synthetic,Marche inclinée synthétique,generated_incline_walk.csv
39.38,-4.937822622077563,25.555361032664457,-0.49050971659010734,1,synthetic,Marche inclinée synthétique,generated_incline_walk.csv
39.4,0.47845073175288977,25.393473125610655,-2.0761563415476467,1,synthetic,Marche inclinée synthétique,generated_incline_walk.csv
39.42,5.6995619021633654,24.48955004571524,-2.5712773041922206,1,synthetic,Marche inclinée synthétique,generated_incline_walk.csv
39.44,9.603687931935195,24.857664984392752,-2.9616033003369053,1,synthetic,Marche inclinée synthétique,generated_incline_walk.csv
39.46,13.4836091741527,24.619320180503337,-2.736926281163283,1,synthetic,Marche inclinée synthétique,generated_incline_walk.csv
39.48,15.711155605616884,23.325838673504222,-2.4921903335052455,1,synthetic,Marche inclinée synthétique,generated_incline_walk.csv
39.5,16.610982856164128,22.668586055888415,-2.7848960807967025,1,synthetic,Marche inclinée synthétique,generated_incline_walk.csv
39.52,16.349670493054035,22.47844481453379,-2.167646349256554,1,synthetic,Marche inclinée synthétique,generated_incline_walk.csv
39.54,15.314681985137243,21.172387744066924,-2.3656929754763416,1,synthetic,Marche inclinée synthétique,generated_incline_walk.csv
39.56,12.86430037226477,20.668783895773718,-1.343954050929759,1,synthetic,Marche inclinée synthétique,generated_incline_walk.csv
39.58,10.334605239721812,19.844166202072003,-0.3404734654998753,1,synthetic,Marche inclinée synthétique,generated_incline_walk.csv
39.6,7.969637058465993,18.943267049903554,-0.5856072370813551,1,synthetic,Marche inclinée synthétique,generated_incline_walk.csv
39.62,6.3604255471073206,18.105397108764834,-0.4542107568965483,1,synthetic,Marche inclinée synthétique,generated_incline_walk.csv
39.64,5.787230632625841,17.388938160643132,0.2528956996325349,1,synthetic,Marche inclinée synthétique,generated_incline_walk.csv
39.66,6.042445216699757,17.4605412404238,0.5011840337391364,1,synthetic,Marche inclinée synthétique,generated_incline_walk.csv
39.68,5.773662118415681,17.760361862514998,0.002293640093067817,1,synthetic,Marche inclinée synthétique,generated_incline_walk.csv
39.7,6.098871587963087,17.047627906261535,0.3123009916925489,1,synthetic,Marche inclinée synthétique,generated_incline_walk.csv
39.72,5.977711630668336,17.363204607792163,-0.8523267387156814,1,synthetic,Marche inclinée synthétique,generated_incline_walk.csv
39.74,6.647198905131665,17.510707503281854,-0.9303679266306706,1,synthetic,Marche inclinée synthétique,generated_incline_walk.csv
39.76,6.044298384091972,17.950648959955792,-1.2592980011737216,1,synthetic,Marche inclinée synthétique,generated_incline_walk.csv
39.78,6.581960183448373,17.827809019955694,-1.1374488186802316,1,synthetic,Marche inclinée synthétique,generated_incline_walk.csv
39.8,5.94501187210338,17.841134605137103,-0.94329614166384,1,synthetic,Marche inclinée synthétique,generated_incline_walk.csv
39.82,6.233208019832617,18.322027135695432,-0.8931473926504505,1,synthetic,Marche inclinée synthétique,generated_incline_walk.csv
39.84,5.619439510101988,17.794487756864935,-0.032466520603527615,1,synthetic,Marche inclinée synthétique,generated_incline_walk.csv
39.86,5.575132827947562,17.99935157996945,-0.7435418938947465,1,synthetic,Marche inclinée synthétique,generated_incline_walk.csv
39.88,5.514141714662808,18.817231936992183,-0.3180717487526427,1,synthetic,Marche inclinée synthétique,generated_incline_walk.csv
39.9,5.362242638583665,19.588723096957693,-0.10450855527337986,1,synthetic,Marche inclinée synthétique,generated_incline_walk.csv
39.92,5.068514793743735,19.299879829354396,0.5619484173986204,1,synthetic,Marche inclinée synthétique,generated_incline_walk.csv
39.94,5.0849737765258975,19.998710467380192,1.2606436715219176,1,synthetic,Marche inclinée synthétique,generated_incline_walk.csv
39.96,4.879790178002909,20.013535664371155,1.3226003474211945,1,synthetic,Marche inclinée synthétique,generated_incline_walk.csv
39.98,4.4059082297830505,20.962507144390504,1.555434624000001,1,synthetic,Marche inclinée synthétique,generated_incline_walk.csv
40.0,3.504071036169378,21.39446489283639,2.3546672391725343,1,synthetic,Marche inclinée synthétique,generated_incline_walk.csv
