time_s,yaw,pitch,roll,label,subject_id,scenario,source_file
0.0,6.680384107501722,18.516210184423993,19.44082974418869,1,synthetic,Supination synthétique,generated_supination.csv
0.02,7.294482241374765,18.314986009474648,19.079452887494185,1,synthetic,Supination synthétique,generated_supination.csv
0.04,7.13141146881985,19.214479179131015,19.658964017323044,1,synthetic,Supination synthétique,generated_supination.csv
0.06,7.09388303396141,18.109968453147467,19.593465297981822,1,synthetic,Supination synthétique,generated_supination.csv
0.08,7.013883966777903,19.164956638101167,19.245230439408395,1,synthetic,Supination synthétique,generated_supination.csv
0.1,7.035977598174105,18.328287900584815,19.283814035640408,1,synthetic,Supination synthétique,generated_supination.csv
0.12,7.444431922271165,18.77845992999292,18.972526087126653,1,synthetic,Supination synthétique,generated_supination.csv
0.14,7.314006216929844,19.427022907126005,19.421390782783792,1,synthetic,Supination synthétique,generated_supination.csv
0.16,6.8377178456723735,18.14188661248221,19.72752694706203,1,synthetic,Supination synthétique,generated_supination.csv
0.18,7.605770659547482,18.371801718786955,19.78658453826901,1,synthetic,Supination synthétique,generated_supination.csv
0.2,6.749883645692187,19.16816381963665,19.66335681651965,1,synthetic,Supination synthétique,generated_supination.csv
0.22,7.338268185061019,18.837804870137454,19.758999097853145,1,synthetic,Supination synthétique,generated_supination.csv
0.24,7.194436984964472,18.6299994366692,19.324443561658608,1,synthetic,Supination synthétique,generated_supination.csv
0.26,7.498718088387469,18.78491719172501,19.385275729245798,1,synthetic,Supination synthétique,generated_supination.csv
0.28,7.245180874346043,18.513833917369897,19.919015728109663,1,synthetic,Supination synthétique,generated_supination.csv
0.3,7.4541823916877,18.83705178643019,19.714289882287574,1,synthetic,Supination synthétique,generated_supination.csv
0.32,7.129136333321154,19.24457638636739,19.336978090581823,1,synthetic,Supination synthétique,generated_supination.csv
0.34,7.427203256872865,18.696728662092212,19.78338183671808,1,synthetic,Supination synthétique,generated_supination.csv
0.36,7.237708971526972,18.85492263380124,19.90262424168558,1,synthetic,Supination synthétique,generated_supination.csv
0.38,7.777931473126191,19.171841350117063,19.916350414510585,1,synthetic,Supination synthétique,generated_supination.csv
0.4,6.923682748391056,19.407244387419343,19.747770043461433,1,synthetic,Supination synthétique,generated_supination.csv
0.42,7.489741287888332,18.65634149098032,19.61740901544153,1,synthetic,Supination synthétique,generated_supination.csv
0.44,7.269719778276191,18.924257379858492,19.923902403479634,1,synthetic,Supination synthétique,generated_supination.csv
0.46,7.182424950086218,18.67617924893443,20.40452649200139,1,synthetic,Supination synthétique,generated_supination.csv
0.48,6.958222357063473,18.659523960044496,19.937146063058897,1,synthetic,Supination synthétique,generated_supination.csv
0.5,7.261282792571062,18.737419086831554,19.768203016501303,1,synthetic,Supination synthétique,generated_supination.csv
0.52,6.685311895006701,18.67361867528487,20.09313766912754,1,synthetic,Supination synthétique,generated_supination.csv
0.54,6.719390882115696,18.356546106774402,19.696855866232916,1,synthetic,Supination synthétique,generated_supination.csv
0.56,7.346266742520019,18.28656776139992,20.156599774483436,1,synthetic,Supination synthétique,generated_supination.csv
0.58,6.670782962053589,18.661805767826422,20.09418386105051,1,synthetic,Supination synthétique,generated_supination.csv
0.6,7.571452585302831,18.919316663119808,20.475248700586203,1,synthetic,Supination synthétique,generated_supination.csv
0.62,7.060615107211382,19.241592326606355,20.31323504362158,1,synthetic,Supination synthétique,generated_supination.csv
0.64,7.217504499275228,18.729503820838506,20.57761042279323,1,synthetic,Supination synthétique,generated_supination.csv
0.66,7.16460184119967,18.837121266316142,21.072450887520166,1,synthetic,Supination synthétique,generated_supination.csv
0.68,7.267571893784481,19.080826912444234,20.23251733658394,1,synthetic,Supination synthétique,generated_supination.csv
0.7000000000000001,7.05841296438999,19.106666709887307,20.143851102404035,1,synthetic,Supination synthétique,generated_supination.csv
0.72,7.031942752416775,18.85576769167225,20.48801704227909,1,synthetic,Supination synthétique,generated_supination.csv
0.74,7.105396329061744,18.874657968373477,20.436964056850226,1,synthetic,Supination synthétique,generated_supination.csv
0.76,7.4583471673911035,19.441702669420767,20.453411799388213,1,synthetic,Supination synthétique,generated_supination.csv
0.78,7.482680501102159,18.795119054134208,20.376886718155177,1,synthetic,Supination synthétique,generated_supination.csv
0.8,7.524729568636582,18.75325921082362,20.698861148907625,1,synthetic,Supination synthétique,generated_supination.csv
0.8200000000000001,7.2501271544061945,18.424583528372732,20.755621901871653,1,synthetic,Supination synthétique,generated_supination.csv
0.84,7.078187262606736,19.036264503934056,20.039390126481916,1,synthetic,Supination synthétique,generated_supination.csv
0.86,6.633672554300595,18.837525813354635,20.915343801657254,1,synthetic,Supination synthétique,generated_supination.csv
0.88,7.329588661381861,19.48255884802129,21.081301254630503,1,synthetic,Supination synthétique,generated_supination.csv
0.9,7.388190892254162,18.82922563179843,21.692640212676793,1,synthetic,Supination synthétique,generated_supination.csv
0.92,7.013704323207681,19.17295833298878,21.13005693805537,1,synthetic,Supination synthétique,generated_supination.csv
0.94,7.374089842742138,19.215142408629603,21.481789624990412,1,synthetic,Supination synthétique,generated_supination.csv
0.96,7.514729274789165,19.42975142228811,22.063186425905904,1,synthetic,Supination synthétique,generated_supination.csv
0.98,7.153630508199031,18.562378379741933,21.98209309390282,1,synthetic,Supination synthétique,generated_supination.csv
1.0,7.43876861736705,19.405434440195762,22.16515642955649,1,synthetic,Supination synthétique,generated_supination.csv
1.02,7.212452008654434,18.94701968352684,22.644146746925443,1,synthetic,Supination synthétique,generated_supination.csv
1.04,6.601890791747168,18.907710915367797,22.713533052104285,1,synthetic,Supination synthétique,generated_supination.csv
1.06,6.98280671652592,18.844610718810973,22.13238821801616,1,synthetic,Supination synthétique,generated_supination.csv
1.08,7.003982654509125,18.818833336058702,21.617819573911575,1,synthetic,Supination synthétique,generated_supination.csv
1.1,7.287943611324099,18.83453958311054,20.840573074489907,1,synthetic,Supination synthétique,generated_supination.csv
1.12,6.871213213825263,18.25003847116749,19.589080921057352,1,synthetic,Supination synthétique,generated_supination.csv
1.14,6.996233903456641,19.085367084182526,18.822912707244786,1,synthetic,Supination synthétique,generated_supination.csv
1.16,6.836074492904808,18.953919719146153,18.880562690328716,1,synthetic,Supination synthétique,generated_supination.csv
1.18,7.1079399156108245,18.654931951650376,18.340595831715117,1,synthetic,Supination synthétique,generated_supination.csv
1.2,7.137969662821518,18.913340102386204,17.220059568004807,1,synthetic,Supination synthétique,generated_supination.csv
1.22,7.407950068899272,19.604227645486127,17.35429218150295,1,synthetic,Supination synthétique,generated_supination.csv
1.24,7.355624338826445,19.04075500401747,17.063044532646888,1,synthetic,Supination synthétique,generated_supination.csv
1.26,7.16568836901589,18.815391956709828,16.888992109188433,1,synthetic,Supination synthétique,generated_supination.csv
1.28,7.18702443598894,19.430206146191853,16.27156506762475,1,synthetic,Supination synthétique,generated_supination.csv
1.3,7.140280458681042,18.693070869116216,17.109969092700126,1,synthetic,Supination synthétique,generated_supination.csv
1.32,7.1354111967758165,18.88152903857503,16.935811243104528,1,synthetic,Supination synthétique,generated_supination.csv
1.34,7.557640181256579,18.763911283329836,16.76166668974445,1,synthetic,Supination synthétique,generated_supination.csv
1.36,6.340252318225111,18.85061648190088,16.46178889733569,1,synthetic,Supination synthétique,generated_supination.csv
1.38,7.028366271164035,19.131488226618117,16.643739987262702,1,synthetic,Supination synthétique,generated_supination.csv
1.4,7.170515505433335,19.081816025519355,16.7333821510866,1,synthetic,Supination synthétique,generated_supination.csv
1.42,7.409631602237878,18.69238825964874,16.20619143896651,1,synthetic,Supination synthétique,generated_supination.csv
1.44,6.736783825961735,18.86301839397812,16.43723287318909,1,synthetic,Supination synthétique,generated_supination.csv
1.46,7.166181807169391,18.924352318927923,16.374231144473526,1,synthetic,Supination synthétique,generated_supination.csv
1.48,7.317694938576835,18.778316234705898,16.821886456616628,1,synthetic,Supination synthétique,generated_supination.csv
1.5,6.922110947644666,18.890221807660083,16.71262955186479,1,synthetic,Supination synthétique,generated_supination.csv
1.52,6.481177720056648,18.69162074070835,16.32322003131972,1,synthetic,Supination synthétique,generated_supination.csv
1.54,6.943315833702451,18.690065200692015,16.575243457320298,1,synthetic,Supination synthétique,generated_supination.csv
1.56,6.690802023534236,18.92045331599337,17.440797880906704,1,synthetic,Supination synthétique,generated_supination.csv
1.58,7.248123467344811,18.604423233476062,16.639525853442883,1,synthetic,Supination synthétique,generated_supination.csv
1.6,6.802744180113232,19.028593876149536,17.12997466581452,1,synthetic,Supination synthétique,generated_supination.csv
1.62,7.596175397942065,18.848915699145532,16.95554043192434,1,synthetic,Supination synthétique,generated_supination.csv
1.64,7.110410693619075,18.635144817124758,17.70278020075465,1,synthetic,Supination synthétique,generated_supination.csv
1.66,6.827823669491965,18.7248882797679,17.38838279960569,1,synthetic,Supination synthétique,generated_supination.csv
1.68,6.9183105794654365,18.765333834982677,17.45744910463135,1,synthetic,Supination synthétique,generated_supination.csv
1.7,6.742751765545131,18.85793184434881,17.34456983437349,1,synthetic,Supination synthétique,generated_supination.csv
1.72,7.19150911320242,18.94030263222075,17.8291676869272,1,synthetic,Supination synthétique,generated_supination.csv
1.74,7.525721549458256,18.847619493866492,18.2997630046515,1,synthetic,Supination synthétique,generated_supination.csv
1.76,7.017119977660363,18.657326189695855,18.453565235994915,1,synthetic,Supination synthétique,generated_supination.csv
1.78,7.362901554019124,19.330778639940245,17.990309443725497,1,synthetic,Supination synthétique,generated_supination.csv
1.8,6.807053456790673,19.178297397842798,19.095066522060193,1,synthetic,Supination synthétique,generated_supination.csv
1.82,7.1826789240303075,18.944359953010423,18.713101660637253,1,synthetic,Supination synthétique,generated_supination.csv
1.84,7.780931541129183,19.190248973317573,18.677174018564784,1,synthetic,Supination synthétique,generated_supination.csv
1.86,6.669480883071109,19.010521850960114,19.24551358451635,1,synthetic,Supination synthétique,generated_supination.csv
1.88,7.463119333445603,18.843452398810065,19.2286867585613,1,synthetic,Supination synthétique,generated_supination.csv
1.9,7.445293761961606,18.947334569760272,19.457607271319002,1,synthetic,Supination synthétique,generated_supination.csv
1.92,6.53068366583103,19.705511118858475,19.65191309145538,1,synthetic,Supination synthétique,generated_supination.csv
1.94,6.66612634474213,19.224066329600998,20.042030445981005,1,synthetic,Supination synthétique,generated_supination.csv
1.96,6.80292493734114,19.241609258919073,20.115465062945766,1,synthetic,Supination synthétique,generated_supination.csv
1.98,7.384132282580794,18.825298781449003,19.959803775807597,1,synthetic,Supination synthétique,generated_supination.csv
2.0,6.962559800184736,19.118055705378644,20.840085650153654,1,synthetic,Supination synthétique,generated_supination.csv
2.02,7.0362660165931565,19.600457035402606,20.728303670724248,1,synthetic,Supination synthétique,generated_supination.csv
2.04,7.2991980883257135,19.06525806199549,21.42563827243616,1,synthetic,Supination synthétique,generated_supination.csv
2.06,7.12652823485592,19.252208515813685,21.411751471866335,1,synthetic,Supination synthétique,generated_supination.csv
2.08,7.162098846383358,19.30453748454419,21.579433915326454,1,synthetic,Supination synthétique,generated_supination.csv
2.1,7.001671136716155,19.126968156319865,21.618004750623275,1,synthetic,Supination synthétique,generated_supination.csv
2.12,7.441710199280254,19.404538156492276,22.087305938134048,1,synthetic,Supination synthétique,generated_supination.csv
2.14,6.873800542725062,19.013566582186275,21.735661205344908,1,synthetic,Supination synthétique,generated_supination.csv
2.16,7.612858666339242,19.09105089850703,21.632388849263343,1,synthetic,Supination synthétique,generated_supination.csv
2.18,7.013228173513333,18.764775527471652,22.175633270706214,1,synthetic,Supination synthétique,generated_supination.csv
2.2,6.879238878960091,19.71268343181516,21.307649897540387,1,synthetic,Supination synthétique,generated_supination.csv
2.22,7.317191542734142,19.02963586033989,22.137101393241238,1,synthetic,Supination synthétique,generated_supination.csv
2.24,7.261949639752096,18.971524420970013,22.381068124638926,1,synthetic,Supination synthétique,generated_supination.csv
2.26,6.5348892169239745,19.342695615116156,22.256708782492776,1,synthetic,Supination synthétique,generated_supination.csv
2.28,7.1992809519961245,18.79379399562334,22.813501120735072,1,synthetic,Supination synthétique,generated_supination.csv
2.3000000000000003,6.732839508712533,18.932792808477902,22.677013222526316,1,synthetic,Supination synthétique,generated_supination.csv
2.32,6.890225127059265,18.702736546093416,22.50997753091526,1,synthetic,Supination synthétique,generated_supination.csv
2.34,7.375672369163319,18.933451259400066,22.360097661235926,1,synthetic,Supination synthétique,generated_supination.csv
2.36,6.880327046591453,18.810312342849727,22.82020897574388,1,synthetic,Supination synthétique,generated_supination.csv
2.38,7.24350356088942,19.076796512654642,22.252936181168636,1,synthetic,Supination synthétique,generated_supination.csv
2.4,7.019154746129098,18.877874113168772,22.313293068880938,1,synthetic,Supination synthétique,generated_supination.csv
2.42,7.709489918005131,18.736650968829167,22.633761152205054,1,synthetic,Supination synthétique,generated_supination.csv
2.44,7.096500512599227,18.82120269064656,22.54805010989264,1,synthetic,Supination synthétique,generated_supination.csv
2.46,6.7677940135147345,18.87096287202708,22.934642128774563,1,synthetic,Supination synthétique,generated_supination.csv
2.48,6.78358934347605,18.756472408108493,22.183887061047425,1,synthetic,Supination synthétique,generated_supination.csv
2.5,6.839175440553759,19.17747136571288,21.588156232062136,1,synthetic,Supination synthétique,generated_supination.csv
2.52,7.146812023845038,19.098956632769323,22.301836554928524,1,synthetic,Supination synthétique,generated_supination.csv
2.54,7.10505437104243,18.94453343788439,22.38634778319987,1,synthetic,Supination synthétique,generated_supination.csv
2.56,7.393413230431256,18.55370817834706,21.85597971604572,1,synthetic,Supination synthétique,generated_supination.csv
2.58,7.14790833020096,19.047450335074235,22.276025524657776,1,synthetic,Supination synthétique,generated_supination.csv
2.6,7.131265699389671,18.5248999057214,22.243078711388364,1,synthetic,Supination synthétique,generated_supination.csv
2.62,7.185226907856103,18.94919384675927,21.356835661048137,1,synthetic,Supination synthétique,generated_supination.csv
2.64,7.046383738401003,18.90931439817842,21.295468773996532,1,synthetic,Supination synthétique,generated_supination.csv
2.66,7.170860506030034,18.725782348853695,20.913592930960856,1,synthetic,Supination synthétique,generated_supination.csv
2.68,7.317312303016507,18.654761055363032,21.33414375894905,1,synthetic,Supination synthétique,generated_supination.csv
2.7,7.316888770882492,18.693018656521705,21.233816792856583,1,synthetic,Supination synthétique,generated_supination.csv
2.72,6.916698971718605,19.49110128845203,21.056100945511268,1,synthetic,Supination synthétique,generated_supination.csv
2.74,6.5478990348240425,18.81750246719149,20.32855611913285,1,synthetic,Supination synthétique,generated_supination.csv
2.76,6.836975144324136,18.833297794179305,20.32008288423777,1,synthetic,Supination synthétique,generated_supination.csv
2.78,7.166630525907748,19.174997043206066,19.94703943729918,1,synthetic,Supination synthétique,generated_supination.csv
2.8000000000000003,6.338591992741662,19.02224696041072,19.727816586053105,1,synthetic,Supination synthétique,generated_supination.csv
2.82,6.9477669156862305,19.21037162145845,19.633835207273076,1,synthetic,Supination synthétique,generated_supination.csv
2.84,7.229729235307801,18.55372430056815,19.386229532340607,1,synthetic,Supination synthétique,generated_supination.csv
2.86,6.927132034609643,18.599107012093793,19.64186897094125,1,synthetic,Supination synthétique,generated_supination.csv
2.88,6.761356036855543,19.882477060162316,19.6505373960261,1,synthetic,Supination synthétique,generated_supination.csv
2.9,7.624000998448881,18.906612996657934,19.53067928878535,1,synthetic,Supination synthétique,generated_supination.csv
2.92,7.51192516397053,18.836583747182324,19.149228156050544,1,synthetic,Supination synthétique,generated_supination.csv
2.94,7.019228279445808,18.96655476453472,18.767016224786563,1,synthetic,Supination synthétique,generated_supination.csv
2.96,7.497002969491061,19.2064732258479,18.786476253422297,1,synthetic,Supination synthétique,generated_supination.csv
2.98,7.492575939542536,18.572563803882744,18.7870273215812,1,synthetic,Supination synthétique,generated_supination.csv
3.0,6.764922234406534,18.99678139216658,18.339618265711486,1,synthetic,Supination synthétique,generated_supination.csv
3.02,7.909092482804388,18.904250200856293,18.276979487153007,1,synthetic,Supination synthétique,generated_supination.csv
3.04,6.824249489632489,19.106552381052975,17.99475567389994,1,synthetic,Supination synthétique,generated_supination.csv
3.06,7.025335016951541,18.96235442697684,17.7690153311526,1,synthetic,Supination synthétique,generated_supination.csv
3.08,6.775917212879855,18.759310447966403,17.78247707003948,1,synthetic,Supination synthétique,generated_supination.csv
3.1,7.1308688111020775,18.66386572141687,17.278587320942762,1,synthetic,Supination synthétique,generated_supination.csv
3.12,6.717444023229675,18.210345615458813,17.80122841986646,1,synthetic,Supination synthétique,generated_supination.csv
3.14,7.113624517168219,19.19916772875096,16.8602102748173,1,synthetic,Supination synthétique,generated_supination.csv
3.16,7.441723043117921,18.48979550887507,17.354979032808753,1,synthetic,Supination synthétique,generated_supination.csv
3.18,7.182029625439208,18.799091067783852,16.674866146671807,1,synthetic,Supination synthétique,generated_supination.csv
3.2,7.038827821121275,19.395964510205218,17.44982889705449,1,synthetic,Supination synthétique,generated_supination.csv
3.22,7.581029973653109,18.794466125081073,17.153324193071434,1,synthetic,Supination synthétique,generated_supination.csv
3.24,6.847002761919334,19.092381947856378,16.54096711168926,1,synthetic,Supination synthétique,generated_supination.csv
3.26,7.406530345178525,18.855215072509576,16.575932585410477,1,synthetic,Supination synthétique,generated_supination.csv
3.28,7.025054938318546,19.116874592966514,16.298990223134503,1,synthetic,Supination synthétique,generated_supination.csv
3.3000000000000003,7.179440153341629,18.92267826397962,16.580595723532568,1,synthetic,Supination synthétique,generated_supination.csv
3.3200000000000003,7.123504493856241,18.765883038756,16.68827904236426,1,synthetic,Supination synthétique,generated_supination.csv
3.34,7.153407201364358,19.302282421479248,17.327463719597166,1,synthetic,Supination synthétique,generated_supination.csv
3.36,7.099547446007354,18.8340470688144,16.106991763313722,1,synthetic,Supination synthétique,generated_supination.csv
3.38,6.881010307047146,18.523042586279196,16.917958925795638,1,synthetic,Supination synthétique,generated_supination.csv
3.4,6.944669082634447,18.816108721132654,16.37412751531846,1,synthetic,Supination synthétique,generated_supination.csv
3.42,7.247813671443068,19.067602784878336,16.669568226191455,1,synthetic,Supination synthétique,generated_supination.csv
3.44,7.0816774236923115,18.589914999265535,16.900498455146874,1,synthetic,Supination synthétique,generated_supination.csv
3.46,6.764445497436551,19.140377612777314,16.850713408174496,1,synthetic,Supination synthétique,generated_supination.csv
3.48,6.903045121089008,19.136855902351847,16.878753968814934,1,synthetic,Supination synthétique,generated_supination.csv
3.5,6.907802641721379,19.527607528627005,16.759494851834468,1,synthetic,Supination synthétique,generated_supination.csv
3.52,7.100875867395964,18.731114156332684,16.900736993447303,1,synthetic,Supination synthétique,generated_supination.csv
3.54,7.175649470632598,19.11031913945203,17.03556134066065,1,synthetic,Supination synthétique,generated_supination.csv
3.56,7.155020677555424,18.43929101392558,17.448714948328718,1,synthetic,Supination synthétique,generated_supination.csv
3.58,6.937081239392765,18.801424930583543,16.71639970372049,1,synthetic,Supination synthétique,generated_supination.csv
3.6,7.146053387153357,18.955796704627026,17.11358159120393,1,synthetic,Supination synthétique,generated_supination.csv
3.62,6.7380567223345125,19.045459272781834,16.97369701284011,1,synthetic,Supination synthétique,generated_supination.csv
3.64,6.28944011488324,18.912408951375326,17.15744600758782,1,synthetic,Supination synthétique,generated_supination.csv
3.66,7.143475849465025,18.901826396905292,17.304625377570478,1,synthetic,Supination synthétique,generated_supination.csv
3.68,6.670990649771239,18.750395748378672,17.990873070908638,1,synthetic,Supination synthétique,generated_supination.csv
3.7,6.896194638336157,18.79546015556321,18.413023710669442,1,synthetic,Supination synthétique,generated_supination.csv
3.72,6.839419673607212,19.00194775125479,18.266846294447397,1,synthetic,Supination synthétique,generated_supination.csv
3.74,7.4201200179180296,19.060982864304155,17.573319646893317,1,synthetic,Supination synthétique,generated_supination.csv
3.76,6.910133823412889,19.066341588572236,18.044961450449037,1,synthetic,Supination synthétique,generated_supination.csv
3.78,7.401407147241967,19.150974650695034,17.750935869071366,1,synthetic,Supination synthétique,generated_supination.csv
3.8,7.217498310225179,19.191054874043317,18.323416861929697,1,synthetic,Supination synthétique,generated_supination.csv
3.82,7.037819369473549,18.320178768902135,18.667171918316626,1,synthetic,Supination synthétique,generated_supination.csv
3.84,6.979406432869817,18.68366228953767,18.555454029795765,1,synthetic,Supination synthétique,generated_supination.csv
3.86,7.625265826650231,18.788847518675635,18.766531815707946,1,synthetic,Supination synthétique,generated_supination.csv
3.88,7.631404108479795,18.653222170734413,18.60406876931825,1,synthetic,Supination synthétique,generated_supination.csv
3.9,7.769919119867498,19.14428417867326,18.224706611884677,1,synthetic,Supination synthétique,generated_supination.csv
3.92,8.099742767939736,19.063560245911756,18.439735276965518,1,synthetic,Supination synthétique,generated_supination.csv
3.94,7.638084152174304,18.821239628003386,19.26854183102611,1,synthetic,Supination synthétique,generated_supination.csv
3.96,7.647638140665798,18.889133353571275,19.73748287205529,1,synthetic,Supination synthétique,generated_supination.csv
3.98,7.535889248041182,19.221926006974975,20.218810857201788,1,synthetic,Supination synthétique,generated_supination.csv
4.0,7.61840326702822,18.76529818416074,19.984400727983598,1,synthetic,Supination synthétique,generated_supination.csv
4.0200000000000005,7.501880258469437,18.792500175755787,20.374212785010705,1,synthetic,Supination synthétique,generated_supination.csv
4.04,7.3524399888640675,19.17741635338571,20.69618140742073,1,synthetic,Supination synthétique,generated_supination.csv
4.0600000000000005,8.209484730795278,19.10053098881085,21.222964171273237,1,synthetic,Supination synthétique,generated_supination.csv
4.08,7.000217289982384,19.44211285062298,21.153009494390513,1,synthetic,Supination synthétique,generated_supination.csv
4.1,7.505182949576293,19.24087578734401,21.108950520919517,1,synthetic,Supination synthétique,generated_supination.csv
4.12,7.2664862540012445,19.458310434066984,22.103035251652454,1,synthetic,Supination synthétique,generated_supination.csv
4.14,6.534564103584104,19.204156299220145,22.406924446251267,1,synthetic,Supination synthétique,generated_supination.csv
4.16,5.103794555740543,19.275796462975755,23.151721647425358,1,synthetic,Supination synthétique,generated_supination.csv
4.18,3.912378500903792,19.887915018068515,23.725551088864865,1,synthetic,Supination synthétique,generated_supination.csv
4.2,2.2035154777608317,19.68849852154628,25.400091505859177,1,synthetic,Supination synthétique,generated_supination.csv
4.22,0.40134706688721256,21.59985362546663,25.832520332949592,1,synthetic,Supination synthétique,generated_supination.csv
4.24,-0.4019226356572955,23.03602846480653,26.0568577083315,1,synthetic,Supination synthétique,generated_supination.csv
4.26,-0.8009379730985636,23.658599897917238,26.534191583022796,1,synthetic,Supination synthétique,generated_supination.csv
4.28,-0.636351387997523,23.626331421423462,26.058595404441462,1,synthetic,Supination synthétique,generated_supination.csv
4.3,0.5365282448878401,23.41378003730187,25.32834035278849,1,synthetic,Supination synthétique,generated_supination.csv
4.32,1.163402547495833,21.62632505578888,24.444615323354384,1,synthetic,Supination synthétique,generated_supination.csv
4.34,2.796271963124362,19.892512426378946,22.923461857439715,1,synthetic,Supination synthétique,generated_supination.csv
4.36,3.3719319866451896,18.333125590027684,22.151589237084973,1,synthetic,Supination synthétique,generated_supination.csv
4.38,4.641961768449911,16.55980087477357,19.700566450630394,1,synthetic,Supination synthétique,generated_supination.csv
4.4,5.399028535358585,15.590216839738938,18.47722410232394,1,synthetic,Supination synthétique,generated_supination.csv
4.42,6.299334875186562,14.685880683928184,16.282212233465724,1,synthetic,Supination synthétique,generated_supination.csv
4.44,6.832228936895761,13.933141799592972,15.22538922650398,1,synthetic,Supination synthétique,generated_supination.csv
4.46,7.904477953615806,13.145124277336798,13.747213980284927,1,synthetic,Supination synthétique,generated_supination.csv
4.48,8.810430855297971,12.051533591218766,12.546399573636892,1,synthetic,Supination synthétique,generated_supination.csv
4.5,9.88153297714314,11.0404512554652,11.6271700649291,1,synthetic,Supination synthétique,generated_supination.csv
4.5200000000000005,10.6632844823717,8.840308752552275,9.618621279987183,1,synthetic,Supination synthétique,generated_supination.csv
4.54,10.885804772081686,7.85750565982882,8.865156926317702,1,synthetic,Supination synthétique,generated_supination.csv
4.5600000000000005,9.906435805429618,6.900059479825489,7.614699406034933,1,synthetic,Supination synthétique,generated_supination.csv
4.58,8.842902289058395,5.502530405941629,7.711927619523452,1,synthetic,Supination synthétique,generated_supination.csv
4.6000000000000005,6.748133925763223,5.150738468437803,7.931884856027884,1,synthetic,Supination synthétique,generated_supination.csv
4.62,5.485829383700145,4.6671981606218464,8.271590795166592,1,synthetic,Supination synthétique,generated_supination.csv
4.64,5.165729819234547,4.709126280361607,9.333363070752219,1,synthetic,Supination synthétique,generated_supination.csv
4.66,4.934468474224453,4.664722265659056,10.008549179402754,1,synthetic,Supination synthétique,generated_supination.csv
4.68,5.178200867358786,4.685995416793699,11.138991098774568,1,synthetic,Supination synthétique,generated_supination.csv
4.7,5.8774670394953485,4.18966334508314,11.248793340432861,1,synthetic,Supination synthétique,generated_supination.csv
4.72,6.857068728853993,3.6339323063997506,11.92641286136542,1,synthetic,Supination synthétique,generated_supination.csv
4.74,6.656458616025622,3.844365996418639,11.481835544565689,1,synthetic,Supination synthétique,generated_supination.csv
4.76,6.636004199970521,3.92196458308765,12.352286745514457,1,synthetic,Supination synthétique,generated_supination.csv
4.78,7.9008721700480065,4.209186385153479,11.381899743145393,1,synthetic,Supination synthétique,generated_supination.csv
4.8,7.362348355392365,3.244345427479886,11.836657037580805,1,synthetic,Supination synthétique,generated_supination.csv
4.82,7.271703161738917,3.997327238024551,11.19127882752685,1,synthetic,Supination synthétique,generated_supination.csv
4.84,7.6038903173555905,3.3585224061900942,11.444948578631987,1,synthetic,Supination synthétique,generated_supination.csv
4.86,7.186243626183275,4.061782305791664,11.252166452877168,1,synthetic,Supination synthétique,generated_supination.csv
4.88,7.875960153877852,3.948110939809495,11.555994638136623,1,synthetic,Supination synthétique,generated_supination.csv
4.9,6.9126003523922295,3.922977356056025,11.427168393727033,1,synthetic,Supination synthétique,generated_supination.csv
4.92,6.943425039346361,3.9919069709898296,11.931005042464896,1,synthetic,Supination synthétique,generated_supination.csv
4.94,7.255993762098436,3.829549098388132,11.85254367434262,1,synthetic,Supination synthétique,generated_supination.csv
4.96,7.033592873453938,3.516376337987066,11.993082289463901,1,synthetic,Supination synthétique,generated_supination.csv
4.98,7.664103999762763,3.801783008895332,12.432282998433044,1,synthetic,Supination synthétique,generated_supination.csv
5.0,6.75820010684932,4.053044574319881,11.84534213966165,1,synthetic,Supination synthétique,generated_supination.csv
5.0200000000000005,7.028985715847826,3.6972634606099746,12.59092766710471,1,synthetic,Supination synthétique,generated_supination.csv
5.04,7.332435966541887,3.75057075144385,12.370690837479916,1,synthetic,Supination synthétique,generated_supination.csv
5.0600000000000005,7.452769312619417,3.4134393127203198,12.04714124205438,1,synthetic,Supination synthétique,generated_supination.csv
5.08,7.610135716602708,4.105839495125394,12.826778187831323,1,synthetic,Supination synthétique,generated_supination.csv
5.1000000000000005,7.438053986473301,3.639315917558472,12.800027453378572,1,synthetic,Supination synthétique,generated_supination.csv
5.12,7.999034269251129,3.583544514222536,13.558106166690493,1,synthetic,Supination synthétique,generated_supination.csv
5.14,7.2151796553150795,3.7050126235112395,13.023856940214388,1,synthetic,Supination synthétique,generated_supination.csv
5.16,7.417052044190867,3.6255194228726935,13.317344522922566,1,synthetic,Supination synthétique,generated_supination.csv
5.18,7.629912586211105,3.8430107711241375,13.494945311635451,1,synthetic,Supination synthétique,generated_supination.csv
5.2,7.269802581663308,4.323440753114845,12.965927565898514,1,synthetic,Supination synthétique,generated_supination.csv
5.22,7.273656731360893,4.223081754683633,13.881152947181606,1,synthetic,Supination synthétique,generated_supination.csv
5.24,7.184676961793366,4.411136532537485,13.677982571044236,1,synthetic,Supination synthétique,generated_supination.csv
5.26,7.078796204588965,4.417059246107357,14.746127113690749,1,synthetic,Supination synthétique,generated_supination.csv
5.28,6.866388658200344,3.7043058929033945,15.21987345389792,1,synthetic,Supination synthétique,generated_supination.csv
5.3,6.984256035022558,4.069787779183373,15.131758892331446,1,synthetic,Supination synthétique,generated_supination.csv
5.32,6.642169501863878,4.333032709733708,15.088435173400287,1,synthetic,Supination synthétique,generated_supination.csv
5.34,7.1922737740193785,4.548609554877183,16.040015067221642,1,synthetic,Supination synthétique,generated_supination.csv
5.36,6.5885402895860254,3.4775472984462676,16.414323321407917,1,synthetic,Supination synthétique,generated_supination.csv
5.38,7.68179454174173,3.488747088036424,16.87929210264303,1,synthetic,Supination synthétique,generated_supination.csv
5.4,7.572268557245982,4.049584763013989,16.79868834001896,1,synthetic,Supination synthétique,generated_supination.csv
5.42,7.4006919405226315,3.8462715835087784,16.69339968142131,1,synthetic,Supination synthétique,generated_supination.csv
5.44,7.012549691326624,3.6850867507072573,17.13682719839431,1,synthetic,Supination synthétique,generated_supination.csv
5.46,6.9152624485526335,4.119251971671945,16.954779378952743,1,synthetic,Supination synthétique,generated_supination.csv
5.48,7.465323078549835,3.812185842730665,17.83942900225889,1,synthetic,Supination synthétique,generated_supination.csv
5.5,7.157267914319113,3.4083041885697294,17.13454075728264,1,synthetic,Supination synthétique,generated_supination.csv
5.5200000000000005,7.2637896969028946,4.060224252285378,17.220489540177066,1,synthetic,Supination synthétique,generated_supination.csv
5.54,6.872529909202028,4.09564351930351,17.509246477303343,1,synthetic,Supination synthétique,generated_supination.csv
5.5600000000000005,7.396292101817999,4.216196171882658,17.28435631179776,1,synthetic,Supination synthétique,generated_supination.csv
5.58,6.833175755668705,4.266441890977292,17.691343935355846,1,synthetic,Supination synthétique,generated_supination.csv
5.6000000000000005,7.109601859701323,4.001604452701709,17.959847689471957,1,synthetic,Supination synthétique,generated_supination.csv
5.62,6.571301545122219,3.8332153513851277,18.004708416617575,1,synthetic,Supination synthétique,generated_supination.csv
5.64,6.908539230366574,3.66919299648047,18.188619710743847,1,synthetic,Supination synthétique,generated_supination.csv
5.66,7.266587802525739,3.3554422942273447,18.71152113795376,1,synthetic,Supination synthétique,generated_supination.csv
5.68,6.99135391010659,3.674268330366859,18.49258201846089,1,synthetic,Supination synthétique,generated_supination.csv
5.7,6.9930345448009845,4.061984889869163,17.951098217763118,1,synthetic,Supination synthétique,generated_supination.csv
5.72,7.359487009213747,3.9380373886259177,18.22920136181443,1,synthetic,Supination synthétique,generated_supination.csv
5.74,7.1003295666080435,4.321611123073812,18.57077072232189,1,synthetic,Supination synthétique,generated_supination.csv
5.76,7.4911138352797675,3.6756526903864275,18.116322714068314,1,synthetic,Supination synthétique,generated_supination.csv
5.78,6.3941007814599065,3.196437129607788,18.30426865180525,1,synthetic,Supination synthétique,generated_supination.csv
5.8,7.284338064742608,3.9375139643974375,18.219852337370426,1,synthetic,Supination synthétique,generated_supination.csv
5.82,7.261717208519681,3.999363882960582,18.311825335322617,1,synthetic,Supination synthétique,generated_supination.csv
5.84,6.6401272406565734,3.3662960516445812,18.016359552440885,1,synthetic,Supination synthétique,generated_supination.csv
5.86,6.700160265509164,3.2386750328151193,17.93901716793579,1,synthetic,Supination synthétique,generated_supination.csv
5.88,7.333996189261626,3.7435992843236163,17.63279019179506,1,synthetic,Supination synthétique,generated_supination.csv
5.9,6.732019383313265,3.9019122726255633,17.91822151671235,1,synthetic,Supination synthétique,generated_supination.csv
5.92,6.836547332220425,3.37727668158556,17.433906524298468,1,synthetic,Supination synthétique,generated_supination.csv
5.94,7.177153152656759,3.6008592680482687,18.163718117363864,1,synthetic,Supination synthétique,generated_supination.csv
5.96,6.865012570436195,3.4733639381936547,17.55388700556967,1,synthetic,Supination synthétique,generated_supination.csv
5.98,7.069809192649447,3.355898549970739,17.43068274533463,1,synthetic,Supination synthétique,generated_supination.csv
6.0,6.629634632612925,3.3225422804466667,17.69561389700058,1,synthetic,Supination synthétique,generated_supination.csv
6.0200000000000005,6.944218738195411,3.74513735278224,17.401277174389122,1,synthetic,Supination synthétique,generated_supination.csv
6.04,7.15001124309558,3.6043304312518356,17.45060524753423,1,synthetic,Supination synthétique,generated_supination.csv
6.0600000000000005,6.905197869853195,3.5348338642747104,17.396960235243597,1,synthetic,Supination synthétique,generated_supination.csv
6.08,6.140844648912019,3.0108066345405353,17.168905379748654,1,synthetic,Supination synthétique,generated_supination.csv
6.1000000000000005,6.983332804005458,4.292285399793304,17.080927037033838,1,synthetic,Supination synthétique,generated_supination.csv
6.12,6.7993308959051815,3.5537969753149223,17.124584923375497,1,synthetic,Supination synthétique,generated_supination.csv
6.140000000000001,6.509642911242026,3.8186976448919117,17.652984504218843,1,synthetic,Supination synthétique,generated_supination.csv
6.16,7.196615451579068,3.5564937023593557,17.09112824959423,1,synthetic,Supination synthétique,generated_supination.csv
6.18,6.259632736188824,4.00045311431708,17.150600314123803,1,synthetic,Supination synthétique,generated_supination.csv
6.2,7.349083926160631,3.4701419196202927,17.127165573786016,1,synthetic,Supination synthétique,generated_supination.csv
6.22,6.609738391813782,3.938266892304727,17.463928278340955,1,synthetic,Supination synthétique,generated_supination.csv
6.24,7.277674549049291,3.866313441128615,17.84307647230118,1,synthetic,Supination synthétique,generated_supination.csv
6.26,6.800505480400269,4.192202442161332,16.92495163686637,1,synthetic,Supination synthétique,generated_supination.csv
6.28,6.422137439118005,3.624077298614964,17.35143087340993,1,synthetic,Supination synthétique,generated_supination.csv
6.3,6.851378796336642,3.7583862352150215,17.19055325757266,1,synthetic,Supination synthétique,generated_supination.csv
6.32,6.924816043035925,3.886347217674082,17.026067527502622,1,synthetic,Supination synthétique,generated_supination.csv
6.34,6.988875598071902,4.563407595977314,17.231988500839428,1,synthetic,Supination synthétique,generated_supination.csv
6.36,7.144421113711561,3.552678417619493,16.643613752293152,1,synthetic,Supination synthétique,generated_supination.csv
6.38,6.561304948738583,4.068781361807932,17.24546475487986,1,synthetic,Supination synthétique,generated_supination.csv
6.4,6.974169917094001,3.8023242927371736,17.024066629055184,1,synthetic,Supination synthétique,generated_supination.csv
6.42,7.047711854978298,4.084120781723311,16.6131511695696,1,synthetic,Supination synthétique,generated_supination.csv
6.44,6.745599979048224,4.188878751278605,17.372636200686923,1,synthetic,Supination synthétique,generated_supination.csv
6.46,6.5455455101599815,4.051361540150826,17.098909453032828,1,synthetic,Supination synthétique,generated_supination.csv
6.48,6.53760892994533,4.098651648475181,17.143836345480352,1,synthetic,Supination synthétique,generated_supination.csv
6.5,7.0442182243681195,4.11597543525414,16.28600985827232,1,synthetic,Supination synthétique,generated_supination.csv
6.5200000000000005,7.051999956648692,3.8743286636557697,16.606744099683418,1,synthetic,Supination synthétique,generated_supination.csv
6.54,6.556796514465689,3.9838686180495877,16.490581431168298,1,synthetic,Supination synthétique,generated_supination.csv
6.5600000000000005,6.392676018345737,3.5707151562037245,16.812225170077788,1,synthetic,Supination synthétique,generated_supination.csv
6.58,7.144749291077615,3.941550628969096,17.004622322333883,1,synthetic,Supination synthétique,generated_supination.csv
6.6000000000000005,6.288144012765165,3.8259785215824773,15.958463019977144,1,synthetic,Supination synthétique,generated_supination.csv
6.62,6.770287081101694,3.9867720924602406,16.475972299162024,1,synthetic,Supination synthétique,generated_supination.csv
6.640000000000001,6.451754754985643,4.292936654306742,16.328826497836328,1,synthetic,Supination synthétique,generated_supination.csv
6.66,6.128549626997639,4.220199564532314,16.55002368920218,1,synthetic,Supination synthétique,generated_supination.csv
6.68,6.656097819114127,4.274065896545664,16.097110156672333,1,synthetic,Supination synthétique,generated_supination.csv
6.7,6.5284247778611695,4.480496418138663,15.583378578592576,1,synthetic,Supination synthétique,generated_supination.csv
6.72,6.991829675323828,3.4990950650117885,15.78822971074762,1,synthetic,Supination synthétique,generated_supination.csv
6.74,7.219149733065608,4.312246011087916,15.426159321832412,1,synthetic,Supination synthétique,generated_supination.csv
6.76,6.4733127180063725,4.180489869290085,15.419895280177856,1,synthetic,Supination synthétique,generated_supination.csv
6.78,6.81616089100454,4.154359489992077,15.606188533344582,1,synthetic,Supination synthétique,generated_supination.csv
6.8,6.786126448378077,3.796916097314767,15.403008463519694,1,synthetic,Supination synthétique,generated_supination.csv
6.82,6.292659726736909,4.3141844231542095,15.625830784251372,1,synthetic,Supination synthétique,generated_supination.csv
6.84,6.23607215109852,4.484457930463675,15.059629953504471,1,synthetic,Supination synthétique,generated_supination.csv
6.86,7.010597538744852,4.45008475181731,16.21856862268236,1,synthetic,Supination synthétique,generated_supination.csv
6.88,6.449705601880643,4.130651657920283,15.857410917322103,1,synthetic,Supination synthétique,generated_supination.csv
6.9,6.621031435198556,4.338065257195697,15.664126278347906,1,synthetic,Supination synthétique,generated_supination.csv
6.92,6.579227823404417,4.406811378291841,15.022595073761444,1,synthetic,Supination synthétique,generated_supination.csv
6.94,6.638650053929307,4.629387171208477,14.78914881353726,1,synthetic,Supination synthétique,generated_supination.csv
6.96,6.536081597531452,4.400227305841453,15.28648438113092,1,synthetic,Supination synthétique,generated_supination.csv
6.98,7.018604135057386,4.022380168558149,15.64405254091175,1,synthetic,Supination synthétique,generated_supination.csv
7.0,7.214279313349081,3.9754996073238837,16.524060145445414,1,synthetic,Supination synthétique,generated_supination.csv
7.0200000000000005,6.799781181517258,4.034196498423455,16.265077330501803,1,synthetic,Supination synthétique,generated_supination.csv
7.04,6.532973235046057,4.135198288814541,15.595799737493943,1,synthetic,Supination synthétique,generated_supination.csv
7.0600000000000005,6.991367708912797,4.056281383888394,15.88042345546944,1,synthetic,Supination synthétique,generated_supination.csv
7.08,6.534660540458115,4.562946573261662,15.524363036733595,1,synthetic,Supination synthétique,generated_supination.csv
7.1000000000000005,6.82659392497445,4.247279835042655,14.802819856977209,1,synthetic,Supination synthétique,generated_supination.csv
7.12,7.4297858137525985,4.242387322281921,14.904123848190494,1,synthetic,Supination synthétique,generated_supination.csv
7.140000000000001,7.807110467460015,4.540835302647338,14.461245364735502,1,synthetic,Supination synthétique,generated_supination.csv
7.16,7.271933893737012,4.188650273601579,14.076785225212648,1,synthetic,Supination synthétique,generated_supination.csv
7.18,6.932700813195238,4.15931976389581,13.919351356287766,1,synthetic,Supination synthétique,generated_supination.csv
7.2,7.5584880041635305,3.4914626677175598,14.271471895402437,1,synthetic,Supination synthétique,generated_supination.csv
7.22,6.721420068207077,4.165964208820312,14.659111432513466,1,synthetic,Supination synthétique,generated_supination.csv
7.24,7.237750179129804,3.8030771028989587,13.97083331161391,1,synthetic,Supination synthétique,generated_supination.csv
7.26,7.962114113106749,3.6574253547440363,13.930146614930399,1,synthetic,Supination synthétique,generated_supination.csv
7.28,7.753934904264063,3.745552413998478,14.610145367513507,1,synthetic,Supination synthétique,generated_supination.csv
7.3,7.147082820706136,3.621760829436268,13.6185225070349,1,synthetic,Supination synthétique,generated_supination.csv
7.32,7.079049490440332,3.332584087215723,15.022793171390395,1,synthetic,Supination synthétique,generated_supination.csv
7.34,7.847409771751883,4.085442960992636,14.37247197114668,1,synthetic,Supination synthétique,generated_supination.csv
7.36,7.585813659055485,3.3737215016654427,14.791967953411945,1,synthetic,Supination synthétique,generated_supination.csv
7.38,7.3994830049124465,3.777660848906029,15.21637039955054,1,synthetic,Supination synthétique,generated_supination.csv
7.4,7.670994562527783,4.026398717601082,14.302182676541394,1,synthetic,Supination synthétique,generated_supination.csv
7.42,7.358737882415405,3.336377304505039,14.540627633515301,1,synthetic,Supination synthétique,generated_supination.csv
7.44,6.908188583825308,3.5616448869144333,15.672492117829579,1,synthetic,Supination synthétique,generated_supination.csv
7.46,7.632587790646617,3.3279735541038584,15.02703955972162,1,synthetic,Supination synthétique,generated_supination.csv
7.48,7.0750831058959704,3.9027024827254775,15.212423372277021,1,synthetic,Supination synthétique,generated_supination.csv
7.5,6.741589428071344,3.558102409732256,15.445310554766044,1,synthetic,Supination synthétique,generated_supination.csv
7.52,6.273732481964299,3.4098153697585656,15.806929032892459,1,synthetic,Supination synthétique,generated_supination.csv
7.54,6.218678415550744,4.199349155780531,15.977635330769035,1,synthetic,Supination synthétique,generated_supination.csv
7.56,5.111282217391798,4.244000277467676,15.655349623168112,1,synthetic,Supination synthétique,generated_supination.csv
7.58,4.457680355842883,3.9533890361345034,15.57796078764988,1,synthetic,Supination synthétique,generated_supination.csv
7.6,2.8027424117598065,4.896323138632925,15.702245718353899,1,synthetic,Supination synthétique,generated_supination.csv
7.62,1.6018131298743699,5.193515505374288,15.621146048209075,1,synthetic,Supination synthétique,generated_supination.csv
7.640000000000001,-0.27040887512080747,6.757424349771712,15.512243438672929,1,synthetic,Supination synthétique,generated_supination.csv
7.66,-1.2909092023412534,7.493188897754393,14.690194064599973,1,synthetic,Supination synthétique,generated_supination.csv
7.68,-2.141166109525504,7.959477019147199,14.75887367502523,1,synthetic,Supination synthétique,generated_supination.csv
7.7,-1.716725583250571,9.0226309603259,13.725120240363854,1,synthetic,Supination synthétique,generated_supination.csv
7.72,-0.4411824694831292,9.589360322242483,14.24659835765507,1,synthetic,Supination synthétique,generated_supination.csv
7.74,1.2107090170919401,10.322003041964505,15.011599537637025,1,synthetic,Supination synthétique,generated_supination.csv
7.76,0.8272363917843049,10.432479803554553,15.423554099233435,1,synthetic,Supination synthétique,generated_supination.csv
7.78,1.8179152970649795,10.529592377183802,15.655564280333238,1,synthetic,Supination synthétique,generated_supination.csv
7.8,3.1789384494223114,10.16222782200804,15.52776720395991,1,synthetic,Supination synthétique,generated_supination.csv
7.82,4.16893193434284,9.406935353048521,15.65863297995265,1,synthetic,Supination synthétique,generated_supination.csv
7.84,4.790944906653917,9.168840535618559,15.75097966668122,1,synthetic,Supination synthétique,generated_supination.csv
7.86,6.02175902084166,9.310672892641195,15.61331761227637,1,synthetic,Supination synthétique,generated_supination.csv
7.88,6.410208077317115,8.66259020817295,15.057604241243391,1,synthetic,Supination synthétique,generated_supination.csv
7.9,7.3890186317425055,7.644744202847515,14.310445793358483,1,synthetic,Supination synthétique,generated_supination.csv
7.92,8.222021277914543,7.017570900458549,14.229698944552835,1,synthetic,Supination synthétique,generated_supination.csv
7.94,8.717036923800984,6.454209020316537,14.338626542241041,1,synthetic,Supination synthétique,generated_supination.csv
7.96,8.14830704048899,6.107992032116708,14.159498655428024,1,synthetic,Supination synthétique,generated_supination.csv
7.98,7.926990560241968,5.400476479632408,13.316953635340509,1,synthetic,Supination synthétique,generated_supination.csv
8.0,7.911555459091427,6.097849470254021,13.451690683807179,1,synthetic,Supination synthétique,generated_supination.csv
8.02,7.676318007447301,5.749192444008903,12.805029333898043,1,synthetic,Supination synthétique,generated_supination.csv
8.040000000000001,7.0086256848443735,6.093635493311036,13.042302237226194,1,synthetic,Supination synthétique,generated_supination.csv
8.06,6.24634934390195,5.323850007937193,14.608326888536585,1,synthetic,Supination synthétique,generated_supination.csv
8.08,6.166584355182897,6.094822633911975,13.817573828033648,1,synthetic,Supination synthétique,generated_supination.csv
8.1,6.110742811573142,6.299121504119078,14.14171966209166,1,synthetic,Supination synthétique,generated_supination.csv
8.120000000000001,5.529011167295768,4.9746192227316595,14.77797334051717,1,synthetic,Supination synthétique,generated_supination.csv
8.14,5.314995351359315,5.720492092570746,15.15120882180759,1,synthetic,Supination synthétique,generated_supination.csv
8.16,5.892648861843808,5.110331376445815,15.214232673574804,1,synthetic,Supination synthétique,generated_supination.csv
8.18,6.092169168086152,4.395386330873223,16.02080609658124,1,synthetic,Supination synthétique,generated_supination.csv
8.2,6.485121480658653,3.828673033066541,16.053054388790372,1,synthetic,Supination synthétique,generated_supination.csv
8.22,6.416170572001435,4.45193330458462,16.464640247873355,1,synthetic,Supination synthétique,generated_supination.csv
8.24,6.426546425714352,4.088701301227974,15.458289290503423,1,synthetic,Supination synthétique,generated_supination.csv
8.26,6.742389743058825,4.155797670955534,16.0575416348461,1,synthetic,Supination synthétique,generated_supination.csv
8.28,6.734296829503783,3.8990449933689684,16.354805453300745,1,synthetic,Supination synthétique,generated_supination.csv
8.3,6.933102078333569,3.740042605549273,15.449996249572553,1,synthetic,Supination synthétique,generated_supination.csv
8.32,7.22568119256235,4.231357825236975,16.40200439128643,1,synthetic,Supination synthétique,generated_supination.csv
8.34,7.363104119765004,3.7266943459093627,15.849196979257925,1,synthetic,Supination synthétique,generated_supination.csv
8.36,7.908394213880042,4.289735163902316,16.597228861350743,1,synthetic,Supination synthétique,generated_supination.csv
8.38,7.319619797115033,3.6282855673881595,16.91693012409143,1,synthetic,Supination synthétique,generated_supination.csv
8.4,7.755866567046767,3.947603384549339,16.454738894368777,1,synthetic,Supination synthétique,generated_supination.csv
8.42,7.595192503456525,3.8943770260654276,16.524781593399048,1,synthetic,Supination synthétique,generated_supination.csv
8.44,8.204816587428109,4.777040143538003,16.225360851651807,1,synthetic,Supination synthétique,generated_supination.csv
8.46,7.879284938373969,3.9975644717645826,16.550783427762084,1,synthetic,Supination synthétique,generated_supination.csv
8.48,7.700624077794984,4.256943917019619,16.880450051670334,1,synthetic,Supination synthétique,generated_supination.csv
8.5,7.97959231127688,4.833002678657212,16.573061966499175,1,synthetic,Supination synthétique,generated_supination.csv
8.52,7.720445280881645,4.762211969399166,16.69349416431273,1,synthetic,Supination synthétique,generated_supination.csv
8.540000000000001,7.562191761986767,5.383656002592163,16.943266304246393,1,synthetic,Supination synthétique,generated_supination.csv
8.56,8.160681234956307,5.340304015399948,17.170844563923378,1,synthetic,Supination synthétique,generated_supination.csv
8.58,7.869316729643778,5.044486325839219,16.49901368649121,1,synthetic,Supination synthétique,generated_supination.csv
8.6,8.174826207859033,5.127951196707181,17.084583736050202,1,synthetic,Supination synthétique,generated_supination.csv
8.620000000000001,8.029888424562778,4.479967883717695,16.88591903043168,1,synthetic,Supination synthétique,generated_supination.csv
8.64,7.941488902694349,4.825680863516159,17.26032967565824,1,synthetic,Supination synthétique,generated_supination.csv
8.66,7.792740980775099,5.065583605821095,17.390551976378415,1,synthetic,Supination synthétique,generated_supination.csv
8.68,7.515652655805123,5.193891988882594,17.0735451143887,1,synthetic,Supination synthétique,generated_supination.csv
8.700000000000001,8.176050595204114,4.943761526845518,17.164132699437832,1,synthetic,Supination synthétique,generated_supination.csv
8.72,8.091273930904327,5.156748752830786,16.197385403335716,1,synthetic,Supination synthétique,generated_supination.csv
8.74,8.35891987831251,5.243630258100614,16.09582187189691,1,synthetic,Supination synthétique,generated_supination.csv
8.76,8.202287161987714,5.838225829979822,15.631156235583953,1,synthetic,Supination synthétique,generated_supination.csv
8.78,8.026068074774733,5.688214581786128,15.69907759569181,1,synthetic,Supination synthétique,generated_supination.csv
8.8,7.971850077649744,5.5018688181412845,15.557123375544007,1,synthetic,Supination synthétique,generated_supination.csv
8.82,8.497365425932148,5.551072744639063,15.412798451786514,1,synthetic,Supination synthétique,generated_supination.csv
8.84,8.683169019697393,5.774709159544931,15.119155387151524,1,synthetic,Supination synthétique,generated_supination.csv
8.86,8.152172870253453,5.560034808423134,15.565385322644993,1,synthetic,Supination synthétique,generated_supination.csv
8.88,8.270138417208518,5.760925636857333,15.619114028815742,1,synthetic,Supination synthétique,generated_supination.csv
8.9,8.298379907701161,5.419014903476594,16.17070975779132,1,synthetic,Supination synthétique,generated_supination.csv
8.92,7.198727851898194,6.188066638105382,16.14762392424013,1,synthetic,Supination synthétique,generated_supination.csv
8.94,6.6626582246843755,6.341271354024226,16.838523176563626,1,synthetic,Supination synthétique,generated_supination.csv
8.96,5.411169197013523,6.219048895248037,16.751398398108698,1,synthetic,Supination synthétique,generated_supination.csv
8.98,4.630475765104161,6.254309947637194,16.275392550228023,1,synthetic,Supination synthétique,generated_supination.csv
9.0,2.3039478849368624,6.186367794685248,16.908513195159127,1,synthetic,Supination synthétique,generated_supination.csv
9.02,-0.5258712967482077,6.6346078734184335,16.618472119455866,1,synthetic,Supination synthétique,generated_supination.csv
9.04,-4.328713058703233,6.16215297455117,17.35202609618791,1,synthetic,Supination synthétique,generated_supination.csv
9.06,-8.298093733697103,6.011448283146539,17.33964133173242,1,synthetic,Supination synthétique,generated_supination.csv
9.08,-12.957329296805261,7.061347530112955,16.296222098979698,1,synthetic,Supination synthétique,generated_supination.csv
9.1,-18.571779586588345,9.173057352026317,15.671337745445376,1,synthetic,Supination synthétique,generated_supination.csv
9.12,-23.431205658247308,11.217637704020154,14.402152838345252,1,synthetic,Supination synthétique,generated_supination.csv
9.14,-26.365840983380647,12.996426221948735,14.392059210233588,1,synthetic,Supination synthétique,generated_supination.csv
9.16,-28.999925536970675,14.769857114913517,15.942450918216037,1,synthetic,Supination synthétique,generated_supination.csv
9.18,-29.374639078059413,16.48653673576837,17.579650248668568,1,synthetic,Supination synthétique,generated_supination.csv
9.2,-28.50859067552298,17.236867646126818,19.06477348967857,1,synthetic,Supination synthétique,generated_supination.csv
9.22,-27.23329342826563,17.93259935430671,21.398481361398368,1,synthetic,Supination synthétique,generated_supination.csv
9.24,-25.353745654807383,18.046488172202302,22.1387419921337,1,synthetic,Supination synthétique,generated_supination.csv
9.26,-22.31215850196467,18.63828491549328,22.00971967858149,1,synthetic,Supination synthétique,generated_supination.csv
9.28,-19.166119476916535,17.53046554795567,21.795040105122474,1,synthetic,Supination synthétique,generated_supination.csv
9.3,-15.79886074834434,16.99881896336302,20.67610548614762,1,synthetic,Supination synthétique,generated_supination.csv
9.32,-12.223813946682943,16.15659727851662,19.184367054737795,1,synthetic,Supination synthétique,generated_supination.csv
9.34,-8.895841105709932,14.718149715436494,18.372951646887252,1,synthetic,Supination synthétique,generated_supination.csv
9.36,-6.0549749301715545,14.58967380668619,17.675164054977362,1,synthetic,Supination synthétique,generated_supination.csv
9.38,-3.094299456810338,13.824807633912284,16.335885100549337,1,synthetic,Supination synthétique,generated_supination.csv
9.4,-0.17304718653019516,12.506666421719837,16.387759264993313,1,synthetic,Supination synthétique,generated_supination.csv
9.42,2.3160161735546354,12.357955521007462,15.624201200897895,1,synthetic,Supination synthétique,generated_supination.csv
9.44,4.418508557189652,12.02543257036967,14.559564594254281,1,synthetic,Supination synthétique,generated_supination.csv
9.46,5.500077362443693,11.140401892847905,13.776929109047655,1,synthetic,Supination synthétique,generated_supination.csv
9.48,7.412678448952393,10.695333819065585,14.57657187320905,1,synthetic,Supination synthétique,generated_supination.csv
9.5,8.308641215365224,9.549526836860972,13.092776296221945,1,synthetic,Supination synthétique,generated_supination.csv
9.52,8.845063187141115,8.692864829869734,12.603290643892326,1,synthetic,Supination synthétique,generated_supination.csv
9.54,9.585957441264123,7.156588879666921,12.598464649381699,1,synthetic,Supination synthétique,generated_supination.csv
9.56,10.105204665349252,5.813916018492646,12.131580550709959,1,synthetic,Supination synthétique,generated_supination.csv
9.58,10.711884177150846,4.997526111377867,11.61814518594224,1,synthetic,Supination synthétique,generated_supination.csv
9.6,9.967753024164757,4.337228338286897,11.479871055305285,1,synthetic,Supination synthétique,generated_supination.csv
9.62,10.258323342998146,3.7084797959973796,10.582455897419383,1,synthetic,Supination synthétique,generated_supination.csv
9.64,9.59616101381281,3.413960246619304,10.492379338463687,1,synthetic,Supination synthétique,generated_supination.csv
9.66,8.648060122161988,3.287634439687874,9.90657026575584,1,synthetic,Supination synthétique,generated_supination.csv
9.68,7.927083304405682,3.0855479707392934,11.590371965719017,1,synthetic,Supination synthétique,generated_supination.csv
9.7,7.152922161587195,2.7910285712681766,12.570875004542383,1,synthetic,Supination synthétique,generated_supination.csv
9.72,6.102756408510805,2.6486687393477455,13.287404606123761,1,synthetic,Supination synthétique,generated_supination.csv
9.74,6.007679634778277,2.229418939185931,15.651249377505557,1,synthetic,Supination synthétique,generated_supination.csv
9.76,6.260426955436504,1.8424306345423693,15.327640107751918,1,synthetic,Supination synthétique,generated_supination.csv
9.78,6.1702981961460965,1.8947496406309183,15.789453869047497,1,synthetic,Supination synthétique,generated_supination.csv
9.8,6.973295787174319,1.931272168247657,15.383263521178666,1,synthetic,Supination synthétique,generated_supination.csv
9.82,6.877538183168007,2.4609227532543723,15.617183705762569,1,synthetic,Supination synthétique,generated_supination.csv
9.84,7.063563070409192,2.4188637016825854,15.585092578395406,1,synthetic,Supination synthétique,generated_supination.csv
9.86,7.269974000494607,1.9750935333480772,16.884784921693118,1,synthetic,Supination synthétique,generated_supination.csv
9.88,7.768073189901614,2.3329478676142466,16.749110473782945,1,synthetic,Supination synthétique,generated_supination.csv
9.9,7.279903785671741,2.1709045815454284,17.274990480861003,1,synthetic,Supination synthétique,generated_supination.csv
9.92,7.1633921705581285,2.2983866690708563,17.13659665725816,1,synthetic,Supination synthétique,generated_supination.csv
9.94,7.73987420622861,2.3089372252743776,17.256111351568503,1,synthetic,Supination synthétique,generated_supination.csv
9.96,6.993027525519248,2.243250726579525,17.22539576010119,1,synthetic,Supination synthétique,generated_supination.csv
9.98,6.96877900476515,2.0706043082184706,17.25035137421232,1,synthetic,Supination synthétique,generated_supination.csv
10.0,6.722370541915898,1.7956906725650026,17.623053906268378,1,synthetic,Supination synthétique,generated_supination.csv
10.02,7.423422418131662,2.5994762242002425,17.547014415966615,1,synthetic,Supination synthétique,generated_supination.csv
10.04,7.198156507955939,2.92590423970954,17.433192559655097,1,synthetic,Supination synthétique,generated_supination.csv
10.06,7.3427782183692,2.3852312792239623,16.94889229831653,1,synthetic,Supination synthétique,generated_supination.csv
10.08,7.370560401485184,2.8680969923229425,17.09130348356646,1,synthetic,Supination synthétique,generated_supination.csv
10.1,7.373528589461504,2.6807402172074912,17.07560490071819,1,synthetic,Supination synthétique,generated_supination.csv
10.12,7.3440964306459575,2.9468400542721946,16.34994008405545,1,synthetic,Supination synthétique,generated_supination.csv
10.14,7.49921431178837,2.699240070797323,16.1258037147247,1,synthetic,Supination synthétique,generated_supination.csv
10.16,7.971318327537237,2.9009117963603552,15.50869632304643,1,synthetic,Supination synthétique,generated_supination.csv
10.18,7.905465968349985,2.942865230911173,14.804918665212977,1,synthetic,Supination synthétique,generated_supination.csv
10.2,8.387676486738366,2.2915940601338645,14.506320523737035,1,synthetic,Supination synthétique,generated_supination.csv
10.22,7.64084007128689,3.04465798333769,14.31358289413008,1,synthetic,Supination synthétique,generated_supination.csv
10.24,7.654502113509541,2.958786116570678,14.29037628986658,1,synthetic,Supination synthétique,generated_supination.csv
10.26,7.343184667310304,2.314583502190648,14.172225375590537,1,synthetic,Supination synthétique,generated_supination.csv
10.28,7.904418176527717,3.287679242925216,14.488533677477283,1,synthetic,Supination synthétique,generated_supination.csv
10.3,6.902364708841668,3.1808084261982557,13.723391546604171,1,synthetic,Supination synthétique,generated_supination.csv
10.32,7.266372919830805,3.3702735088353886,13.397477698929267,1,synthetic,Supination synthétique,generated_supination.csv
10.34,7.082503364456556,3.548382572826293,14.254259663609076,1,synthetic,Supination synthétique,generated_supination.csv
10.36,6.197867140940162,3.4709434349089157,13.97810392158937,1,synthetic,Supination synthétique,generated_supination.csv
10.38,5.8454238059872115,3.4192271818789717,14.191067611950714,1,synthetic,Supination synthétique,generated_supination.csv
10.4,4.183023144082088,3.706394532261979,15.14994082535472,1,synthetic,Supination synthétique,generated_supination.csv
10.42,3.4673269445636272,3.7562817780956763,14.90204580324066,1,synthetic,Supination synthétique,generated_supination.csv
10.44,1.519454136265288,4.51891783475096,14.657480219755042,1,synthetic,Supination synthétique,generated_supination.csv
10.46,-0.08958612896433546,4.395588080829865,14.690127248319383,1,synthetic,Supination synthétique,generated_supination.csv
10.48,-2.9501685156301627,3.804311153374571,14.221129845628285,1,synthetic,Supination synthétique,generated_supination.csv
10.5,-6.919049099787761,4.111241637667682,14.11073770347643,1,synthetic,Supination synthétique,generated_supination.csv
10.52,-11.079573168686258,4.963286014633973,13.102849190150767,1,synthetic,Supination synthétique,generated_supination.csv
10.54,-16.832319967218243,6.425891478410911,12.172605343044532,1,synthetic,Supination synthétique,generated_supination.csv
10.56,-23.077754517191995,8.215266077848295,11.270973932722532,1,synthetic,Supination synthétique,generated_supination.csv
10.58,-28.747117438162093,10.647096773447904,11.202453836601112,1,synthetic,Supination synthétique,generated_supination.csv
10.6,-32.95907689767586,13.954781448914778,11.629602066627044,1,synthetic,Supination synthétique,generated_supination.csv
10.62,-35.18840918275364,15.648976999553902,12.431406219009187,1,synthetic,Supination synthétique,generated_supination.csv
10.64,-35.72695316052076,16.824424582652014,15.130070135331396,1,synthetic,Supination synthétique,generated_supination.csv
10.66,-36.10206964158204,17.929125700583157,17.19856444156907,1,synthetic,Supination synthétique,generated_supination.csv
10.68,-33.97247691656472,18.285897994569495,19.995596658900666,1,synthetic,Supination synthétique,generated_supination.csv
10.7,-32.27907538319584,18.38940194233682,20.714015536367608,1,synthetic,Supination synthétique,generated_supination.csv
10.72,-29.116123440042358,18.351864178646174,21.06325341789884,1,synthetic,Supination synthétique,generated_supination.csv
10.74,-25.574793811294438,17.006968176481163,20.279478844691614,1,synthetic,Supination synthétique,generated_supination.csv
10.76,-21.899983833569262,15.429648392046545,19.390549009890485,1,synthetic,Supination synthétique,generated_supination.csv
10.78,-18.482732197467097,15.29280928588166,18.232368869883835,1,synthetic,Supination synthétique,generated_supination.csv
10.8,-14.221813723871312,14.701520668810133,17.06490529803371,1,synthetic,Supination synthétique,generated_supination.csv
10.82,-9.871698119196854,13.688351317098032,15.687424585217899,1,synthetic,Supination synthétique,generated_supination.csv
10.84,-6.649235179279137,12.686964941515475,14.155256652377803,1,synthetic,Supination synthétique,generated_supination.csv
10.86,-2.923821825400844,12.007076324392603,13.794990896812108,1,synthetic,Supination synthétique,generated_supination.csv
10.88,-0.04376178211606099,10.719308273692198,12.023480422072906,1,synthetic,Supination synthétique,generated_supination.csv
10.9,2.374192788172822,9.36676823697721,10.655071247512108,1,synthetic,Supination synthétique,generated_supination.csv
10.92,5.475003619993002,8.84030049085592,9.67248790060706,1,synthetic,Supination synthétique,generated_supination.csv
10.94,7.524821054865242,7.766997620353306,8.7233665273116,1,synthetic,Supination synthétique,generated_supination.csv
10.96,9.04902155898413,7.969297542717852,8.725806890390807,1,synthetic,Supination synthétique,generated_supination.csv
10.98,10.591204892648866,7.493325434526057,8.713655583054278,1,synthetic,Supination synthétique,generated_supination.csv
11.0,11.82695076280821,6.815571506116305,7.049573983431047,1,synthetic,Supination synthétique,generated_supination.csv
11.02,12.060999632667272,6.853279178702676,6.759995552796901,1,synthetic,Supination synthétique,generated_supination.csv
11.04,12.184709898941488,6.6162160456233,6.1728723454140795,1,synthetic,Supination synthétique,generated_supination.csv
11.06,11.283151573291818,5.004033534609033,7.621716563400624,1,synthetic,Supination synthétique,generated_supination.csv
11.08,9.141888564646342,4.802174755041037,9.005356524631788,1,synthetic,Supination synthétique,generated_supination.csv
11.1,8.11002996796773,4.5198990757523525,10.746022910467804,1,synthetic,Supination synthétique,generated_supination.csv
11.12,6.8813270107844025,2.820797372547743,13.174318191892533,1,synthetic,Supination synthétique,generated_supination.csv
11.14,6.080838183610289,2.823733950736863,14.970008438991506,1,synthetic,Supination synthétique,generated_supination.csv
11.16,5.919800098456936,2.141731039846475,16.057582969845534,1,synthetic,Supination synthétique,generated_supination.csv
11.18,5.832287502650016,2.463433227483338,15.89970822418664,1,synthetic,Supination synthétique,generated_supination.csv
11.2,6.528171446373548,1.7728285182167967,16.04425194084894,1,synthetic,Supination synthétique,generated_supination.csv
11.22,6.7953950074088985,2.1022363167797744,16.28999854760828,1,synthetic,Supination synthétique,generated_supination.csv
11.24,6.564895666086553,2.4435775692616657,16.240498536792387,1,synthetic,Supination synthétique,generated_supination.csv
11.26,6.15088821539892,2.699691725144937,17.370217017663748,1,synthetic,Supination synthétique,generated_supination.csv
11.28,6.374011553518504,2.809267584134079,16.770736357020844,1,synthetic,Supination synthétique,generated_supination.csv
11.3,6.895406391363522,2.87213096159739,16.907881918898767,1,synthetic,Supination synthétique,generated_supination.csv
11.32,6.512293079359482,3.130814919707535,16.985031464368102,1,synthetic,Supination synthétique,generated_supination.csv
11.34,6.351680398862294,3.049305445342245,17.638815210485923,1,synthetic,Supination synthétique,generated_supination.csv
11.36,6.592530676746984,3.1239510310627954,16.92165995909102,1,synthetic,Supination synthétique,generated_supination.csv
11.38,6.746388395784948,2.697826206529545,17.485535075207956,1,synthetic,Supination synthétique,generated_supination.csv
11.4,6.670062302793218,3.021827479254615,17.228864084714647,1,synthetic,Supination synthétique,generated_supination.csv
11.42,6.853818399388903,4.104403819804426,17.075187868987264,1,synthetic,Supination synthétique,generated_supination.csv
11.44,6.473265388929401,3.9334837118732047,16.47376630945476,1,synthetic,Supination synthétique,generated_supination.csv
11.46,6.716932950549619,3.6064796455593036,17.18529707100824,1,synthetic,Supination synthétique,generated_supination.csv
11.48,6.807198753798843,3.654334400454961,16.43880707267502,1,synthetic,Supination synthétique,generated_supination.csv
11.5,6.892461942968344,3.7773265858865757,16.208608662572143,1,synthetic,Supination synthétique,generated_supination.csv
11.52,6.219750290094374,3.3995627298642837,16.050331584951408,1,synthetic,Supination synthétique,generated_supination.csv
11.54,6.6495135464582695,4.125685429950335,15.649713734264315,1,synthetic,Supination synthétique,generated_supination.csv
11.56,6.084897392804632,3.482638068970922,15.687891985683116,1,synthetic,Supination synthétique,generated_supination.csv
11.58,6.551057824068142,3.6324251800957073,14.918424445528657,1,synthetic,Supination synthétique,generated_supination.csv
11.6,6.202429335217451,4.3836306186778975,15.024393340985407,1,synthetic,Supination synthétique,generated_supination.csv
11.62,5.738382775951409,3.229278622139998,14.944842458801771,1,synthetic,Supination synthétique,generated_supination.csv
11.64,4.780899488952301,4.0186887185012505,14.792147883407669,1,synthetic,Supination synthétique,generated_supination.csv
11.66,3.5504465594930394,3.4284071987461626,14.958635304370294,1,synthetic,Supination synthétique,generated_supination.csv
11.68,2.9744103310942527,3.7232378577748357,14.616748931934787,1,synthetic,Supination synthétique,generated_supination.csv
11.7,1.249202804134961,3.775577990072071,14.925973533387173,1,synthetic,Supination synthétique,generated_supination.csv
11.72,-0.347082048221126,3.4959850954572125,14.151966395237404,1,synthetic,Supination synthétique,generated_supination.csv
11.74,-3.1769482412340397,3.5179124404895274,13.607712369168507,1,synthetic,Supination synthétique,generated_supination.csv
11.76,-6.441752094727122,3.341698325110973,13.50035151473478,1,synthetic,Supination synthétique,generated_supination.csv
11.78,-10.804792769060683,3.976445423887302,13.193053894436327,1,synthetic,Supination synthétique,generated_supination.csv
11.8,-16.457085645953864,4.683147888837757,11.902430973563925,1,synthetic,Supination synthétique,generated_supination.csv
11.82,-24.260866833811725,6.913166382963706,10.877036956895408,1,synthetic,Supination synthétique,generated_supination.csv
11.84,-31.769037386147808,9.239030883507473,10.35562683334925,1,synthetic,Supination synthétique,generated_supination.csv
11.86,-38.66219281283446,12.047804853162885,10.869801407990062,1,synthetic,Supination synthétique,generated_supination.csv
11.88,-44.46772194515567,13.390332870209946,12.478223851636734,1,synthetic,Supination synthétique,generated_supination.csv
11.9,-47.254891889373724,15.706059189660632,15.02867176933285,1,synthetic,Supination synthétique,generated_supination.csv
11.92,-48.67067619810432,16.560013278220868,17.398322041353723,1,synthetic,Supination synthétique,generated_supination.csv
11.94,-46.76739386143825,16.508100256988268,21.3598351080562,1,synthetic,Supination synthétique,generated_supination.csv
11.96,-44.279489786794024,16.62901498509912,23.263976739495334,1,synthetic,Supination synthétique,generated_supination.csv
11.98,-41.52061670433842,16.06660780733747,23.50480859004981,1,synthetic,Supination synthétique,generated_supination.csv
12.0,-37.25175335257517,14.873706054612876,24.119959833341035,1,synthetic,Supination synthétique,generated_supination.csv
12.02,-32.44259516047721,14.534721891311188,23.328064139963672,1,synthetic,Supination synthétique,generated_supination.csv
12.04,-27.926091541684144,13.103077029927162,22.71955694783943,1,synthetic,Supination synthétique,generated_supination.csv
12.06,-23.19260314255156,14.083324152238548,20.73394051368786,1,synthetic,Supination synthétique,generated_supination.csv
12.08,-18.18560501370435,13.808832920382024,20.472076271146467,1,synthetic,Supination synthétique,generated_supination.csv
12.1,-13.253578669574658,13.4356566676521,18.712480380311217,1,synthetic,Supination synthétique,generated_supination.csv
12.12,-8.42799409318884,13.792278931273517,16.523556622709336,1,synthetic,Supination synthétique,generated_supination.csv
12.14,-4.13932257527304,13.324680322065829,15.888853863356081,1,synthetic,Supination synthétique,generated_supination.csv
12.16,-0.005574466997777833,13.283535463315058,14.330122109069519,1,synthetic,Supination synthétique,generated_supination.csv
12.18,2.654955023855229,11.46196967221964,12.977195122291294,1,synthetic,Supination synthétique,generated_supination.csv
12.2,6.099442064963446,10.664671930678093,12.3345545071901,1,synthetic,Supination synthétique,generated_supination.csv
12.22,8.916443342959242,8.611582570426101,11.505620547243911,1,synthetic,Supination synthétique,generated_supination.csv
12.24,10.198871825201088,5.948592362196932,12.098697106652795,1,synthetic,Supination synthétique,generated_supination.csv
12.26,10.732314291561645,3.9205818101047942,11.407987759689883,1,synthetic,Supination synthétique,generated_supination.csv
12.28,12.037187255067298,2.9370264978780263,11.200349324609537,1,synthetic,Supination synthétique,generated_supination.csv
12.3,10.65046003952092,1.5907877827643688,11.376273356953373,1,synthetic,Supination synthétique,generated_supination.csv
12.32,8.400582567467152,0.8932982201379446,11.813697101445996,1,synthetic,Supination synthétique,generated_supination.csv
12.34,7.853480210057395,0.4047010004070346,12.491203360342352,1,synthetic,Supination synthétique,generated_supination.csv
12.36,7.053592120794224,0.14267804928883204,13.286728772228598,1,synthetic,Supination synthétique,generated_supination.csv
12.38,6.513253113247396,0.3547080060374497,14.780125265227365,1,synthetic,Supination synthétique,generated_supination.csv
12.4,6.955097378085425,-0.07125337267582915,16.455929529228882,1,synthetic,Supination synthétique,generated_supination.csv
12.42,7.174986838190558,-0.12722616522086666,15.889957863212512,1,synthetic,Supination synthétique,generated_supination.csv
12.44,7.258560935859658,0.36892269367470165,15.673913727698912,1,synthetic,Supination synthétique,generated_supination.csv
12.46,6.866268659382533,0.9813076624749966,16.452196763101718,1,synthetic,Supination synthétique,generated_supination.csv
12.48,7.034013386997601,1.0360936405709609,15.929902007315944,1,synthetic,Supination synthétique,generated_supination.csv
12.5,7.525783902022906,0.5868731378615777,15.856530217597463,1,synthetic,Supination synthétique,generated_supination.csv
12.52,7.569724424543285,0.6969085657756942,16.44212148884817,1,synthetic,Supination synthétique,generated_supination.csv
12.54,7.0597256001160655,0.8396625578133377,15.437052737772417,1,synthetic,Supination synthétique,generated_supination.csv
12.56,7.102563380685517,1.1159405179387456,15.903138609549224,1,synthetic,Supination synthétique,generated_supination.csv
12.58,7.363433080018816,0.8220839763504091,15.313222494151598,1,synthetic,Supination synthétique,generated_supination.csv
12.6,6.5975258507584185,0.6184226984773796,15.631410405805749,1,synthetic,Supination synthétique,generated_supination.csv
12.62,6.535076971932832,0.6801595607376254,15.621423016368544,1,synthetic,Supination synthétique,generated_supination.csv
12.64,6.979581048065151,1.175665332826934,15.398284142970486,1,synthetic,Supination synthétique,generated_supination.csv
12.66,7.026233872737374,1.652775163492076,14.241658858667465,1,synthetic,Supination synthétique,generated_supination.csv
12.68,6.678926679871024,0.742126668359962,14.517782840678302,1,synthetic,Supination synthétique,generated_supination.csv
12.7,5.986564424469536,0.38049625750197646,14.276801284294477,1,synthetic,Supination synthétique,generated_supination.csv
12.72,6.47679665815224,1.3358689425054309,13.943889735477388,1,synthetic,Supination synthétique,generated_supination.csv
12.74,5.8110826608064965,1.2216280900160879,14.799562450410692,1,synthetic,Supination synthétique,generated_supination.csv
12.76,6.010776461463703,1.4575861225742108,14.178200856008981,1,synthetic,Supination synthétique,generated_supination.csv
12.78,5.298971574054105,1.9577613815283113,14.065124965459814,1,synthetic,Supination synthétique,generated_supination.csv
12.8,4.728172506602744,1.7363740427716259,14.599502632499163,1,synthetic,Supination synthétique,generated_supination.csv
12.82,3.956102874135871,1.364227084020594,13.953662225039851,1,synthetic,Supination synthétique,generated_supination.csv
12.84,2.4881401121666067,1.12998684835161,15.007810399824782,1,synthetic,Supination synthétique,generated_supination.csv
12.86,1.361326467539879,1.580523745381906,14.74474764112628,1,synthetic,Supination synthétique,generated_supination.csv
12.88,-0.5702951257062026,1.1102400008942581,14.177114266315126,1,synthetic,Supination synthétique,generated_supination.csv
12.9,-3.756495226705034,1.5476055010854761,14.267679012788244,1,synthetic,Supination synthétique,generated_supination.csv
12.92,-7.779493596838993,1.6678630210840237,13.70437932001646,1,synthetic,Supination synthétique,generated_supination.csv
12.94,-14.40698441429984,3.588177013045402,13.158161659730185,1,synthetic,Supination synthétique,generated_supination.csv
12.96,-21.090980906369047,6.010017660751015,11.440266192304188,1,synthetic,Supination synthétique,generated_supination.csv
12.98,-28.95903793525758,9.83082162948046,10.5329228059253,1,synthetic,Supination synthétique,generated_supination.csv
13.0,-35.42779753045385,13.37436490784079,10.858196552199482,1,synthetic,Supination synthétique,generated_supination.csv
13.02,-39.750048942794535,16.660128487640836,13.275629963786631,1,synthetic,Supination synthétique,generated_supination.csv
13.04,-42.89194752487854,19.424952721908994,15.479748689686106,1,synthetic,Supination synthétique,generated_supination.csv
13.06,-43.65800363559898,20.248540294199653,18.603598181010238,1,synthetic,Supination synthétique,generated_supination.csv
13.08,-42.37784150887606,19.691424108421884,21.22321187860366,1,synthetic,Supination synthétique,generated_supination.csv
13.1,-40.82331717164934,19.550644670226262,21.98226000215918,1,synthetic,Supination synthétique,generated_supination.csv
13.12,-38.9904183267301,17.950453139081073,21.665621301233546,1,synthetic,Supination synthétique,generated_supination.csv
13.14,-35.343983717066045,16.08187602810548,21.81449183803019,1,synthetic,Supination synthétique,generated_supination.csv
13.16,-32.08174869291003,14.236286183320242,20.64010631452474,1,synthetic,Supination synthétique,generated_supination.csv
13.18,-27.62261177735638,13.487055728327102,19.91091050643648,1,synthetic,Supination synthétique,generated_supination.csv
13.2,-23.08539544346248,12.685119167814108,19.32601848119489,1,synthetic,Supination synthétique,generated_supination.csv
13.22,-18.83451768241121,11.99758289584172,17.80479579535855,1,synthetic,Supination synthétique,generated_supination.csv
13.24,-14.487767425854338,11.56785371789097,16.879117298841695,1,synthetic,Supination synthétique,generated_supination.csv
13.26,-10.31126545606562,10.602870142968337,16.611157660684086,1,synthetic,Supination synthétique,generated_supination.csv
13.28,-5.9776864276865735,10.051366521398428,14.239925954617895,1,synthetic,Supination synthétique,generated_supination.csv
13.3,-1.335335608058518,9.28727030051207,12.393316983925777,1,synthetic,Supination synthétique,generated_supination.csv
13.32,2.3559513653992723,8.0781389073848,11.232230907862203,1,synthetic,Supination synthétique,generated_supination.csv
13.34,6.071821078172397,6.482904985418766,9.998842768686277,1,synthetic,Supination synthétique,generated_supination.csv
13.36,10.075552315328867,4.897818144582661,9.01785436719874,1,synthetic,Supination synthétique,generated_supination.csv
13.38,12.335340108750295,3.2930861682426977,8.768874060623485,1,synthetic,Supination synthétique,generated_supination.csv
13.4,15.269307487334013,2.074205858651859,8.124026387097592,1,synthetic,Supination synthétique,generated_supination.csv
13.42,15.70799480339004,1.2260018820371155,6.634542416294279,1,synthetic,Supination synthétique,generated_supination.csv
13.44,16.64953794370794,1.9711451378508773,4.707782889421622,1,synthetic,Supination synthétique,generated_supination.csv
13.46,15.966568457324612,1.910227023317443,2.7508873247129477,1,synthetic,Supination synthétique,generated_supination.csv
13.48,15.537976296536044,1.004100384119349,2.8594037078088,1,synthetic,Supination synthétique,generated_supination.csv
13.5,12.967433535039572,1.1937660937268686,4.077292980905311,1,synthetic,Supination synthétique,generated_supination.csv
13.52,11.068652209042945,1.395105932335542,4.187690509616545,1,synthetic,Supination synthétique,generated_supination.csv
13.54,9.23931866496626,0.7786037800766805,6.95584103994632,1,synthetic,Supination synthétique,generated_supination.csv
13.56,7.5578002456566375,-0.12943911253432372,8.156244101428442,1,synthetic,Supination synthétique,generated_supination.csv
13.58,6.428074406339852,0.4148315687634205,7.429893055699561,1,synthetic,Supination synthétique,generated_supination.csv
13.6,6.621781355231807,0.3572372946722122,8.434737597157367,1,synthetic,Supination synthétique,generated_supination.csv
13.62,6.061593679996875,0.2592374267389091,9.10270456755735,1,synthetic,Supination synthétique,generated_supination.csv
13.64,6.552021484715055,-0.5738018454136071,9.5973201596114,1,synthetic,Supination synthétique,generated_supination.csv
13.66,6.334039206441897,-0.47452453849216997,10.134886516010088,1,synthetic,Supination synthétique,generated_supination.csv
13.68,6.393479250650137,-0.8638785350368774,11.171924124876458,1,synthetic,Supination synthétique,generated_supination.csv
13.7,7.110535814595081,-0.5507405876327822,10.76634806380407,1,synthetic,Supination synthétique,generated_supination.csv
13.72,5.770257750699375,-0.2219454893476535,11.355957599889527,1,synthetic,Supination synthétique,generated_supination.csv
13.74,6.214910554553665,-0.8776820517524785,11.54472111205226,1,synthetic,Supination synthétique,generated_supination.csv
13.76,5.750591041727306,-1.0388023074352315,11.835940572390298,1,synthetic,Supination synthétique,generated_supination.csv
13.78,6.092353732750805,0.04097645167077815,10.88496589447694,1,synthetic,Supination synthétique,generated_supination.csv
13.8,5.8983497832712075,-0.09709441662723084,11.457732716043983,1,synthetic,Supination synthétique,generated_supination.csv
13.82,6.875340298385747,-0.21539964760062075,11.494334715771547,1,synthetic,Supination synthétique,generated_supination.csv
13.84,5.541308900417958,0.3795706613899511,11.255540149018074,1,synthetic,Supination synthétique,generated_supination.csv
13.86,5.673715690233638,0.5355566171351563,10.585259870372123,1,synthetic,Supination synthétique,generated_supination.csv
13.88,5.119302879286246,-0.1830112907956628,10.808850686163561,1,synthetic,Supination synthétique,generated_supination.csv
13.9,4.168702068851654,0.6443904592946721,10.708872859681396,1,synthetic,Supination synthétique,generated_supination.csv
13.92,3.9030628125241384,1.3069916551651874,10.26795410769637,1,synthetic,Supination synthétique,generated_supination.csv
13.94,3.6539556031555622,1.0553998408172556,10.161867236344158,1,synthetic,Supination synthétique,generated_supination.csv
13.96,2.4819513746326067,1.4251238589666109,10.131738483512994,1,synthetic,Supination synthétique,generated_supination.csv
13.98,1.6386563412292718,2.022282297890795,10.272542099281408,1,synthetic,Supination synthétique,generated_supination.csv
14.0,0.6866914952881848,1.8020400576543512,10.51121929978986,1,synthetic,Supination synthétique,generated_supination.csv
14.02,-1.2237304449914188,1.6143023809588968,10.402553210274718,1,synthetic,Supination synthétique,generated_supination.csv
14.04,-2.732356861392729,1.8295665673557364,9.385759711300775,1,synthetic,Supination synthétique,generated_supination.csv
14.06,-4.725166129792683,1.7597218354273223,8.580875969075048,1,synthetic,Supination synthétique,generated_supination.csv
14.08,-7.905544425043041,2.703270622052163,7.657032476979448,1,synthetic,Supination synthétique,generated_supination.csv
14.1,-12.720257980943371,3.0442680665481046,6.811463854191467,1,synthetic,Supination synthétique,generated_supination.csv
14.12,-18.376041132769437,5.55084696966597,4.964523181255035,1,synthetic,Supination synthétique,generated_supination.csv
14.14,-25.935113060118333,7.201648228060006,3.2323741287654926,1,synthetic,Supination synthétique,generated_supination.csv
14.16,-35.107318419972685,11.393959119352365,1.6259826971178402,1,synthetic,Supination synthétique,generated_supination.csv
14.18,-43.47133048624565,13.699488385635675,0.6865563065133294,1,synthetic,Supination synthétique,generated_supination.csv
14.2,-48.94262448240067,15.712393223091066,1.46616600436933,1,synthetic,Supination synthétique,generated_supination.csv
14.22,-52.02902683239011,17.90903199994001,3.7019057412549303,1,synthetic,Supination synthétique,generated_supination.csv
14.24,-54.25424620210867,19.26649309426851,7.4381137396991885,1,synthetic,Supination synthétique,generated_supination.csv
14.26,-52.91592271479933,19.200276621122395,12.238950274919153,1,synthetic,Supination synthétique,generated_supination.csv
14.28,-49.26981074524595,18.71876226013009,16.925281026391342,1,synthetic,Supination synthétique,generated_supination.csv
14.3,-47.58251489728955,18.694012354063194,20.006394957093942,1,synthetic,Supination synthétique,generated_supination.csv
14.32,-44.279298763025636,17.787497076292674,21.782260306881934,1,synthetic,Supination synthétique,generated_supination.csv
14.34,-39.7975656326447,16.503339514530914,23.08007281030771,1,synthetic,Supination synthétique,generated_supination.csv
14.36,-34.561244584980514,14.694254661614993,22.284328662677797,1,synthetic,Supination synthétique,generated_supination.csv
14.38,-29.057680423343438,14.069884620881144,21.627856210917592,1,synthetic,Supination synthétique,generated_supination.csv
14.4,-24.165877666631996,13.090684596779674,20.173107038559046,1,synthetic,Supination synthétique,generated_supination.csv
14.42,-18.639378706383514,12.435818248757508,18.53848941600524,1,synthetic,Supination synthétique,generated_supination.csv
14.44,-12.923081893898555,11.144993669623485,16.736998179204015,1,synthetic,Supination synthétique,generated_supination.csv
14.46,-7.1900843550985885,9.986849641124914,15.254976700854892,1,synthetic,Supination synthétique,generated_supination.csv
14.48,-1.1712166265161699,8.145594796742945,13.329741593714887,1,synthetic,Supination synthétique,generated_supination.csv
14.5,2.119000542644468,6.659364704066623,12.118184186643253,1,synthetic,Supination synthétique,generated_supination.csv
14.52,7.117467143629525,4.860158521470416,9.963182360856164,1,synthetic,Supination synthétique,generated_supination.csv
14.54,10.687113350555826,3.9419090443481304,8.583590481505146,1,synthetic,Supination synthétique,generated_supination.csv
14.56,13.633148039087674,3.204097550215717,7.1881879736992556,1,synthetic,Supination synthétique,generated_supination.csv
14.58,14.738196525976106,3.2358180059270047,5.188147022249423,1,synthetic,Supination synthétique,generated_supination.csv
14.6,14.812857709269872,2.72597823946214,3.91385294245544,1,synthetic,Supination synthétique,generated_supination.csv
14.62,15.113194053889773,4.196954442847032,3.7393336478440964,1,synthetic,Supination synthétique,generated_supination.csv
14.64,11.478864625277078,2.8503810707113333,4.836118855411279,1,synthetic,Supination synthétique,generated_supination.csv
14.66,9.482347638293646,3.1216600328112443,7.119980731913641,1,synthetic,Supination synthétique,generated_supination.csv
14.68,7.256166122537712,2.603447983653387,9.428852807542485,1,synthetic,Supination synthétique,generated_supination.csv
14.7,5.655765044656289,0.9618320861124272,12.906789783503129,1,synthetic,Supination synthétique,generated_supination.csv
14.72,5.007465128092692,1.3122723797657843,14.092125590683779,1,synthetic,Supination synthétique,generated_supination.csv
14.74,6.373463676832461,1.9125726938908691,14.58111444441529,1,synthetic,Supination synthétique,generated_supination.csv
14.76,6.698238736866251,0.6072167521608369,15.485251967613447,1,synthetic,Supination synthétique,generated_supination.csv
14.78,6.358046355605023,1.5966267136944954,15.156008093754288,1,synthetic,Supination synthétique,generated_supination.csv
14.8,6.73294394842889,1.1850036908588055,15.205216643117504,1,synthetic,Supination synthétique,generated_supination.csv
14.82,6.467931919974882,1.3355646629877456,15.48183799885902,1,synthetic,Supination synthétique,generated_supination.csv
14.84,6.514220936175127,1.6408555013700683,15.160756611898766,1,synthetic,Supination synthétique,generated_supination.csv
14.86,6.473663658691691,1.0470833110806697,15.762498121633767,1,synthetic,Supination synthétique,generated_supination.csv
14.88,6.483879097274674,1.713940422417607,15.74816200861969,1,synthetic,Supination synthétique,generated_supination.csv
14.9,6.0055411493802255,1.488560511020383,15.999342450370122,1,synthetic,Supination synthétique,generated_supination.csv
14.92,5.96351156061679,1.4790816619710179,15.88867901672529,1,synthetic,Supination synthétique,generated_supination.csv
14.94,5.8818523986474425,1.9315503540520722,15.947755367078775,1,synthetic,Supination synthétique,generated_supination.csv
14.96,5.590585670799581,2.7961009278492996,16.1024096010303,1,synthetic,Supination synthétique,generated_supination.csv
14.98,5.069382277739146,1.8882765200494445,16.255293214615612,1,synthetic,Supination synthétique,generated_supination.csv
15.0,5.503099965473658,2.034277697698644,16.015719461614637,1,synthetic,Supination synthétique,generated_supination.csv
15.02,4.473167871857841,1.976691287111172,16.847180143104026,1,synthetic,Supination synthétique,generated_supination.csv
15.04,4.382988084404756,1.9324200619313234,17.29051064433977,1,synthetic,Supination synthétique,generated_supination.csv
15.06,3.634232508535841,2.3836522237784643,17.399267333728904,1,synthetic,Supination synthétique,generated_supination.csv
15.08,3.2558664297138966,2.8640948765167495,17.645406259488258,1,synthetic,Supination synthétique,generated_supination.csv
15.1,1.3813182617669653,2.4417313656806297,18.195907688308147,1,synthetic,Supination synthétique,generated_supination.csv
15.12,1.646199859103238,2.4931436863265115,18.537590490187096,1,synthetic,Supination synthétique,generated_supination.csv
15.14,-0.30968972310231613,1.8569404483810177,18.662976493641043,1,synthetic,Supination synthétique,generated_supination.csv
15.16,-2.202946547309074,2.2937411903046803,18.991344348534735,1,synthetic,Supination synthétique,generated_supination.csv
15.18,-3.996278685942333,0.6627570294916989,17.8309969950166,1,synthetic,Supination synthétique,generated_supination.csv
15.2,-6.388925124346798,1.0847080922979602,17.730261695517296,1,synthetic,Supination synthétique,generated_supination.csv
15.22,-11.288824007779244,1.2417936947945096,17.19264340892177,1,synthetic,Supination synthétique,generated_supination.csv
15.24,-17.802058919182958,2.234023211869719,16.247780965608417,1,synthetic,Supination synthétique,generated_supination.csv
15.26,-25.04461839062758,3.8210645512751196,15.553493116585093,1,synthetic,Supination synthétique,generated_supination.csv
15.28,-33.405721538838485,6.691751066850699,14.864900285341744,1,synthetic,Supination synthétique,generated_supination.csv
15.3,-41.841349950163284,10.16221611281261,15.403678018226174,1,synthetic,Supination synthétique,generated_supination.csv
15.32,-46.42848992211838,13.052941920838318,17.539210065581713,1,synthetic,Supination synthétique,generated_supination.csv
15.34,-50.14374957896278,14.646845788039384,20.03930056949507,1,synthetic,Supination synthétique,generated_supination.csv
15.36,-51.31864216026905,16.321262891194625,21.79431522766244,1,synthetic,Supination synthétique,generated_supination.csv
15.38,-50.78929824520304,17.189068136417877,24.51887375637643,1,synthetic,Supination synthétique,generated_supination.csv
15.4,-48.31863611539187,16.60184575122108,26.060180955993157,1,synthetic,Supination synthétique,generated_supination.csv
15.42,-47.03117004920857,15.174011650819594,26.44371512541281,1,synthetic,Supination synthétique,generated_supination.csv
15.44,-43.59158465517751,14.270128832599847,25.832537879971248,1,synthetic,Supination synthétique,generated_supination.csv
15.46,-38.48581777778443,13.071346355021547,25.066348104394176,1,synthetic,Supination synthétique,generated_supination.csv
15.48,-33.75456768204242,13.249648742923121,24.26090588327458,1,synthetic,Supination synthétique,generated_supination.csv
15.5,-29.372959518361036,12.537183038942075,22.63447264678785,1,synthetic,Supination synthétique,generated_supination.csv
15.52,-23.5878394486535,12.58198320055672,21.752637936599285,1,synthetic,Supination synthétique,generated_supination.csv
15.54,-18.210487764285308,12.995432173757614,19.789910301108595,1,synthetic,Supination synthétique,generated_supination.csv
15.56,-13.034080552969353,13.127810331056136,18.24277444937865,1,synthetic,Supination synthétique,generated_supination.csv
15.58,-7.566973883515682,12.318033521130852,16.80506149520768,1,synthetic,Supination synthétique,generated_supination.csv
15.6,-2.5378352853293538,10.763574298510166,14.689463425173116,1,synthetic,Supination synthétique,generated_supination.csv
15.62,2.0197583712935945,9.869636209724696,13.701042387023806,1,synthetic,Supination synthétique,generated_supination.csv
15.64,6.148770551683848,8.093474984684574,12.56857746633262,1,synthetic,Supination synthétique,generated_supination.csv
15.66,9.858009424836913,6.354410138868355,11.2699836705256,1,synthetic,Supination synthétique,generated_supination.csv
15.68,12.934788891355888,4.49128930859726,10.770807871601342,1,synthetic,Supination synthétique,generated_supination.csv
15.7,14.437990132748245,3.511540298868691,10.12211084111802,1,synthetic,Supination synthétique,generated_supination.csv
15.72,15.615108399421468,2.729942675072841,9.270220570280419,1,synthetic,Supination synthétique,generated_supination.csv
15.74,15.120199070286665,3.20245418233858,8.52636731079474,1,synthetic,Supination synthétique,generated_supination.csv
15.76,13.727342751408202,3.541091223396942,7.883242344080246,1,synthetic,Supination synthétique,generated_supination.csv
15.78,11.233923909422012,3.1888151843223405,8.071546988338742,1,synthetic,Supination synthétique,generated_supination.csv
15.8,8.74042304985693,3.2182005658119635,8.529705121126039,1,synthetic,Supination synthétique,generated_supination.csv
15.82,7.59954073502679,3.5027091533314145,9.443035630571558,1,synthetic,Supination synthétique,generated_supination.csv
15.84,6.599623389155445,3.398998910137056,11.19242628609753,1,synthetic,Supination synthétique,generated_supination.csv
15.86,6.317466621388632,2.858596592349536,11.868787767141876,1,synthetic,Supination synthétique,generated_supination.csv
15.88,5.8505817875866235,2.6028871455531277,12.451312684644911,1,synthetic,Supination synthétique,generated_supination.csv
15.9,6.959508267853997,1.5565823944768502,12.173436146097336,1,synthetic,Supination synthétique,generated_supination.csv
15.92,6.745528675031168,2.393046500456872,13.025427890486407,1,synthetic,Supination synthétique,generated_supination.csv
15.94,6.733830837969237,2.4876719432685075,12.27069988282427,1,synthetic,Supination synthétique,generated_supination.csv
15.96,6.536378452782815,2.731261320006669,12.613394247915112,1,synthetic,Supination synthétique,generated_supination.csv
15.98,6.698409161382463,2.5776251252397553,13.221689286680185,1,synthetic,Supination synthétique,generated_supination.csv
16.0,7.025092911166061,2.8875517053829336,13.49336450515294,1,synthetic,Supination synthétique,generated_supination.csv
16.02,6.734503903534093,2.871578904885128,13.530501665062982,1,synthetic,Supination synthétique,generated_supination.csv
16.04,6.368153233119188,3.928261722807425,14.369518904003614,1,synthetic,Supination synthétique,generated_supination.csv
16.06,6.269124254243591,3.334666563052331,13.909862405847457,1,synthetic,Supination synthétique,generated_supination.csv
16.080000000000002,6.290101405125023,3.0651542596155803,13.998863985766485,1,synthetic,Supination synthétique,generated_supination.csv
16.1,6.567753558841563,3.0972868446982913,13.706933164993762,1,synthetic,Supination synthétique,generated_supination.csv
16.12,6.902387931841877,3.067553481051199,14.275608461085707,1,synthetic,Supination synthétique,generated_supination.csv
16.14,5.991606354521493,3.1597475460542372,13.911452772299008,1,synthetic,Supination synthétique,generated_supination.csv
16.16,6.222448942702913,3.000078880958484,13.64122588198031,1,synthetic,Supination synthétique,generated_supination.csv
16.18,5.974947875665506,3.1721740714721838,12.897996535698104,1,synthetic,Supination synthétique,generated_supination.csv
16.2,5.649624714087775,3.5782863200125075,13.398088774279787,1,synthetic,Supination synthétique,generated_supination.csv
16.22,5.655078685195729,3.653731898128558,13.060224501103798,1,synthetic,Supination synthétique,generated_supination.csv
16.240000000000002,5.20823354646822,3.6477746664515243,13.242744089642992,1,synthetic,Supination synthétique,generated_supination.csv
16.26,3.9246594597259103,4.094266233270599,13.349190024052403,1,synthetic,Supination synthétique,generated_supination.csv
16.28,3.1144730171288413,3.8572235899146627,12.813731456827732,1,synthetic,Supination synthétique,generated_supination.csv
16.3,2.4933986098190126,3.515662733591912,13.069564587707909,1,synthetic,Supination synthétique,generated_supination.csv
16.32,0.5505209554376966,3.2084527244167953,13.220474664045724,1,synthetic,Supination synthétique,generated_supination.csv
16.34,-1.6706901578875972,3.4002052742391093,12.817043980915345,1,synthetic,Supination synthétique,generated_supination.csv
16.36,-5.1066566326044125,3.4965496570567125,12.339805893526162,1,synthetic,Supination synthétique,generated_supination.csv
16.38,-9.473042155911045,3.870122375829457,11.501654057063726,1,synthetic,Supination synthétique,generated_supination.csv
16.4,-15.212582842614777,5.045757415892497,10.637050367722981,1,synthetic,Supination synthétique,generated_supination.csv
16.42,-23.21104256329601,6.228205802646923,9.343634467443893,1,synthetic,Supination synthétique,generated_supination.csv
16.44,-33.07467536582245,8.572407954908421,8.722864214009476,1,synthetic,Supination synthétique,generated_supination.csv
16.46,-42.71542282237629,11.609916652564953,7.807763617429126,1,synthetic,Supination synthétique,generated_supination.csv
16.48,-50.043793962489886,12.630317403465881,7.736712068765507,1,synthetic,Supination synthétique,generated_supination.csv
16.5,-54.77118920339098,12.348597605965724,10.146839424748732,1,synthetic,Supination synthétique,generated_supination.csv
16.52,-56.81967419208171,12.970356144733252,12.723323851330587,1,synthetic,Supination synthétique,generated_supination.csv
16.54,-57.35281517983236,12.917114146856612,15.987053011589268,1,synthetic,Supination synthétique,generated_supination.csv
16.56,-55.48144114990397,11.692040479591629,21.034037325883556,1,synthetic,Supination synthétique,generated_supination.csv
16.580000000000002,-52.342156251347134,11.643357505084515,24.078428730452988,1,synthetic,Supination synthétique,generated_supination.csv
16.6,-50.187929743934696,10.882120168470388,24.78919059403689,1,synthetic,Supination synthétique,generated_supination.csv
16.62,-46.135678753295366,10.939109169613722,25.49893032468026,1,synthetic,Supination synthétique,generated_supination.csv
16.64,-40.542549036858574,9.75774744367735,25.515296733972004,1,synthetic,Supination synthétique,generated_supination.csv
16.66,-35.72447664989579,9.050848291945181,24.52743921787378,1,synthetic,Supination synthétique,generated_supination.csv
16.68,-30.52024635962074,8.77398283089455,23.21326377658047,1,synthetic,Supination synthétique,generated_supination.csv
16.7,-24.124539922849277,8.679149763180181,21.9127329378336,1,synthetic,Supination synthétique,generated_supination.csv
16.72,-18.46515447193895,9.124233590370562,20.356474985062167,1,synthetic,Supination synthétique,generated_supination.csv
16.740000000000002,-12.573412111272729,9.088626098585278,18.290714599404986,1,synthetic,Supination synthétique,generated_supination.csv
16.76,-7.038660564004076,9.051573670486594,16.43515592693309,1,synthetic,Supination synthétique,generated_supination.csv
16.78,-1.5033417498661252,7.480545642374974,14.489739719272091,1,synthetic,Supination synthétique,generated_supination.csv
16.8,2.5624410881966138,7.018634424921949,13.032329914760126,1,synthetic,Supination synthétique,generated_supination.csv
16.82,7.690674851704255,5.167571491747844,12.448686023227776,1,synthetic,Supination synthétique,generated_supination.csv
16.84,10.69229785338962,4.085928190687604,11.522355285837156,1,synthetic,Supination synthétique,generated_supination.csv
16.86,13.682841608752426,2.143065686349136,12.273337976673602,1,synthetic,Supination synthétique,generated_supination.csv
16.88,15.255854706339424,1.5426874930938181,10.977306911496175,1,synthetic,Supination synthétique,generated_supination.csv
16.9,14.956841310954701,1.2092779489762258,10.729635923455058,1,synthetic,Supination synthétique,generated_supination.csv
16.92,15.47041741332035,0.5991964548957578,10.137254135541994,1,synthetic,Supination synthétique,generated_supination.csv
16.94,12.730661380339921,-0.685041997401044,10.461871878759776,1,synthetic,Supination synthétique,generated_supination.csv
16.96,9.458917264882832,-0.6770334243107594,10.976902522108984,1,synthetic,Supination synthétique,generated_supination.csv
16.98,8.339004576551352,-0.7536202595097121,12.322230148273576,1,synthetic,Supination synthétique,generated_supination.csv
17.0,6.398423777666855,-2.018344784311136,13.392139473582324,1,synthetic,Supination synthétique,generated_supination.csv
17.02,4.614491107301911,-2.4006244509033023,14.750158201088913,1,synthetic,Supination synthétique,generated_supination.csv
17.04,5.7135041704014276,-1.7747556365747068,15.277912320236295,1,synthetic,Supination synthétique,generated_supination.csv
17.06,7.261063089208682,-2.2999425256394272,15.300918403967826,1,synthetic,Supination synthétique,generated_supination.csv
17.080000000000002,6.501868880921408,-1.790007641582521,14.896487122838659,1,synthetic,Supination synthétique,generated_supination.csv
17.1,6.366494505206834,-2.0646824389202236,14.741074559757752,1,synthetic,Supination synthétique,generated_supination.csv
17.12,7.581534334268279,-2.3890199261612866,14.127534703672316,1,synthetic,Supination synthétique,generated_supination.csv
17.14,7.176491600161453,-1.968705823935353,13.829973825134966,1,synthetic,Supination synthétique,generated_supination.csv
17.16,6.804399555276617,-1.1897402466338782,13.570548027018447,1,synthetic,Supination synthétique,generated_supination.csv
17.18,6.3698591611246105,-1.8652224347335056,13.567236066360607,1,synthetic,Supination synthétique,generated_supination.csv
17.2,6.392084733543255,-1.534437661414435,13.584546822378302,1,synthetic,Supination synthétique,generated_supination.csv
17.22,6.561618878865564,-1.3915260122167734,13.412542598864476,1,synthetic,Supination synthétique,generated_supination.csv
17.240000000000002,6.108089497409075,-1.6840728135148673,13.520879690942193,1,synthetic,Supination synthétique,generated_supination.csv
17.26,6.798216181339686,-1.004365325806808,13.393011071353905,1,synthetic,Supination synthétique,generated_supination.csv
17.28,6.274658032412102,-1.2043591826965547,13.379367460412466,1,synthetic,Supination synthétique,generated_supination.csv
17.3,6.231151792204871,-1.0397611308679322,13.47080794077267,1,synthetic,Supination synthétique,generated_supination.csv
17.32,5.6463772203986275,-1.5763864791483346,12.572488754707958,1,synthetic,Supination synthétique,generated_supination.csv
17.34,5.444013709298329,-1.4805042133882358,13.065130407620112,1,synthetic,Supination synthétique,generated_supination.csv
17.36,5.165318336975188,-1.6447740422603023,12.14884088049909,1,synthetic,Supination synthétique,generated_supination.csv
17.38,4.999449704529255,-0.7007765984824136,12.182963381868266,1,synthetic,Supination synthétique,generated_supination.csv
17.400000000000002,4.245397305613182,-0.5354840234443115,11.777229679357074,1,synthetic,Supination synthétique,generated_supination.csv
17.42,3.4138598925673898,-0.08352728678025154,11.418672892143364,1,synthetic,Supination synthétique,generated_supination.csv
17.44,2.5711018778044896,0.2776229149840736,10.723725818618835,1,synthetic,Supination synthétique,generated_supination.csv
17.46,1.184408122014245,-0.1584547972717995,11.58053965486685,1,synthetic,Supination synthétique,generated_supination.csv
17.48,-0.14880617942949032,-0.155328883259633,10.67298870575671,1,synthetic,Supination synthétique,generated_supination.csv
17.5,-2.8709796462850576,0.04158225454676459,10.391333733406304,1,synthetic,Supination synthétique,generated_supination.csv
17.52,-6.093095310329795,0.45469216913589017,10.533137615089263,1,synthetic,Supination synthétique,generated_supination.csv
17.54,-9.9097148200799,0.08489170278458874,9.701447974829033,1,synthetic,Supination synthétique,generated_supination.csv
17.56,-14.915009527380622,1.4838676443960273,9.47478824012016,1,synthetic,Supination synthétique,generated_supination.csv
17.580000000000002,-22.378865890324967,2.8818051945724084,8.555191975693202,1,synthetic,Supination synthétique,generated_supination.csv
17.6,-31.066834728402846,5.339166953146937,7.185267905503258,1,synthetic,Supination synthétique,generated_supination.csv
17.62,-40.39332871026054,8.7259397765015,6.41343676307992,1,synthetic,Supination synthétique,generated_supination.csv
17.64,-47.13133743346442,10.23164143621708,6.93656831891086,1,synthetic,Supination synthétique,generated_supination.csv
17.66,-51.348044416025914,11.62077129022923,8.367777686154417,1,synthetic,Supination synthétique,generated_supination.csv
17.68,-54.90832127743658,13.791942566980206,11.877246567891776,1,synthetic,Supination synthétique,generated_supination.csv
17.7,-55.53774395187992,14.422985977628324,15.924167812205301,1,synthetic,Supination synthétique,generated_supination.csv
17.72,-53.415886749976565,13.799871880094917,19.85506060929924,1,synthetic,Supination synthétique,generated_supination.csv
17.740000000000002,-51.34777865866312,13.519192329092114,23.308066778601365,1,synthetic,Supination synthétique,generated_supination.csv
17.76,-49.60069680830047,13.140045376726215,24.34921914430825,1,synthetic,Supination synthétique,generated_supination.csv
17.78,-45.77897152575722,11.40116769537173,25.48689038614224,1,synthetic,Supination synthétique,generated_supination.csv
17.8,-40.80943628502126,10.14371853332737,25.325046234879466,1,synthetic,Supination synthétique,generated_supination.csv
17.82,-35.63008357160449,9.258323597099983,23.871198795585297,1,synthetic,Supination synthétique,generated_supination.csv
17.84,-30.11280955016134,9.696972538980654,23.362640422931552,1,synthetic,Supination synthétique,generated_supination.csv
17.86,-25.277514501596517,10.002986599390207,22.79401364723893,1,synthetic,Supination synthétique,generated_supination.csv
17.88,-19.325874272189537,10.186966015743234,21.356981053855204,1,synthetic,Supination synthétique,generated_supination.csv
17.900000000000002,-14.401321002607183,10.105194269229138,19.397538800141366,1,synthetic,Supination synthétique,generated_supination.csv
17.92,-8.578699691210069,10.143209280386241,17.57066406665227,1,synthetic,Supination synthétique,generated_supination.csv
17.94,-3.4606163527424383,9.32965995124825,16.29475597613497,1,synthetic,Supination synthétique,generated_supination.csv
17.96,0.9689295363829022,9.317302922656895,14.95700125236057,1,synthetic,Supination synthétique,generated_supination.csv
17.98,5.000335829203472,6.954461940312105,12.929482428815897,1,synthetic,Supination synthétique,generated_supination.csv
18.0,7.483691519085648,5.492469344142539,12.794385820524916,1,synthetic,Supination synthétique,generated_supination.csv
18.02,9.96127153934263,4.119923756273071,12.486328946824601,1,synthetic,Supination synthétique,generated_supination.csv
18.04,11.356871091047264,1.9508139273057767,12.682663015921083,1,synthetic,Supination synthétique,generated_supination.csv
18.06,11.846403611476763,1.273343615862597,12.881827049742556,1,synthetic,Supination synthétique,generated_supination.csv
18.08,13.03337280127366,1.458407653372875,12.263504155610143,1,synthetic,Supination synthétique,generated_supination.csv
18.1,11.767628012644625,2.1626414166659744,10.879854443022296,1,synthetic,Supination synthétique,generated_supination.csv
18.12,10.193676597012017,2.6772083735820047,11.523296074204795,1,synthetic,Supination synthétique,generated_supination.csv
18.14,7.967135131585481,3.1030114907319297,11.392805449471663,1,synthetic,Supination synthétique,generated_supination.csv
18.16,7.081346717534219,3.9028494642156795,11.372322471325582,1,synthetic,Supination synthétique,generated_supination.csv
18.18,5.82720968561098,3.418323782735907,12.581088351166988,1,synthetic,Supination synthétique,generated_supination.csv
18.2,5.527180267103933,2.509971049486302,13.497205392529208,1,synthetic,Supination synthétique,generated_supination.csv
18.22,5.662745238032652,2.2417020911367938,13.450348566666424,1,synthetic,Supination synthétique,generated_supination.csv
18.24,6.299353124714197,1.8144356454802988,13.242110086954412,1,synthetic,Supination synthétique,generated_supination.csv
18.26,6.722281329644566,2.409193069036214,12.804701821350521,1,synthetic,Supination synthétique,generated_supination.csv
18.28,6.361660407244939,2.426543491782904,13.130600541239659,1,synthetic,Supination synthétique,generated_supination.csv
18.3,6.326706599406011,2.0852940980910812,13.10496366462982,1,synthetic,Supination synthétique,generated_supination.csv
18.32,6.2634687949687855,2.5449075354913226,13.139904396710362,1,synthetic,Supination synthétique,generated_supination.csv
18.34,7.112212716664396,2.5245323622764824,13.041027306927425,1,synthetic,Supination synthétique,generated_supination.csv
18.36,6.823796396027394,2.5130585360452544,13.266016167860158,1,synthetic,Supination synthétique,generated_supination.csv
18.38,6.497799025110075,2.4550535982981616,12.882616825814804,1,synthetic,Supination synthétique,generated_supination.csv
18.4,6.506060185655281,2.6341882713394758,13.407464368022609,1,synthetic,Supination synthétique,generated_supination.csv
18.42,6.045008352003765,2.650824103718972,13.516126905806331,1,synthetic,Supination synthétique,generated_supination.csv
18.44,6.148715437694623,3.186390783332479,13.615168321469785,1,synthetic,Supination synthétique,generated_supination.csv
18.46,6.163646214308627,3.2817384292103418,13.313448776689143,1,synthetic,Supination synthétique,generated_supination.csv
18.48,6.021136640211151,3.419266321358533,13.036481608251687,1,synthetic,Supination synthétique,generated_supination.csv
18.5,5.538019718625735,3.44300314112889,12.78585482637475,1,synthetic,Supination synthétique,generated_supination.csv
18.52,5.30131998652657,3.5868513535713444,12.905190764213692,1,synthetic,Supination synthétique,generated_supination.csv
18.54,5.266023555235208,4.548440388879985,12.86708420001192,1,synthetic,Supination synthétique,generated_supination.csv
18.56,4.6682413644021885,3.6024520033670133,13.11903848953007,1,synthetic,Supination synthétique,generated_supination.csv
18.58,3.1873452458847935,4.687086092123954,12.745472496569592,1,synthetic,Supination synthétique,generated_supination.csv
18.6,2.864608952763929,4.517952134470512,12.601849983303188,1,synthetic,Supination synthétique,generated_supination.csv
18.62,1.910638523256885,4.395552764756635,12.736715782851617,1,synthetic,Supination synthétique,generated_supination.csv
18.64,-0.3038499748697228,4.061385627601421,12.647151284386455,1,synthetic,Supination synthétique,generated_supination.csv
18.66,-2.2431360514324123,3.9193572618629013,12.651723297566628,1,synthetic,Supination synthétique,generated_supination.csv
18.68,-5.771804860573997,3.4420126072253665,11.9158325561829,1,synthetic,Supination synthétique,generated_supination.csv
18.7,-9.393698038347393,3.5259436476002546,11.805877151128835,1,synthetic,Supination synthétique,generated_supination.csv
18.72,-15.826213268289289,4.824626457656033,11.389137118644236,1,synthetic,Supination synthétique,generated_supination.csv
18.74,-23.584438516138796,5.908350123972487,11.36989090759604,1,synthetic,Supination synthétique,generated_supination.csv
18.76,-32.78453299533465,8.899238541890561,10.422470539077484,1,synthetic,Supination synthétique,generated_supination.csv
18.78,-40.95942130440336,11.215047566454427,10.565650893652256,1,synthetic,Supination synthétique,generated_supination.csv
18.8,-47.87456952969321,11.054416852052382,12.127008467279655,1,synthetic,Supination synthétique,generated_supination.csv
18.82,-52.05368611109355,12.635821007854961,14.095852863895843,1,synthetic,Supination synthétique,generated_supination.csv
18.84,-54.210499705695916,14.269331783054325,17.772806155698625,1,synthetic,Supination synthétique,generated_supination.csv
18.86,-53.72943803273839,14.37902861578709,21.296986150668058,1,synthetic,Supination synthétique,generated_supination.csv
18.88,-50.95363800485094,13.605744900683476,24.0047594018021,1,synthetic,Supination synthétique,generated_supination.csv
18.9,-49.993949161357584,13.185063383931352,26.3762233489528,1,synthetic,Supination synthétique,generated_supination.csv
18.92,-47.447157568530265,12.376154459406107,25.748710677955355,1,synthetic,Supination synthétique,generated_supination.csv
18.94,-42.36831887272433,10.743263415589677,25.491136939321514,1,synthetic,Supination synthétique,generated_supination.csv
18.96,-37.138727557822556,9.572679786285498,25.00192653700192,1,synthetic,Supination synthétique,generated_supination.csv
18.98,-32.271528862356995,8.689994569835822,24.12141934254299,1,synthetic,Supination synthétique,generated_supination.csv
19.0,-26.978396973496025,9.194656285497576,22.87333885534361,1,synthetic,Supination synthétique,generated_supination.csv
19.02,-22.41444663200619,8.551913163559478,21.257268555424254,1,synthetic,Supination synthétique,generated_supination.csv
19.04,-16.827519307817347,9.17867993780853,20.42542500959386,1,synthetic,Supination synthétique,generated_supination.csv
19.06,-11.307489052754859,9.012514756000325,18.61850593501217,1,synthetic,Supination synthétique,generated_supination.csv
19.08,-5.642575543971276,9.528074428186548,17.36106324197126,1,synthetic,Supination synthétique,generated_supination.csv
19.1,-0.3011555050949143,9.151361229503266,14.927557454166859,1,synthetic,Supination synthétique,generated_supination.csv
19.12,4.607544339997995,7.632808632118091,12.65265574655661,1,synthetic,Supination synthétique,generated_supination.csv
19.14,9.156366648652678,5.858733098842588,10.941223512989891,1,synthetic,Supination synthétique,generated_supination.csv
19.16,13.777974780331899,5.031061977487956,10.656412022817564,1,synthetic,Supination synthétique,generated_supination.csv
19.18,16.695001717590262,4.248997742208285,9.81320716396638,1,synthetic,Supination synthétique,generated_supination.csv
19.2,18.68269334224603,4.054847148549043,9.72224346451077,1,synthetic,Supination synthétique,generated_supination.csv
19.22,18.365880798415713,4.673082909365427,9.4910134366328,1,synthetic,Supination synthétique,generated_supination.csv
19.24,18.33577250920283,5.2449213298263215,9.178250684132882,1,synthetic,Supination synthétique,generated_supination.csv
19.26,15.200324242367207,4.5556495381497175,9.307902805771787,1,synthetic,Supination synthétique,generated_supination.csv
19.28,12.367249994548676,5.810238531114925,9.577678055308867,1,synthetic,Supination synthétique,generated_supination.csv
19.3,9.675280065788861,4.943977054420804,10.555580107844708,1,synthetic,Supination synthétique,generated_supination.csv
19.32,7.411402987528319,4.313950615670683,11.931602258904887,1,synthetic,Supination synthétique,generated_supination.csv
19.34,5.491934940018855,4.223695404659596,12.430773721042014,1,synthetic,Supination synthétique,generated_supination.csv
19.36,5.2204694357272645,3.3885671284830576,12.6195934697568,1,synthetic,Supination synthétique,generated_supination.csv
19.38,5.761718792854063,2.9322037525997002,12.343996292599607,1,synthetic,Supination synthétique,generated_supination.csv
19.4,5.9954491984924285,2.900891198000407,12.238078626729791,1,synthetic,Supination synthétique,generated_supination.csv
19.42,6.414681041567166,3.357891508514566,12.156379275092293,1,synthetic,Supination synthétique,generated_supination.csv
19.44,6.220092801229156,3.7732104433432676,11.766230168366132,1,synthetic,Supination synthétique,generated_supination.csv
19.46,6.246693097757232,4.062294939385038,11.666779911648044,1,synthetic,Supination synthétique,generated_supination.csv
19.48,6.656114441017377,3.6386384513327,11.257268505813066,1,synthetic,Supination synthétique,generated_supination.csv
19.5,6.271160003653124,3.613053925745774,10.77815629151191,1,synthetic,Supination synthétique,generated_supination.csv
19.52,6.200738408816489,4.281786736567388,11.779358330553064,1,synthetic,Supination synthétique,generated_supination.csv
19.54,6.135425203328511,3.696506971282932,11.653532656664867,1,synthetic,Supination synthétique,generated_supination.csv
19.56,6.192410862012313,4.300647565366265,11.781871169898785,1,synthetic,Supination synthétique,generated_supination.csv
19.58,6.391934875771326,3.9744429309439733,12.194785656572805,1,synthetic,Supination synthétique,generated_supination.csv
19.6,6.093366374490941,4.04297098918533,11.629342419094632,1,synthetic,Supination synthétique,generated_supination.csv
19.62,6.745734576705908,3.9939825792694195,12.209535510360064,1,synthetic,Supination synthétique,generated_supination.csv
19.64,6.987026502842639,4.2747697595431,12.385468590584965,1,synthetic,Supination synthétique,generated_supination.csv
19.66,6.891111214205601,4.186449834937307,13.067532322715925,1,synthetic,Supination synthétique,generated_supination.csv
19.68,6.4056436374151895,4.28682530500537,12.52026507799561,1,synthetic,Supination synthétique,generated_supination.csv
19.7,5.93266382396089,4.619095611556004,12.925558318073135,1,synthetic,Supination synthétique,generated_supination.csv
19.72,6.023604132577549,4.641272995680924,13.631142458548041,1,synthetic,Supination synthétique,generated_supination.csv
19.74,5.689187340628524,5.089253738712497,13.52341496951674,1,synthetic,Supination synthétique,generated_supination.csv
19.76,5.156183567101784,5.144676473932898,13.336060512811187,1,synthetic,Supination synthétique,generated_supination.csv
19.78,3.772290250280751,5.084854459503539,14.056729730249744,1,synthetic,Supination synthétique,generated_supination.csv
19.8,2.2387181933236393,5.054063982815081,13.061650414893432,1,synthetic,Supination synthétique,generated_supination.csv
19.82,0.7191675681200022,4.891167372422968,13.402428791095774,1,synthetic,Supination synthétique,generated_supination.csv
19.84,-2.7070878908001275,5.296681295959528,12.862965238559939,1,synthetic,Supination synthétique,generated_supination.csv
19.86,-6.066254695019563,4.743283663104502,12.57844686779409,1,synthetic,Supination synthétique,generated_supination.csv
19.88,-11.46769357263206,5.112640055828621,11.56435197010156,1,synthetic,Supination synthétique,generated_supination.csv
19.9,-19.144889693382332,6.4071662558309495,10.490246881569293,1,synthetic,Supination synthétique,generated_supination.csv
19.92,-27.66361528452226,8.507938500566398,9.779729838949455,1,synthetic,Supination synthétique,generated_supination.csv
19.94,-38.47268272917672,10.970277336592112,8.289389579225436,1,synthetic,Supination synthétique,generated_supination.csv
19.96,-48.14709416982031,12.567572932171057,8.905933523974644,1,synthetic,Supination synthétique,generated_supination.csv
19.98,-54.24421406695974,12.580967391303986,10.201024217291101,1,synthetic,Supination synthétique,generated_supination.csv
20.0,-57.5317861918271,13.341362148954264,13.546168926111838,1,synthetic,Supination synthétique,generated_supination.csv
20.02,-59.027024450043726,13.786480002299479,16.826460377580556,1,synthetic,Supination synthétique,generated_supination.csv
20.04,-58.58788669108628,12.628635431627533,21.00355136447868,1,synthetic,Supination synthétique,generated_supination.csv
20.06,-55.67267409855781,11.647108554011922,24.68382010739021,1,synthetic,Supination synthétique,generated_supination.csv
20.08,-53.83739427867053,12.221511948611134,26.87229253807189,1,synthetic,Supination synthétique,generated_supination.csv
20.1,-50.88224234942049,10.595823863423911,26.30746344747257,1,synthetic,Supination synthétique,generated_supination.csv
20.12,-45.78487759548124,9.9648390117635,26.70459561490973,1,synthetic,Supination synthétique,generated_supination.csv
20.14,-40.04657169533876,9.191062152044623,25.994750210825252,1,synthetic,Supination synthétique,generated_supination.csv
20.16,-34.482481951559485,8.755461400413187,24.197992110714313,1,synthetic,Supination synthétique,generated_supination.csv
20.18,-28.480784874347066,8.154745519519924,23.14821725674235,1,synthetic,Supination synthétique,generated_supination.csv
20.2,-22.743436650899326,8.59051113559278,22.31176970665554,1,synthetic,Supination synthétique,generated_supination.csv
20.22,-17.09066985939379,8.63572108227985,20.25278621918056,1,synthetic,Supination synthétique,generated_supination.csv
20.24,-11.093306836926192,8.844596125022443,18.328730110033217,1,synthetic,Supination synthétique,generated_supination.csv
20.26,-5.333093743451811,8.112418544600203,17.15223415623688,1,synthetic,Supination synthétique,generated_supination.csv
20.28,0.004087739961750381,7.5673558385454145,14.790282969301462,1,synthetic,Supination synthétique,generated_supination.csv
20.3,3.399489396175497,6.389187822762603,13.599057052632036,1,synthetic,Supination synthétique,generated_supination.csv
20.32,7.713495311366333,5.304602376053791,12.57757192729869,1,synthetic,Supination synthétique,generated_supination.csv
20.34,10.994064443337598,3.8903146796333816,13.105465261859065,1,synthetic,Supination synthétique,generated_supination.csv
20.36,11.718512074328292,2.047878763998285,13.16021409302035,1,synthetic,Supination synthétique,generated_supination.csv
20.38,13.166436897091392,2.1332203928722624,13.541250103744012,1,synthetic,Supination synthétique,generated_supination.csv
20.4,11.439728867370363,2.5664568297778727,12.587149659284462,1,synthetic,Supination synthétique,generated_supination.csv
20.42,10.469316960280388,2.5186611455110683,12.001104407964238,1,synthetic,Supination synthétique,generated_supination.csv
20.44,8.059275493670311,2.3107148109869557,13.316905269924487,1,synthetic,Supination synthétique,generated_supination.csv
20.46,6.441568290349352,2.979279607092708,12.550383677790876,1,synthetic,Supination synthétique,generated_supination.csv
20.48,5.681726254136076,2.2881964328591593,13.177265785770382,1,synthetic,Supination synthétique,generated_supination.csv
20.5,5.687079738747338,2.043980914541556,14.711056714959817,1,synthetic,Supination synthétique,generated_supination.csv
20.52,6.28120141288332,2.0753501496364803,14.49731034876767,1,synthetic,Supination synthétique,generated_supination.csv
20.54,6.772699254975899,2.3362594866837996,13.855397361011443,1,synthetic,Supination synthétique,generated_supination.csv
20.56,6.49995637311984,2.2777903799061288,14.272927658267436,1,synthetic,Supination synthétique,generated_supination.csv
20.58,6.529023740347518,2.7077908825789683,14.598254373356813,1,synthetic,Supination synthétique,generated_supination.csv
20.6,6.515668780484506,2.432539680406544,14.995742815121321,1,synthetic,Supination synthétique,generated_supination.csv
20.62,6.6899043569424395,3.0126205478583867,15.357342846830505,1,synthetic,Supination synthétique,generated_supination.csv
20.64,6.738215721819451,2.309999328172933,15.562255600265226,1,synthetic,Supination synthétique,generated_supination.csv
20.66,6.421672506949842,2.846857948267515,16.440405740019667,1,synthetic,Supination synthétique,generated_supination.csv
20.68,6.5448049893020945,2.97432834172179,16.123277375461623,1,synthetic,Supination synthétique,generated_supination.csv
20.7,6.755464468030719,2.655920166292562,16.924830504836763,1,synthetic,Supination synthétique,generated_supination.csv
20.72,6.62640007499743,2.4799622843129123,16.661085729742712,1,synthetic,Supination synthétique,generated_supination.csv
20.74,7.227653284541352,3.2169939137953563,16.94557610567153,1,synthetic,Supination synthétique,generated_supination.csv
20.76,7.287661807821943,2.9225961515826775,16.60568358082272,1,synthetic,Supination synthétique,generated_supination.csv
20.78,6.3883378269232995,3.4760731802845326,16.845134252783684,1,synthetic,Supination synthétique,generated_supination.csv
20.8,6.688537902417382,3.6124073829285352,16.41315949717188,1,synthetic,Supination synthétique,generated_supination.csv
20.82,6.499644406463701,3.510781334040224,15.840770102919915,1,synthetic,Supination synthétique,generated_supination.csv
20.84,6.552173166119331,3.646406561094449,15.998724853499137,1,synthetic,Supination synthétique,generated_supination.csv
20.86,6.908603725647463,4.072610404228987,15.621356769751666,1,synthetic,Supination synthétique,generated_supination.csv
20.88,6.190022714428844,4.018811934406181,15.564548530400781,1,synthetic,Supination synthétique,generated_supination.csv
20.9,5.676792533524238,3.750439883892227,15.13877616049214,1,synthetic,Supination synthétique,generated_supination.csv
20.92,5.1873851151686,4.165636699651838,14.5346693282086,1,synthetic,Supination synthétique,generated_supination.csv
20.94,4.4613115996314265,4.3117747401488975,14.42776662084379,1,synthetic,Supination synthétique,generated_supination.csv
20.96,2.6639836337427893,4.124503044598679,13.66609591148896,1,synthetic,Supination synthétique,generated_supination.csv
20.98,0.7158565289060405,3.9150991314907824,13.829089363783767,1,synthetic,Supination synthétique,generated_supination.csv
21.0,-1.5515163514887769,3.5498465589359904,14.231038234970761,1,synthetic,Supination synthétique,generated_supination.csv
21.02,-5.273564234185128,3.3301892676031146,14.010134872030463,1,synthetic,Supination synthétique,generated_supination.csv
21.04,-10.258313622908288,3.27417080117836,13.340814275563469,1,synthetic,Supination synthétique,generated_supination.csv
21.06,-16.77885436063727,4.053296261217804,12.551906719301883,1,synthetic,Supination synthétique,generated_supination.csv
21.08,-25.873346426988128,6.485480125951016,11.855837713091642,1,synthetic,Supination synthétique,generated_supination.csv
21.1,-34.94396554907867,8.374869527114898,11.072155316302492,1,synthetic,Supination synthétique,generated_supination.csv
21.12,-43.33996233684368,10.427242523447985,10.574123707280515,1,synthetic,Supination synthétique,generated_supination.csv
21.14,-48.281967163622696,10.760605301790974,12.21675602689063,1,synthetic,Supination synthétique,generated_supination.csv
21.16,-52.04225274523029,12.329432714175637,15.327304460916935,1,synthetic,Supination synthétique,generated_supination.csv
21.18,-54.56086356967063,12.956611394208215,18.455019983164387,1,synthetic,Supination synthétique,generated_supination.csv
21.2,-53.24709202742071,13.923450404133277,21.691693416095067,1,synthetic,Supination synthétique,generated_supination.csv
21.22,-52.350024145599996,12.664432074532211,24.088985393146128,1,synthetic,Supination synthétique,generated_supination.csv
21.24,-50.06566369255301,12.836873563482081,25.29834306960241,1,synthetic,Supination synthétique,generated_supination.csv
21.26,-47.27165923635418,12.472991961976177,25.292059022365624,1,synthetic,Supination synthétique,generated_supination.csv
21.28,-42.736888923399846,10.979433665463175,24.54140611018783,1,synthetic,Supination synthétique,generated_supination.csv
21.3,-37.603341479323866,8.886308563616124,23.10275170942398,1,synthetic,Supination synthétique,generated_supination.csv
21.32,-32.00040992552918,9.104593933284002,22.376257899690174,1,synthetic,Supination synthétique,generated_supination.csv
21.34,-26.359111445585974,9.205914137016272,20.7987089886953,1,synthetic,Supination synthétique,generated_supination.csv
21.36,-20.8717398550406,8.687674884024608,19.268688207102,1,synthetic,Supination synthétique,generated_supination.csv
21.38,-14.755519626925054,9.37443232416084,17.889926568126494,1,synthetic,Supination synthétique,generated_supination.csv
21.4,-9.646379759415964,8.811469021114446,15.399409628215992,1,synthetic,Supination synthétique,generated_supination.csv
21.42,-3.7286604446366587,7.974753194182445,12.935912485549641,1,synthetic,Supination synthétique,generated_supination.csv
21.44,1.4254902326434418,7.010386861538531,11.480440751680375,1,synthetic,Supination synthétique,generated_supination.csv
21.46,5.525099089908305,5.407683830705633,9.662176090176418,1,synthetic,Supination synthétique,generated_supination.csv
21.48,9.955399911444143,3.4209139527809156,9.99954631581692,1,synthetic,Supination synthétique,generated_supination.csv
21.5,12.097092892194768,3.0320453539278094,9.827719539612414,1,synthetic,Supination synthétique,generated_supination.csv
21.52,13.037613453061013,1.257832869243098,9.837292216412543,1,synthetic,Supination synthétique,generated_supination.csv
21.54,13.895693397649778,0.8648737417532564,10.042721399100083,1,synthetic,Supination synthétique,generated_supination.csv
21.56,13.486693603845277,1.7053761675340162,9.851445107106736,1,synthetic,Supination synthétique,generated_supination.csv
21.58,11.401208699729604,1.7351842527419468,9.443628507242806,1,synthetic,Supination synthétique,generated_supination.csv
21.6,8.535532663167983,2.20727002458698,9.970752533304287,1,synthetic,Supination synthétique,generated_supination.csv
21.62,7.692779686172886,1.8000088195789548,11.29087294883735,1,synthetic,Supination synthétique,generated_supination.csv
21.64,6.180038770743059,1.6207754665163978,11.618890152607104,1,synthetic,Supination synthétique,generated_supination.csv
21.66,5.0033916217022965,0.9440701344651505,13.387626660523736,1,synthetic,Supination synthétique,generated_supination.csv
21.68,5.628785522815518,0.7260860725607636,13.070363172278133,1,synthetic,Supination synthétique,generated_supination.csv
21.7,6.0830994277413355,0.6734721279804612,13.084165542168481,1,synthetic,Supination synthétique,generated_supination.csv
21.72,5.757045100038347,0.6218243350570085,12.844167990440255,1,synthetic,Supination synthétique,generated_supination.csv
21.74,6.355656639116909,1.252198431861009,13.000119449904604,1,synthetic,Supination synthétique,generated_supination.csv
21.76,6.428169707964356,0.6423929858728136,12.416035350851937,1,synthetic,Supination synthétique,generated_supination.csv
21.78,6.204375308980799,0.7330802025443458,12.125638150004985,1,synthetic,Supination synthétique,generated_supination.csv
21.8,5.983350255701638,0.8414030323153645,12.595450721628312,1,synthetic,Supination synthétique,generated_supination.csv
21.82,5.487703287154437,1.1656868303414363,12.011352275272754,1,synthetic,Supination synthétique,generated_supination.csv
21.84,6.046817927336999,1.1833399719593192,11.0569038455438,1,synthetic,Supination synthétique,generated_supination.csv
21.86,5.821231445610729,1.4237428933142982,11.356738079090729,1,synthetic,Supination synthétique,generated_supination.csv
21.88,5.242608639137202,0.8434789020399602,10.97950303539603,1,synthetic,Supination synthétique,generated_supination.csv
21.9,5.561130721774887,1.414015122638097,10.813877227647959,1,synthetic,Supination synthétique,generated_supination.csv
21.92,5.716204840401794,1.3940866992109955,11.033388303729806,1,synthetic,Supination synthétique,generated_supination.csv
21.94,5.445947817192995,1.486680023515268,11.19841078674125,1,synthetic,Supination synthétique,generated_supination.csv
21.96,5.741867245225439,1.791538631751408,11.511422108242186,1,synthetic,Supination synthétique,generated_supination.csv
21.98,5.7302867648612645,1.352416639143212,11.471608570175071,1,synthetic,Supination synthétique,generated_supination.csv
22.0,5.038514326365055,2.265015026458117,11.369353938384934,1,synthetic,Supination synthétique,generated_supination.csv
22.02,5.241379889197285,2.485418260202359,11.978964390975731,1,synthetic,Supination synthétique,generated_supination.csv
22.04,5.196863448795867,2.2707958280137786,12.595553480993228,1,synthetic,Supination synthétique,generated_supination.csv
22.06,4.82861654831754,2.8966821070608617,12.084001097154884,1,synthetic,Supination synthétique,generated_supination.csv
22.08,4.206457159802047,3.554572755611697,12.720416468805853,1,synthetic,Supination synthétique,generated_supination.csv
22.1,2.1225317694885275,3.07061243412145,12.569515746273261,1,synthetic,Supination synthétique,generated_supination.csv
22.12,1.0672620371093384,3.3836347971594996,12.012832698265782,1,synthetic,Supination synthétique,generated_supination.csv
22.14,-0.9026167039163372,3.13293842726814,11.717301154701035,1,synthetic,Supination synthétique,generated_supination.csv
22.16,-3.9012158740861804,2.9798385260470854,10.729084948446932,1,synthetic,Supination synthétique,generated_supination.csv
22.18,-8.227073657419867,3.3293504250639208,9.926474453338171,1,synthetic,Supination synthétique,generated_supination.csv
22.2,-14.940089685487646,4.523895214757234,8.563669782497582,1,synthetic,Supination synthétique,generated_supination.csv
22.22,-22.475931997931685,6.639551525734579,7.676576858541507,1,synthetic,Supination synthétique,generated_supination.csv
22.24,-32.49588636132245,9.086135727632895,6.278289130096671,1,synthetic,Supination synthétique,generated_supination.csv
22.26,-41.86317458939164,11.930919400538047,4.626034409315917,1,synthetic,Supination synthétique,generated_supination.csv
22.28,-49.64440180916873,13.812937535260268,5.087313533727279,1,synthetic,Supination synthétique,generated_supination.csv
22.3,-52.92331892428252,14.115808088839296,5.805676433836957,1,synthetic,Supination synthétique,generated_supination.csv
22.32,-55.7020444025695,15.245864655466441,8.963061934722251,1,synthetic,Supination synthétique,generated_supination.csv
22.34,-56.0782798009807,15.458172813746277,13.024057649314216,1,synthetic,Supination synthétique,generated_supination.csv
22.36,-54.52014483123475,13.369240165960068,17.95172550701947,1,synthetic,Supination synthétique,generated_supination.csv
22.38,-51.74699918219564,12.47908724104891,20.873780602529017,1,synthetic,Supination synthétique,generated_supination.csv
22.4,-49.41529786775801,12.533232151564151,23.329191385850926,1,synthetic,Supination synthétique,generated_supination.csv
22.42,-46.09072420753977,9.634351148441327,23.55846482265098,1,synthetic,Supination synthétique,generated_supination.csv
22.44,-40.19785003672143,8.783808872090846,24.37229543870085,1,synthetic,Supination synthétique,generated_supination.csv
22.46,-34.66196637363351,7.497041767711863,24.010496203898143,1,synthetic,Supination synthétique,generated_supination.csv
22.48,-28.75352378829116,7.885051678066184,22.853333851149753,1,synthetic,Supination synthétique,generated_supination.csv
22.5,-22.976898960678554,7.975626318469843,20.72589422660921,1,synthetic,Supination synthétique,generated_supination.csv
22.52,-16.888844601914784,7.909297579976827,19.851630685739416,1,synthetic,Supination synthétique,generated_supination.csv
22.54,-11.052184282120884,7.175271390593108,17.88672079962406,1,synthetic,Supination synthétique,generated_supination.csv
22.56,-5.114832616578922,6.974209016349264,15.976342778213365,1,synthetic,Supination synthétique,generated_supination.csv
22.58,0.2833991521280629,5.633287757824327,13.874172987740328,1,synthetic,Supination synthétique,generated_supination.csv
22.6,5.657141730084466,3.6791170875505985,11.771830538109986,1,synthetic,Supination synthétique,generated_supination.csv
22.62,9.878515491801698,2.0155754720443086,11.508059892579789,1,synthetic,Supination synthétique,generated_supination.csv
22.64,13.513233165215201,0.49513594919012893,11.772323107970985,1,synthetic,Supination synthétique,generated_supination.csv
22.66,14.729031495623467,-1.2225953750841174,11.20799071608692,1,synthetic,Supination synthétique,generated_supination.csv
22.68,16.46205433301114,-1.3116023784950837,11.51450352147311,1,synthetic,Supination synthétique,generated_supination.csv
22.7,17.031215842941783,-0.8870875960859514,10.658449168765419,1,synthetic,Supination synthétique,generated_supination.csv
22.72,15.54698985026318,0.09221403727670742,10.618596343060084,1,synthetic,Supination synthétique,generated_supination.csv
22.74,11.875039916758645,0.9290456957254057,10.595527764347784,1,synthetic,Supination synthétique,generated_supination.csv
22.76,10.275356599235296,2.084145241666042,10.521744227896471,1,synthetic,Supination synthétique,generated_supination.csv
22.78,8.831746518433365,1.5956875242041126,12.31194185057534,1,synthetic,Supination synthétique,generated_supination.csv
22.8,5.3612434593012255,0.7169767446699402,12.491457076655356,1,synthetic,Supination synthétique,generated_supination.csv
22.82,5.299660412825027,0.7739589815763059,13.232052228822958,1,synthetic,Supination synthétique,generated_supination.csv
22.84,6.478143888805062,-0.21101937165425988,13.453177817745422,1,synthetic,Supination synthétique,generated_supination.csv
22.86,6.535078452444845,0.224694826295385,13.647667812380497,1,synthetic,Supination synthétique,generated_supination.csv
22.88,6.009505851636527,-0.09807810755225202,13.305834189061075,1,synthetic,Supination synthétique,generated_supination.csv
22.9,6.705906602386563,-0.09294666891984138,13.034488262754254,1,synthetic,Supination synthétique,generated_supination.csv
22.92,6.683816695254954,0.5667759092073941,12.994267977092676,1,synthetic,Supination synthétique,generated_supination.csv
22.94,6.567130140393509,0.45790295122596136,13.612303997526443,1,synthetic,Supination synthétique,generated_supination.csv
22.96,6.785791104234257,0.8933131952848933,13.7516224899632,1,synthetic,Supination synthétique,generated_supination.csv
22.98,6.396585277860248,0.16800325252522497,13.321001800846902,1,synthetic,Supination synthétique,generated_supination.csv
23.0,7.321898883796913,0.744544926422464,13.859009803617008,1,synthetic,Supination synthétique,generated_supination.csv
23.02,7.042995160352456,0.5835031380886555,14.766407373494005,1,synthetic,Supination synthétique,generated_supination.csv
23.04,7.527989105496919,0.7210321198591382,15.219240205246,1,synthetic,Supination synthétique,generated_supination.csv
23.06,6.725492116616439,0.2962992122075552,15.755162743725046,1,synthetic,Supination synthétique,generated_supination.csv
23.08,6.698109350688855,1.2035880289288734,15.47675436729592,1,synthetic,Supination synthétique,generated_supination.csv
23.1,7.143354110437709,1.0772044940079524,16.202084435735777,1,synthetic,Supination synthétique,generated_supination.csv
23.12,6.601481286758196,0.8413382996514018,16.052739985698462,1,synthetic,Supination synthétique,generated_supination.csv
23.14,7.139964211364067,0.8752858632374596,16.061507160039778,1,synthetic,Supination synthétique,generated_supination.csv
23.16,6.799514145599876,1.1772329528928505,16.20996194122737,1,synthetic,Supination synthétique,generated_supination.csv
23.18,6.746191488356808,2.012106341387519,16.565921840403462,1,synthetic,Supination synthétique,generated_supination.csv
23.2,6.620425970263436,1.721458235508127,16.416548723476588,1,synthetic,Supination synthétique,generated_supination.csv
23.22,6.081638235582296,1.7760905902216744,16.387598864052855,1,synthetic,Supination synthétique,generated_supination.csv
23.24,5.8669215976959395,2.0873396896336174,15.676194361839455,1,synthetic,Supination synthétique,generated_supination.csv
23.26,4.464897179413658,1.956626456017716,15.449726402948615,1,synthetic,Supination synthétique,generated_supination.csv
23.28,2.4274585982287125,1.9406348277878611,14.786139646015906,1,synthetic,Supination synthétique,generated_supination.csv
23.3,1.151476482173488,1.9583579451516204,14.525182391763446,1,synthetic,Supination synthétique,generated_supination.csv
23.32,-2.2455621618277037,1.6861104478022892,14.136749633908769,1,synthetic,Supination synthétique,generated_supination.csv
23.34,-5.622060458609755,1.7697271004788457,13.74107637126205,1,synthetic,Supination synthétique,generated_supination.csv
23.36,-11.35726669204937,1.6352739629415711,13.557338541466336,1,synthetic,Supination synthétique,generated_supination.csv
23.38,-18.452924977864182,3.252457837986679,12.842003481431032,1,synthetic,Supination synthétique,generated_supination.csv
23.4,-26.92073044145052,4.827613884815017,12.245150094394416,1,synthetic,Supination synthétique,generated_supination.csv
23.42,-37.410674698116104,7.245702391152721,11.676785377872957,1,synthetic,Supination synthétique,generated_supination.csv
23.44,-45.33129388359536,8.668330967466844,12.474868133939255,1,synthetic,Supination synthétique,generated_supination.csv
23.46,-49.82949580230774,9.416490733260286,14.171308552656853,1,synthetic,Supination synthétique,generated_supination.csv
23.48,-52.842740896696135,10.119906774954845,17.10409810937747,1,synthetic,Supination synthétique,generated_supination.csv
23.5,-53.39020500774396,11.089359648747225,20.110498225531188,1,synthetic,Supination synthétique,generated_supination.csv
23.52,-52.35768494842476,10.243300878726775,23.31827365461043,1,synthetic,Supination synthétique,generated_supination.csv
23.54,-50.34887704980409,9.683209921277435,25.364871907831184,1,synthetic,Supination synthétique,generated_supination.csv
23.56,-48.47685512926723,9.751999793489988,25.841088350927073,1,synthetic,Supination synthétique,generated_supination.csv
23.58,-46.042930600147635,9.152142517937564,25.699152878003773,1,synthetic,Supination synthétique,generated_supination.csv
23.6,-41.20539656698263,7.589595663729662,26.112521827375943,1,synthetic,Supination synthétique,generated_supination.csv
23.62,-36.23764348096528,6.950607426485523,24.63299782748839,1,synthetic,Supination synthétique,generated_supination.csv
23.64,-31.853379043880125,6.747295189843245,23.329796388970266,1,synthetic,Supination synthétique,generated_supination.csv
23.66,-27.151246890448807,7.1926944399605315,21.721848255228952,1,synthetic,Supination synthétique,generated_supination.csv
23.68,-22.12604622673351,7.6776545792667115,20.204597119939322,1,synthetic,Supination synthétique,generated_supination.csv
23.7,-16.985703130420116,7.6923584606942805,19.60123356971835,1,synthetic,Supination synthétique,generated_supination.csv
23.72,-12.0689389001373,7.351158479270068,16.588729993184998,1,synthetic,Supination synthétique,generated_supination.csv
23.74,-7.457907215468701,6.478835957462534,15.327975532454143,1,synthetic,Supination synthétique,generated_supination.csv
23.76,-3.094021129259765,4.781409174835349,14.303750594225983,1,synthetic,Supination synthétique,generated_supination.csv
23.78,0.4181394853441432,3.879357730611063,13.477118582228803,1,synthetic,Supination synthétique,generated_supination.csv
23.8,3.1973350163992174,2.8006479017097896,13.169322179942142,1,synthetic,Supination synthétique,generated_supination.csv
23.82,5.692675348132427,2.3884316952939724,13.29576344147785,1,synthetic,Supination synthétique,generated_supination.csv
23.84,8.13521024688759,2.8183001863204606,13.205023600663598,1,synthetic,Supination synthétique,generated_supination.csv
23.86,8.743297318319211,3.265643423109793,12.386979385365429,1,synthetic,Supination synthétique,generated_supination.csv
23.88,9.297800755839996,4.782386467808789,11.080549365751065,1,synthetic,Supination synthétique,generated_supination.csv
23.9,8.70474977270887,5.261377484236494,9.794608190461037,1,synthetic,Supination synthétique,generated_supination.csv
23.92,7.5974123380574,5.709708668071947,11.250950879793558,1,synthetic,Supination synthétique,generated_supination.csv
23.94,6.441304075340873,5.887636143379578,11.116521161765643,1,synthetic,Supination synthétique,generated_supination.csv
23.96,5.931708305128326,5.532800969867286,11.723709272329272,1,synthetic,Supination synthétique,generated_supination.csv
23.98,5.286851570651873,4.545543777333556,12.852948885528981,1,synthetic,Supination synthétique,generated_supination.csv
24.0,5.376111191822028,3.8298807100512864,12.663232984201695,1,synthetic,Supination synthétique,generated_supination.csv
24.02,5.608166879922257,4.436758493488436,12.813042893694865,1,synthetic,Supination synthétique,generated_supination.csv
24.04,6.134349959348292,3.386343303545452,13.252183829790125,1,synthetic,Supination synthétique,generated_supination.csv
24.06,5.803814157295115,3.846801653234239,12.570513095912055,1,synthetic,Supination synthétique,generated_supination.csv
24.08,6.364745241521117,4.103345307997301,12.541128336941895,1,synthetic,Supination synthétique,generated_supination.csv
24.1,5.932965670577915,3.554136915220523,11.95689233713229,1,synthetic,Supination synthétique,generated_supination.csv
24.12,5.798782527036511,3.5280526240051095,11.85544552553351,1,synthetic,Supination synthétique,generated_supination.csv
24.14,5.612527608547659,4.067035315504457,11.384603522666513,1,synthetic,Supination synthétique,generated_supination.csv
24.16,5.391605072333412,4.077217048738761,11.752707392459099,1,synthetic,Supination synthétique,generated_supination.csv
24.18,5.148797675801527,4.34150650646659,11.564154844023744,1,synthetic,Supination synthétique,generated_supination.csv
24.2,5.675320459015029,4.490008642762643,11.704826826452026,1,synthetic,Supination synthétique,generated_supination.csv
24.22,5.297384019050961,4.231459243917284,12.451651659703879,1,synthetic,Supination synthétique,generated_supination.csv
24.24,5.149203263135964,4.7267843338248525,12.554157290227666,1,synthetic,Supination synthétique,generated_supination.csv
24.26,5.429603385302842,5.151416541456722,12.454526238438673,1,synthetic,Supination synthétique,generated_supination.csv
24.28,4.8682863206015545,4.941948913041672,13.54870502685647,1,synthetic,Supination synthétique,generated_supination.csv
24.3,5.176090799637258,5.215100326523623,14.029842745442267,1,synthetic,Supination synthétique,generated_supination.csv
24.32,4.786225174057096,5.222157797469391,13.945221229594448,1,synthetic,Supination synthétique,generated_supination.csv
24.34,4.185500732490036,6.021054079181866,14.419378375719932,1,synthetic,Supination synthétique,generated_supination.csv
24.36,4.126963776059131,6.532159983036052,14.797159027806444,1,synthetic,Supination synthétique,generated_supination.csv
24.38,2.6988204062972683,5.658382180685827,14.847549831652922,1,synthetic,Supination synthétique,generated_supination.csv
24.4,2.207969302273415,6.27243275403455,14.936202862577892,1,synthetic,Supination synthétique,generated_supination.csv
24.42,0.26720170604442595,6.192054525882478,14.96863345294755,1,synthetic,Supination synthétique,generated_supination.csv
24.44,-1.4071891941767656,5.550008832360013,14.400847089696862,1,synthetic,Supination synthétique,generated_supination.csv
24.46,-3.948529801893163,5.4287577952196155,14.770619220937661,1,synthetic,Supination synthétique,generated_supination.csv
24.48,-8.166181343184624,5.277948642282123,13.355670842445107,1,synthetic,Supination synthétique,generated_supination.csv
24.5,-14.042169301744222,5.977075728621704,12.523596262534982,1,synthetic,Supination synthétique,generated_supination.csv
24.52,-21.015811878113507,7.605759209807524,12.10401329624976,1,synthetic,Supination synthétique,generated_supination.csv
24.54,-30.27901373511804,9.787513037305791,10.516177425767308,1,synthetic,Supination synthétique,generated_supination.csv
24.56,-40.89013239416894,12.903886164970848,8.236734006417802,1,synthetic,Supination synthétique,generated_supination.csv
24.58,-50.50772408405217,14.512882610466491,7.762215799150004,1,synthetic,Supination synthétique,generated_supination.csv
24.6,-57.36319819993712,13.018310330553026,7.89362038428594,1,synthetic,Supination synthétique,generated_supination.csv
24.62,-61.64800195795291,11.949870539894528,10.241459870719485,1,synthetic,Supination synthétique,generated_supination.csv
24.64,-63.65975923625662,12.611761774522193,12.942973217839935,1,synthetic,Supination synthétique,generated_supination.csv
24.66,-62.04453325601498,9.674841470427515,16.045921846950467,1,synthetic,Supination synthétique,generated_supination.csv
24.68,-59.11411045810253,7.102050786523231,19.150776604822532,1,synthetic,Supination synthétique,generated_supination.csv
24.7,-55.56333924803272,8.43654874659969,21.742789066451103,1,synthetic,Supination synthétique,generated_supination.csv
24.72,-51.742675940199085,7.449301506458041,22.708620388700126,1,synthetic,Supination synthétique,generated_supination.csv
24.74,-46.27398266737597,5.080518523810769,23.67025951790527,1,synthetic,Supination synthétique,generated_supination.csv
24.76,-41.17998028049742,4.719358922955268,23.44497545233471,1,synthetic,Supination synthétique,generated_supination.csv
24.78,-34.66031796057412,3.6939249516579533,22.730011126488684,1,synthetic,Supination synthétique,generated_supination.csv
24.8,-28.648564013756836,3.8609380868137357,21.78662362372165,1,synthetic,Supination synthétique,generated_supination.csv
24.82,-23.97577916072962,4.2895055661911465,21.039388709838928,1,synthetic,Supination synthétique,generated_supination.csv
24.84,-17.48222164859568,4.143511922195416,19.86080070419767,1,synthetic,Supination synthétique,generated_supination.csv
24.86,-11.759876864278452,4.022568087758866,17.95120224329054,1,synthetic,Supination synthétique,generated_supination.csv
24.88,-6.27701317308375,4.3932979259913605,16.22066427061933,1,synthetic,Supination synthétique,generated_supination.csv
24.9,-1.3601055018178858,3.526023415962665,14.421842943796461,1,synthetic,Supination synthétique,generated_supination.csv
24.92,3.6001368616669955,2.518588392424383,13.114442575698819,1,synthetic,Supination synthétique,generated_supination.csv
24.94,7.724914681472751,2.426672228726259,11.875499826137782,1,synthetic,Supination synthétique,generated_supination.csv
24.96,11.920823332977573,2.820242791138234,10.210566656415649,1,synthetic,Supination synthétique,generated_supination.csv
24.98,14.629178386841968,3.306078493607871,8.188870451705384,1,synthetic,Supination synthétique,generated_supination.csv
25.0,15.962899231923128,2.7603082038619036,7.251835881332017,1,synthetic,Supination synthétique,generated_supination.csv
25.02,16.749120585336406,3.8763692158596763,5.339800206587377,1,synthetic,Supination synthétique,generated_supination.csv
25.04,16.764327820385354,3.877786930395399,3.987498751129603,1,synthetic,Supination synthétique,generated_supination.csv
25.06,13.842223477680522,2.8495301802382973,4.946680253452954,1,synthetic,Supination synthétique,generated_supination.csv
25.08,11.046852631368468,2.9560200483404584,6.237543575999614,1,synthetic,Supination synthétique,generated_supination.csv
25.1,8.888379758978667,1.6718654148813736,7.744381402956508,1,synthetic,Supination synthétique,generated_supination.csv
25.12,6.674556696214076,1.0167593312666243,10.45671797439722,1,synthetic,Supination synthétique,generated_supination.csv
25.14,4.315254757133317,1.0334025896956662,11.752785117005732,1,synthetic,Supination synthétique,generated_supination.csv
25.16,4.542264718474789,0.7050729095223568,12.80346893028061,1,synthetic,Supination synthétique,generated_supination.csv
25.18,6.141900665349964,0.38003646606480146,13.318202425343136,1,synthetic,Supination synthétique,generated_supination.csv
25.2,6.321185608219587,0.22042241264231147,14.01379172386835,1,synthetic,Supination synthétique,generated_supination.csv
25.22,5.620620547794304,0.20843729312513093,13.689038189208802,1,synthetic,Supination synthétique,generated_supination.csv
25.24,5.868074457761439,0.2420029100006229,14.317441018022743,1,synthetic,Supination synthétique,generated_supination.csv
25.26,6.1726353040168735,-0.42580931671673355,14.324216996413336,1,synthetic,Supination synthétique,generated_supination.csv
25.28,6.340485302298286,-0.25316416890242177,14.566633813764664,1,synthetic,Supination synthétique,generated_supination.csv
25.3,6.238011711244956,0.023656120433192762,14.575435519108874,1,synthetic,Supination synthétique,generated_supination.csv
25.32,6.4213516835758355,-0.45788260265021674,15.510850833860893,1,synthetic,Supination synthétique,generated_supination.csv
25.34,6.008748881367696,-0.3764525532637397,15.455160913836595,1,synthetic,Supination synthétique,generated_supination.csv
25.36,6.15483921397541,0.14757529504986466,15.327828444801458,1,synthetic,Supination synthétique,generated_supination.csv
25.38,6.168286293230442,0.30877927638659197,15.615671999639646,1,synthetic,Supination synthétique,generated_supination.csv
25.4,5.939076499440712,-0.22500653147108368,15.388766529008546,1,synthetic,Supination synthétique,generated_supination.csv
25.42,6.442652934484708,-0.18807820222532612,15.17493933827331,1,synthetic,Supination synthétique,generated_supination.csv
25.44,6.264427046006656,0.34776674284798126,15.247577541096039,1,synthetic,Supination synthétique,generated_supination.csv
25.46,6.336306495166912,0.3956478788211489,15.296183502407514,1,synthetic,Supination synthétique,generated_supination.csv
25.48,5.824284854477845,0.2801834280565748,14.611030087666453,1,synthetic,Supination synthétique,generated_supination.csv
25.5,6.0722190732162735,0.8699623207279594,14.081125385736376,1,synthetic,Supination synthétique,generated_supination.csv
25.52,5.13676930573457,1.1305756192102665,14.265193875050766,1,synthetic,Supination synthétique,generated_supination.csv
25.54,5.1119243604768805,1.3245571860970673,15.065348761428963,1,synthetic,Supination synthétique,generated_supination.csv
25.56,3.521361523890553,2.5106522314802096,14.447709782711765,1,synthetic,Supination synthétique,generated_supination.csv
25.58,3.026092038751136,2.4112345172048415,15.209387215756838,1,synthetic,Supination synthétique,generated_supination.csv
25.6,2.1855400756557835,2.5315068644233363,14.879258771547812,1,synthetic,Supination synthétique,generated_supination.csv
25.62,0.00915166188934563,2.782530872883205,15.073982764487415,1,synthetic,Supination synthétique,generated_supination.csv
25.64,-2.2614684821972655,3.4689576306124548,14.452246063913297,1,synthetic,Supination synthétique,generated_supination.csv
25.66,-6.201449173825561,3.1141322478049256,13.297664264610724,1,synthetic,Supination synthétique,generated_supination.csv
25.68,-9.904009487032017,3.235714964521037,12.38312355813408,1,synthetic,Supination synthétique,generated_supination.csv
25.7,-16.244527105598184,4.797223395726748,11.428589184367867,1,synthetic,Supination synthétique,generated_supination.csv
25.72,-24.078629864661686,6.316889688229667,8.734322823785707,1,synthetic,Supination synthétique,generated_supination.csv
25.74,-33.34425698570696,8.87881895267818,6.175430746082497,1,synthetic,Supination synthétique,generated_supination.csv
25.76,-43.34200693934447,12.715161811664284,4.296538017723884,1,synthetic,Supination synthétique,generated_supination.csv
25.78,-51.42924602949654,12.73584686217185,3.4203820222926566,1,synthetic,Supination synthétique,generated_supination.csv
25.8,-57.116250319782814,11.040471330714535,4.08593245381568,1,synthetic,Supination synthétique,generated_supination.csv
25.82,-60.29550985161591,11.13014085188222,5.955081879181832,1,synthetic,Supination synthétique,generated_supination.csv
25.84,-60.518687374715455,10.307591744916387,9.957288864853664,1,synthetic,Supination synthétique,generated_supination.csv
25.86,-58.411506996037375,6.228451865278684,12.427385011960428,1,synthetic,Supination synthétique,generated_supination.csv
25.88,-55.41555562762712,6.538432051781783,15.85429537162762,1,synthetic,Supination synthétique,generated_supination.csv
25.9,-52.35280829743527,7.077977131015201,18.251842907816002,1,synthetic,Supination synthétique,generated_supination.csv
25.92,-48.422734600752506,5.5698149421209955,19.717380044791952,1,synthetic,Supination synthétique,generated_supination.csv
25.94,-43.51650842968182,3.327986822029696,20.6244904802477,1,synthetic,Supination synthétique,generated_supination.csv
25.96,-37.385236004369816,4.483373613325456,21.720187721168973,1,synthetic,Supination synthétique,generated_supination.csv
25.98,-32.404981537129984,3.8771647102135454,20.732650636184555,1,synthetic,Supination synthétique,generated_supination.csv
26.0,-26.756574748782004,4.625788612688604,21.157405631029008,1,synthetic,Supination synthétique,generated_supination.csv
26.02,-20.26556359103358,5.996544805424518,20.05920210072529,1,synthetic,Supination synthétique,generated_supination.csv
26.04,-14.260003555675242,6.754502250606969,18.21215022205487,1,synthetic,Supination synthétique,generated_supination.csv
26.06,-8.135728369911792,7.46613077729215,15.979756931252046,1,synthetic,Supination synthétique,generated_supination.csv
26.08,-1.8336767735687367,6.866657137777674,14.393682458246243,1,synthetic,Supination synthétique,generated_supination.csv
26.1,3.143115318734359,6.800348123777633,12.87108995528469,1,synthetic,Supination synthétique,generated_supination.csv
26.12,8.252797788218725,6.180779620933705,11.937528341690916,1,synthetic,Supination synthétique,generated_supination.csv
26.14,12.166120071262336,5.551070493755051,10.470454089601112,1,synthetic,Supination synthétique,generated_supination.csv
26.16,15.164908664607818,4.615680824957129,10.01783874430613,1,synthetic,Supination synthétique,generated_supination.csv
26.18,16.912451650929324,4.342620253267866,9.18792416508077,1,synthetic,Supination synthétique,generated_supination.csv
26.2,17.301348287849198,4.477956493882438,7.881336821632906,1,synthetic,Supination synthétique,generated_supination.csv
26.22,15.93966017702433,4.108401816962487,6.643740223084196,1,synthetic,Supination synthétique,generated_supination.csv
26.24,14.15782897158507,3.636296327122577,6.3411638486540784,1,synthetic,Supination synthétique,generated_supination.csv
26.26,10.787546061228289,4.04575013412834,6.9380855282086,1,synthetic,Supination synthétique,generated_supination.csv
26.28,8.625639362108068,2.813969731950648,8.400091330339016,1,synthetic,Supination synthétique,generated_supination.csv
26.3,5.842063546197425,2.6057681740078915,10.330907202283749,1,synthetic,Supination synthétique,generated_supination.csv
26.32,4.7495562920451935,1.6234732742259814,12.486964677367773,1,synthetic,Supination synthétique,generated_supination.csv
26.34,5.065742299065706,1.6319554402338587,13.788379231704713,1,synthetic,Supination synthétique,generated_supination.csv
26.36,5.480600500612848,0.6724960299051925,14.088446992731509,1,synthetic,Supination synthétique,generated_supination.csv
26.38,5.250104993570373,0.8190797298193657,14.063776440884695,1,synthetic,Supination synthétique,generated_supination.csv
26.4,6.072805239798905,0.7707799542378236,14.370535847260117,1,synthetic,Supination synthétique,generated_supination.csv
26.42,5.481509578453722,0.5498099618962294,13.610288596950184,1,synthetic,Supination synthétique,generated_supination.csv
26.44,5.791117647057558,0.7152072370020016,13.130161080865648,1,synthetic,Supination synthétique,generated_supination.csv
26.46,6.347539364443217,0.448595552596319,13.49651671303947,1,synthetic,Supination synthétique,generated_supination.csv
26.48,5.403892033819785,0.7591665007412307,11.878483700436965,1,synthetic,Supination synthétique,generated_supination.csv
26.5,5.568381455373122,0.8168316579851895,11.432895159608277,1,synthetic,Supination synthétique,generated_supination.csv
26.52,4.58200634556761,1.380927308694503,10.82206386546465,1,synthetic,Supination synthétique,generated_supination.csv
26.54,4.406349914454311,1.3848265543121527,10.764663413808945,1,synthetic,Supination synthétique,generated_supination.csv
26.56,3.7191293082513632,1.2691342231769958,9.730289790626443,1,synthetic,Supination synthétique,generated_supination.csv
26.58,3.2985447856068295,1.8913937949829849,9.83275829591456,1,synthetic,Supination synthétique,generated_supination.csv
26.6,2.3174873337797166,2.3400120862212233,9.298468915000088,1,synthetic,Supination synthétique,generated_supination.csv
26.62,1.7004418995852406,2.5142590995580663,9.025872594574826,1,synthetic,Supination synthétique,generated_supination.csv
26.64,1.3745240702220578,3.6382661132522247,9.543381834074204,1,synthetic,Supination synthétique,generated_supination.csv
26.66,0.10711841633271424,3.88613857263353,9.700387486777315,1,synthetic,Supination synthétique,generated_supination.csv
26.68,-0.5009960279973542,4.522490631445184,9.583760105133342,1,synthetic,Supination synthétique,generated_supination.csv
26.7,-0.9544775660283067,4.524202578606265,9.949768481055058,1,synthetic,Supination synthétique,generated_supination.csv
26.72,-2.393738894060856,5.007309212281199,10.205259011024125,1,synthetic,Supination synthétique,generated_supination.csv
26.74,-3.7855546111358445,5.723369495154586,10.810845580692815,1,synthetic,Supination synthétique,generated_supination.csv
26.76,-5.572796355514254,5.245030158823723,10.539516260999486,1,synthetic,Supination synthétique,generated_supination.csv
26.78,-7.503604279739527,6.049054003593533,10.01028944434965,1,synthetic,Supination synthétique,generated_supination.csv
26.8,-10.641401222621573,6.551765437286026,8.97489272477232,1,synthetic,Supination synthétique,generated_supination.csv
26.82,-14.544714337542061,7.360319030383731,6.96249463354323,1,synthetic,Supination synthétique,generated_supination.csv
26.84,-20.027170425627176,9.021926090402413,4.825266018053128,1,synthetic,Supination synthétique,generated_supination.csv
26.86,-26.19972346015847,11.226264315882426,1.0325557357187125,1,synthetic,Supination synthétique,generated_supination.csv
26.88,-35.38044882640627,16.130700357421745,-2.3678671952391377,1,synthetic,Supination synthétique,generated_supination.csv
26.9,-45.13100635813124,17.423493735240555,-4.3405996541606315,1,synthetic,Supination synthétique,generated_supination.csv
26.92,-52.16005434857695,16.75795311165591,-5.039188692621258,1,synthetic,Supination synthétique,generated_supination.csv
26.94,-57.7140372978708,16.86850892431705,-4.32581182597449,1,synthetic,Supination synthétique,generated_supination.csv
26.96,-60.98465980288058,15.635088097708783,-0.8718104863364863,1,synthetic,Supination synthétique,generated_supination.csv
26.98,-61.821605620065746,12.086676580778443,2.7703738383919263,1,synthetic,Supination synthétique,generated_supination.csv
27.0,-59.00419205707253,11.39762924456565,8.27337910322717,1,synthetic,Supination synthétique,generated_supination.csv
27.02,-56.68986692565828,11.082166503447933,13.64103414556538,1,synthetic,Supination synthétique,generated_supination.csv
27.04,-53.28261129734582,10.070468272384947,17.73953249668985,1,synthetic,Supination synthétique,generated_supination.csv
27.06,-49.53276460755714,9.613799597894936,21.361433996051595,1,synthetic,Supination synthétique,generated_supination.csv
27.08,-44.05538949612199,8.723331045717254,22.99566505525326,1,synthetic,Supination synthétique,generated_supination.csv
27.1,-38.82810021322716,8.285739839639332,23.366185584511772,1,synthetic,Supination synthétique,generated_supination.csv
27.12,-32.85356611773326,8.6496498192502,23.590070206579327,1,synthetic,Supination synthétique,generated_supination.csv
27.14,-27.73037453127776,7.901173170163641,21.782324451810364,1,synthetic,Supination synthétique,generated_supination.csv
27.16,-22.117847716125375,7.907005813721788,21.095684444537728,1,synthetic,Supination synthétique,generated_supination.csv
27.18,-15.895237087739938,7.245453472894514,18.967874833585416,1,synthetic,Supination synthétique,generated_supination.csv
27.2,-10.419996329607788,7.279078516300611,16.940210399381577,1,synthetic,Supination synthétique,generated_supination.csv
27.22,-4.21332178263302,7.3188968122921185,14.952517473937997,1,synthetic,Supination synthétique,generated_supination.csv
27.24,1.1195043501863258,6.701365594850502,13.061868780672242,1,synthetic,Supination synthétique,generated_supination.csv
27.26,6.739409609720451,6.327392157733523,11.259772035318642,1,synthetic,Supination synthétique,generated_supination.csv
27.28,11.54609981935007,5.4610373059434085,10.025106097908855,1,synthetic,Supination synthétique,generated_supination.csv
27.3,15.766549417597474,5.822489170096329,8.021528549065092,1,synthetic,Supination synthétique,generated_supination.csv
27.32,18.676470384607033,5.586809623070011,8.030291198514655,1,synthetic,Supination synthétique,generated_supination.csv
27.34,20.18862705784751,6.550808614736073,6.880221381277294,1,synthetic,Supination synthétique,generated_supination.csv
27.36,20.94490598992028,6.772636525985782,5.782560799666798,1,synthetic,Supination synthétique,generated_supination.csv
27.38,21.55296124116031,7.960154911735502,4.1625064344451905,1,synthetic,Supination synthétique,generated_supination.csv
27.4,20.317379028352562,7.135928054976504,4.227362406251974,1,synthetic,Supination synthétique,generated_supination.csv
27.42,16.779119194524952,7.135531673197627,5.0679944050605785,1,synthetic,Supination synthétique,generated_supination.csv
27.44,13.486499414387367,5.390072435886945,6.289254994897252,1,synthetic,Supination synthétique,generated_supination.csv
27.46,11.146534497284723,4.168119158470918,8.504613118158879,1,synthetic,Supination synthétique,generated_supination.csv
27.48,7.7397102805392155,3.3139011264239895,9.887061170839297,1,synthetic,Supination synthétique,generated_supination.csv
27.5,5.628462943033491,2.0914255457629394,10.593646882883649,1,synthetic,Supination synthétique,generated_supination.csv
27.52,5.729476511505575,1.4978341550966112,11.341465213102914,1,synthetic,Supination synthétique,generated_supination.csv
27.54,5.317532257397407,1.3839813602560067,10.917888803208417,1,synthetic,Supination synthétique,generated_supination.csv
27.56,5.136329638555214,1.3976460189634612,11.442648562397336,1,synthetic,Supination synthétique,generated_supination.csv
27.58,4.977202109308367,1.1428164813451893,10.262676717199595,1,synthetic,Supination synthétique,generated_supination.csv
27.6,5.423885196405973,0.32135300420089485,10.14116431811811,1,synthetic,Supination synthétique,generated_supination.csv
27.62,5.439232581564622,1.074556394243469,9.815796124303686,1,synthetic,Supination synthétique,generated_supination.csv
27.64,5.212847029813974,0.5123645027389575,8.846403054819374,1,synthetic,Supination synthétique,generated_supination.csv
27.66,5.1634347074257265,1.904514519850641,8.73994105415512,1,synthetic,Supination synthétique,generated_supination.csv
27.68,5.1635444915806366,1.5755572433933585,9.048629977907163,1,synthetic,Supination synthétique,generated_supination.csv
27.7,5.109956889142131,1.5998427377519977,8.502700573413001,1,synthetic,Supination synthétique,generated_supination.csv
27.72,5.295675061495808,2.0707542081116515,9.144550343935578,1,synthetic,Supination synthétique,generated_supination.csv
27.74,5.379887011331922,2.095720517440499,9.352979893704237,1,synthetic,Supination synthétique,generated_supination.csv
27.76,5.611370042921193,1.6916044852809384,9.799467011725792,1,synthetic,Supination synthétique,generated_supination.csv
27.78,5.398209762687834,2.618052312099599,10.461182665735869,1,synthetic,Supination synthétique,generated_supination.csv
27.8,5.593593004487701,2.197109429781558,10.649238691461496,1,synthetic,Supination synthétique,generated_supination.csv
27.82,6.0058435155534315,1.9067938702121747,11.083367765781073,1,synthetic,Supination synthétique,generated_supination.csv
27.84,5.6980699110912,3.0450589418470138,11.800423454444152,1,synthetic,Supination synthétique,generated_supination.csv
27.86,4.942345968067606,3.333128175325345,11.946125938274024,1,synthetic,Supination synthétique,generated_supination.csv
27.88,5.337801542933413,3.6021692017229556,12.349459278796287,1,synthetic,Supination synthétique,generated_supination.csv
27.9,4.080892180779447,3.7548053515592072,12.263160771231247,1,synthetic,Supination synthétique,generated_supination.csv
27.92,4.501943556931216,3.685055514897477,13.041507869981942,1,synthetic,Supination synthétique,generated_supination.csv
27.94,3.0178154160693964,4.553486906662598,13.674861186587806,1,synthetic,Supination synthétique,generated_supination.csv
27.96,1.4952872477480912,5.100880153843896,13.61331776065079,1,synthetic,Supination synthétique,generated_supination.csv
27.98,-0.9375133225339034,4.9743021972801085,13.162737587076526,1,synthetic,Supination synthétique,generated_supination.csv
28.0,-3.806138828439939,5.440252771388036,12.110673955446234,1,synthetic,Supination synthétique,generated_supination.csv
28.02,-7.211877804927583,5.244442361048103,10.659758252880293,1,synthetic,Supination synthétique,generated_supination.csv
28.04,-11.878677565644178,6.748460615721743,9.005671406449002,1,synthetic,Supination synthétique,generated_supination.csv
28.06,-18.157983242004203,8.019190343229528,6.950265496283892,1,synthetic,Supination synthétique,generated_supination.csv
28.08,-25.47573483491542,9.026273329122327,3.516165071239347,1,synthetic,Supination synthétique,generated_supination.csv
28.1,-34.38602051464732,13.243813989882439,0.6023242997886353,1,synthetic,Supination synthétique,generated_supination.csv
28.12,-43.98355089803331,15.906699800208006,-1.9097986575417116,1,synthetic,Supination synthétique,generated_supination.csv
28.14,-52.171335796829474,15.148682594363436,-2.4562987981522815,1,synthetic,Supination synthétique,generated_supination.csv
28.16,-57.95899835989744,14.2546063376644,-2.687257170118409,1,synthetic,Supination synthétique,generated_supination.csv
28.18,-60.44120928265139,14.298739930768388,-0.011343163618473324,1,synthetic,Supination synthétique,generated_supination.csv
28.2,-61.02145229295777,11.231991920633696,3.595357508299291,1,synthetic,Supination synthétique,generated_supination.csv
28.22,-58.58586503537307,8.659627960195714,8.294038657496515,1,synthetic,Supination synthétique,generated_supination.csv
28.24,-55.42622532209166,9.13297042264576,12.64052614221853,1,synthetic,Supination synthétique,generated_supination.csv
28.26,-51.79154136866578,9.680082170737865,15.939298617640716,1,synthetic,Supination synthétique,generated_supination.csv
28.28,-47.509783912817596,8.25047658301121,18.960969370116665,1,synthetic,Supination synthétique,generated_supination.csv
28.3,-42.094198340152886,7.355442455752814,20.980751615612505,1,synthetic,Supination synthétique,generated_supination.csv
28.32,-36.53089980570292,8.030306608316414,21.437824751561937,1,synthetic,Supination synthétique,generated_supination.csv
28.34,-31.2641213890674,8.501642322835066,21.475721716850927,1,synthetic,Supination synthétique,generated_supination.csv
28.36,-25.516946345129206,9.100534579024673,20.821943772589663,1,synthetic,Supination synthétique,generated_supination.csv
28.38,-19.64943723455567,8.936917102686442,20.000694589471,1,synthetic,Supination synthétique,generated_supination.csv
28.4,-13.836166443393667,9.704920126207561,18.404169222898684,1,synthetic,Supination synthétique,generated_supination.csv
28.42,-7.840571534978728,8.807602788026601,15.95733885920057,1,synthetic,Supination synthétique,generated_supination.csv
28.44,-2.0906308556544917,8.155818486468716,14.179223878940832,1,synthetic,Supination synthétique,generated_supination.csv
28.46,3.7136990100067133,7.238624949081357,12.623698591311296,1,synthetic,Supination synthétique,generated_supination.csv
28.48,8.782034335709595,7.033648207776183,10.82456334519783,1,synthetic,Supination synthétique,generated_supination.csv
28.5,13.81273936188912,7.160110633476639,9.448565781761205,1,synthetic,Supination synthétique,generated_supination.csv
28.52,17.1409588676726,7.388050663106591,8.402313513988066,1,synthetic,Supination synthétique,generated_supination.csv
28.54,20.05745031434621,7.76167752606415,6.780232806083001,1,synthetic,Supination synthétique,generated_supination.csv
28.56,21.065935400703225,8.261309368771276,5.306185922876063,1,synthetic,Supination synthétique,generated_supination.csv
28.58,21.253671239921346,9.392430953589672,4.219264787510858,1,synthetic,Supination synthétique,generated_supination.csv
28.6,20.891774165845863,8.96735619137436,5.434722319616125,1,synthetic,Supination synthétique,generated_supination.csv
28.62,16.817513364332186,8.160189233661452,5.6932551666916416,1,synthetic,Supination synthétique,generated_supination.csv
28.64,14.364898149039725,7.61964262574115,7.41623568351298,1,synthetic,Supination synthétique,generated_supination.csv
28.66,11.335889059682996,5.810651752127505,9.144109490277733,1,synthetic,Supination synthétique,generated_supination.csv
28.68,7.434298017760919,3.912216535579073,10.631895852443266,1,synthetic,Supination synthétique,generated_supination.csv
28.7,5.541411290528764,3.983682422049872,11.074631829831999,1,synthetic,Supination synthétique,generated_supination.csv
28.72,5.496472298119514,3.264593659946656,11.34738586013807,1,synthetic,Supination synthétique,generated_supination.csv
28.74,5.574443071039098,3.066219684997417,11.283677855803568,1,synthetic,Supination synthétique,generated_supination.csv
28.76,5.460662787368392,3.8828962388170702,10.262484817610774,1,synthetic,Supination synthétique,generated_supination.csv
28.78,5.55079811266263,3.624609478245162,9.499209881421185,1,synthetic,Supination synthétique,generated_supination.csv
28.8,5.612078743219197,3.3459788369897314,8.691840088147105,1,synthetic,Supination synthétique,generated_supination.csv
28.82,5.236831695412211,3.5885587660907334,8.944757858658742,1,synthetic,Supination synthétique,generated_supination.csv
28.84,5.622707855388899,3.88807573278875,8.116671326067355,1,synthetic,Supination synthétique,generated_supination.csv
28.86,5.188439876430523,3.5603603942935993,8.498618611916188,1,synthetic,Supination synthétique,generated_supination.csv
28.88,5.720124764619914,4.400744436245457,7.9443910405935485,1,synthetic,Supination synthétique,generated_supination.csv
28.9,5.763313942785907,4.311613480931847,7.752202680432787,1,synthetic,Supination synthétique,generated_supination.csv
28.92,5.8973074208368255,5.100212036519094,8.344313374637881,1,synthetic,Supination synthétique,generated_supination.csv
28.94,5.656598298966459,4.356436009552033,8.442649222781201,1,synthetic,Supination synthétique,generated_supination.csv
28.96,6.797969465070294,5.118735227230779,8.916972974294968,1,synthetic,Supination synthétique,generated_supination.csv
28.98,5.983421901395765,4.7842691285612675,9.089861141660213,1,synthetic,Supination synthétique,generated_supination.csv
29.0,6.196062018701361,5.467981457815274,10.080652195701203,1,synthetic,Supination synthétique,generated_supination.csv
29.02,5.987746498663157,5.054470891099117,10.758267940695776,1,synthetic,Supination synthétique,generated_supination.csv
29.04,6.642526173019129,5.752761959608897,10.831452943958306,1,synthetic,Supination synthétique,generated_supination.csv
29.06,6.001335176822458,5.587183324118356,12.110681633845836,1,synthetic,Supination synthétique,generated_supination.csv
29.08,6.2464047799417,5.711152374634649,12.012829840794302,1,synthetic,Supination synthétique,generated_supination.csv
29.1,5.249178425031021,6.206499166680863,12.912953283668148,1,synthetic,Supination synthétique,generated_supination.csv
29.12,5.021812625340962,6.711457040210498,13.026943866539701,1,synthetic,Supination synthétique,generated_supination.csv
29.14,3.8741736760153085,6.990409275637858,13.488296534326036,1,synthetic,Supination synthétique,generated_supination.csv
29.16,2.996758067720121,7.6115785919672385,14.969029830794458,1,synthetic,Supination synthétique,generated_supination.csv
29.18,0.8579981643004515,7.582280554437528,14.639085610087232,1,synthetic,Supination synthétique,generated_supination.csv
29.2,-1.745721297717237,6.7369864092844525,13.896585833343972,1,synthetic,Supination synthétique,generated_supination.csv
29.22,-4.848656187797616,7.758940672136186,11.82014278784227,1,synthetic,Supination synthétique,generated_supination.csv
29.24,-10.035793601001892,8.140434466378428,10.668188712275157,1,synthetic,Supination synthétique,generated_supination.csv
29.26,-16.213806257827905,9.881032035268579,8.781568889823498,1,synthetic,Supination synthétique,generated_supination.csv
29.28,-23.96258470619151,11.948072943609874,6.457061393988821,1,synthetic,Supination synthétique,generated_supination.csv
29.3,-34.269952003812485,14.541697243809907,4.290743396977898,1,synthetic,Supination synthétique,generated_supination.csv
29.32,-42.2804199671107,16.02085601445329,2.856701274514206,1,synthetic,Supination synthétique,generated_supination.csv
29.34,-48.152077956779905,15.57122042039381,3.59868633973553,1,synthetic,Supination synthétique,generated_supination.csv
29.36,-51.86065078800022,14.91232095134707,5.125539371321679,1,synthetic,Supination synthétique,generated_supination.csv
29.38,-53.59121409883901,15.158625611019245,8.211873781554445,1,synthetic,Supination synthétique,generated_supination.csv
29.4,-52.705678393090686,12.698136440929234,12.34979927974385,1,synthetic,Supination synthétique,generated_supination.csv
29.42,-50.47466835066033,11.606494104500166,15.67141511133328,1,synthetic,Supination synthétique,generated_supination.csv
29.44,-48.4961368401668,12.202746795261477,18.58237020970357,1,synthetic,Supination synthétique,generated_supination.csv
29.46,-45.57452031065835,11.067312235490991,20.27502962647848,1,synthetic,Supination synthétique,generated_supination.csv
29.48,-40.86985335037438,10.101635983534484,21.50357281521469,1,synthetic,Supination synthétique,generated_supination.csv
29.5,-35.95374979634149,9.05485123388496,22.040367293791824,1,synthetic,Supination synthétique,generated_supination.csv
29.52,-31.169764441103887,9.376087483674974,21.436055129894903,1,synthetic,Supination synthétique,generated_supination.csv
29.54,-25.957553328521897,9.968675362109225,20.579830040190153,1,synthetic,Supination synthétique,generated_supination.csv
29.56,-20.353436205452148,10.374921393137393,18.716957566419826,1,synthetic,Supination synthétique,generated_supination.csv
29.58,-14.317689247162175,10.047088981016609,17.396970104810666,1,synthetic,Supination synthétique,generated_supination.csv
29.6,-8.59608889991943,9.644800362093925,15.844236724612811,1,synthetic,Supination synthétique,generated_supination.csv
29.62,-3.1537633353430587,8.99077020689662,13.455119431814076,1,synthetic,Supination synthétique,generated_supination.csv
29.64,2.3192556197150003,7.767361751131854,12.051993357633204,1,synthetic,Supination synthétique,generated_supination.csv
29.66,6.557279148404636,6.92521220660389,10.896114621606298,1,synthetic,Supination synthétique,generated_supination.csv
29.68,10.83803444110275,6.119011595764821,11.045397631449159,1,synthetic,Supination synthétique,generated_supination.csv
29.7,14.17538294917478,4.254177795508905,10.27322939375548,1,synthetic,Supination synthétique,generated_supination.csv
29.72,16.99339196753287,4.345441966881715,9.810808661521946,1,synthetic,Supination synthétique,generated_supination.csv
29.74,16.94469512310534,6.366252429872226,9.365864957305632,1,synthetic,Supination synthétique,generated_supination.csv
29.76,18.019615107126825,7.05680259730546,8.287210174121334,1,synthetic,Supination synthétique,generated_supination.csv
29.78,17.917081446473127,8.73429841827321,7.579857196005992,1,synthetic,Supination synthétique,generated_supination.csv
29.8,15.024120435057217,7.836327347437858,8.085326793653376,1,synthetic,Supination synthétique,generated_supination.csv
29.82,12.184253817340869,7.733147843901198,8.864946357625545,1,synthetic,Supination synthétique,generated_supination.csv
29.84,9.932628414926022,6.473734051296703,10.060221866885755,1,synthetic,Supination synthétique,generated_supination.csv
29.86,7.375062101633935,4.504842476162932,11.654188295986039,1,synthetic,Supination synthétique,generated_supination.csv
29.88,4.449242001514879,3.5194893569101313,12.351000906312002,1,synthetic,Supination synthétique,generated_supination.csv
29.9,4.8852256639143805,3.4095261645856927,12.13273536618684,1,synthetic,Supination synthétique,generated_supination.csv
29.92,5.53067902920006,3.6132758149859328,11.593138164288588,1,synthetic,Supination synthétique,generated_supination.csv
29.94,5.246701334649356,4.069226976956562,10.617816003588901,1,synthetic,Supination synthétique,generated_supination.csv
29.96,5.3915472426111455,4.121597532063478,9.664013825483881,1,synthetic,Supination synthétique,generated_supination.csv
29.98,5.151060009525857,3.82738177181171,8.911253211967217,1,synthetic,Supination synthétique,generated_supination.csv
30.0,5.376381300543238,4.057585863967918,7.793193575196356,1,synthetic,Supination synthétique,generated_supination.csv
30.02,5.596644669650146,4.488199129900318,6.642006140985369,1,synthetic,Supination synthétique,generated_supination.csv
30.04,5.366953391547973,4.75882055837713,6.164698762188671,1,synthetic,Supination synthétique,generated_supination.csv
30.06,5.121973487175589,5.130954912881955,5.532378272877236,1,synthetic,Supination synthétique,generated_supination.csv
30.08,4.487249836562548,5.180757316108051,5.020827551887876,1,synthetic,Supination synthétique,generated_supination.csv
30.1,5.332242202477503,5.795248288740526,5.619177518206667,1,synthetic,Supination synthétique,generated_supination.csv
30.12,5.349914469450682,5.8294441051261785,5.534555376355579,1,synthetic,Supination synthétique,generated_supination.csv
30.14,4.98651338613753,6.109899828142891,6.095200876971483,1,synthetic,Supination synthétique,generated_supination.csv
30.16,4.923469279211792,6.147692750755622,6.958092939092388,1,synthetic,Supination synthétique,generated_supination.csv
30.18,5.238103308766228,6.465970389223073,8.42003366555251,1,synthetic,Supination synthétique,generated_supination.csv
30.2,4.813421941184618,6.04341050590363,8.958640693990882,1,synthetic,Supination synthétique,generated_supination.csv
30.22,5.133793970780695,7.004506576397682,10.180341609864188,1,synthetic,Supination synthétique,generated_supination.csv
30.24,4.408098878888673,6.848644092194647,10.60125089698205,1,synthetic,Supination synthétique,generated_supination.csv
30.26,4.039735870273742,7.179639274562699,11.192972880328789,1,synthetic,Supination synthétique,generated_supination.csv
30.28,3.746419155277588,7.577889785557113,12.174216155708612,1,synthetic,Supination synthétique,generated_supination.csv
30.3,2.535985342504726,8.070054088691744,12.756775367958385,1,synthetic,Supination synthétique,generated_supination.csv
30.32,1.9652527935783222,8.267166954807928,12.984173561799707,1,synthetic,Supination synthétique,generated_supination.csv
30.34,0.8336179014601522,8.305265480371586,12.72502463991968,1,synthetic,Supination synthétique,generated_supination.csv
30.36,-1.264796473512564,8.307869782790613,12.60581294516068,1,synthetic,Supination synthétique,generated_supination.csv
30.38,-2.716911046578905,7.972470204288451,11.676661857416947,1,synthetic,Supination synthétique,generated_supination.csv
30.4,-5.923281317256039,8.782649508808598,10.736879174199471,1,synthetic,Supination synthétique,generated_supination.csv
30.42,-9.207501791342224,9.19821101547721,9.17641449496839,1,synthetic,Supination synthétique,generated_supination.csv
30.44,-14.059499523939976,10.291658037812832,7.512937834088862,1,synthetic,Supination synthétique,generated_supination.csv
30.46,-20.50592196815,12.518718380876624,5.148148747896506,1,synthetic,Supination synthétique,generated_supination.csv
30.48,-28.55540964537315,13.655306983266389,2.233852474814327,1,synthetic,Supination synthétique,generated_supination.csv
30.5,-37.78364171019038,17.33688210676387,0.19233602533159316,1,synthetic,Supination synthétique,generated_supination.csv
30.52,-44.84831619375887,18.263216549047236,-1.2941049734659602,1,synthetic,Supination synthétique,generated_supination.csv
30.54,-49.65328382627655,17.109309133979355,0.13900813829148095,1,synthetic,Supination synthétique,generated_supination.csv
30.56,-52.467754728283346,16.89567201841102,1.791349423571262,1,synthetic,Supination synthétique,generated_supination.csv
30.58,-54.126017461326434,15.270740660078935,5.760770443615418,1,synthetic,Supination synthétique,generated_supination.csv
30.6,-53.4017517252251,12.809590132863189,9.440733918062977,1,synthetic,Supination synthétique,generated_supination.csv
30.62,-50.681379416091545,12.123122138595608,14.101120346878567,1,synthetic,Supination synthétique,generated_supination.csv
30.64,-49.10865725754415,11.59830344496547,17.668518470726237,1,synthetic,Supination synthétique,generated_supination.csv
30.66,-46.006177052590495,11.012680381409464,19.787310275526742,1,synthetic,Supination synthétique,generated_supination.csv
30.68,-40.951992076063924,8.754233691860332,21.251991177895654,1,synthetic,Supination synthétique,generated_supination.csv
30.7,-35.99503692994083,7.587829925579417,21.5111150262385,1,synthetic,Supination synthétique,generated_supination.csv
30.72,-31.603956075496033,7.4672147277047385,21.894775458060412,1,synthetic,Supination synthétique,generated_supination.csv
30.74,-26.269530214686494,7.269005492145157,21.044171797286975,1,synthetic,Supination synthétique,generated_supination.csv
30.76,-20.566150098230356,7.036061032246161,20.3596429234553,1,synthetic,Supination synthétique,generated_supination.csv
30.78,-15.252115203437311,6.366913742609472,18.688306708196958,1,synthetic,Supination synthétique,generated_supination.csv
30.8,-9.417650975908332,5.996006858751209,16.502694548841212,1,synthetic,Supination synthétique,generated_supination.csv
30.82,-4.188345664147759,4.845141475387197,15.640439720013825,1,synthetic,Supination synthétique,generated_supination.csv
30.84,0.7585146584530592,3.9734147395885726,14.621981992876353,1,synthetic,Supination synthétique,generated_supination.csv
30.86,5.399807235185644,2.633971886907966,12.859108440336117,1,synthetic,Supination synthétique,generated_supination.csv
30.88,9.772506809772944,2.1819793266243734,12.0807040023655,1,synthetic,Supination synthétique,generated_supination.csv
30.9,13.208484879316632,2.8617013577731405,11.577359206677732,1,synthetic,Supination synthétique,generated_supination.csv
30.92,15.19606188343237,3.4430046199321938,10.636555731368833,1,synthetic,Supination synthétique,generated_supination.csv
30.94,16.00513262357763,4.067500096719126,8.727481212942177,1,synthetic,Supination synthétique,generated_supination.csv
30.96,17.198967003808917,4.518722514538771,9.388226245626573,1,synthetic,Supination synthétique,generated_supination.csv
30.98,15.377328817797283,2.9852615603143002,9.883403883519195,1,synthetic,Supination synthétique,generated_supination.csv
31.0,12.674538247919427,3.1080414868333586,9.673901555976272,1,synthetic,Supination synthétique,generated_supination.csv
31.02,10.809535147126004,1.1954288626976932,9.445642351912676,1,synthetic,Supination synthétique,generated_supination.csv
31.04,8.102630592442443,0.5760147687175746,11.415638533761618,1,synthetic,Supination synthétique,generated_supination.csv
31.06,6.0540875026638,-1.0284666327919707,12.184755006513184,1,synthetic,Supination synthétique,generated_supination.csv
31.08,5.419395980649462,-0.04904611464325548,10.92158373991032,1,synthetic,Supination synthétique,generated_supination.csv
31.1,5.852891139085772,-0.40742102366926297,10.728189970960917,1,synthetic,Supination synthétique,generated_supination.csv
31.12,6.604055037887865,-0.7964851289260285,10.153322517831864,1,synthetic,Supination synthétique,generated_supination.csv
31.14,6.377896121781116,-0.19749856981163344,9.841411587404371,1,synthetic,Supination synthétique,generated_supination.csv
31.16,5.47661941551869,-0.12906737794568351,8.816451690377948,1,synthetic,Supination synthétique,generated_supination.csv
31.18,6.0429453517642076,-0.41887063315240114,9.666516737445217,1,synthetic,Supination synthétique,generated_supination.csv
31.2,5.646990218324174,-0.48903185166701546,8.959731924517627,1,synthetic,Supination synthétique,generated_supination.csv
31.22,6.003939135270129,0.5295774066075694,7.945404842471295,1,synthetic,Supination synthétique,generated_supination.csv
31.24,5.63707745113294,0.46573456230183446,7.832168501744012,1,synthetic,Supination synthétique,generated_supination.csv
31.26,5.4796948690445575,0.2746385564104412,8.283291860975876,1,synthetic,Supination synthétique,generated_supination.csv
31.28,5.5422024703138115,0.3130055445482705,8.033551264839149,1,synthetic,Supination synthétique,generated_supination.csv
31.3,5.5639412225258145,0.6510581943476522,7.844256012742695,1,synthetic,Supination synthétique,generated_supination.csv
31.32,5.476491285467248,0.7325973607975911,8.179299599250871,1,synthetic,Supination synthétique,generated_supination.csv
31.34,5.386395867689713,1.1835108414856017,8.76617807683709,1,synthetic,Supination synthétique,generated_supination.csv
31.36,5.426983075769373,0.6135401925229678,8.59757098140738,1,synthetic,Supination synthétique,generated_supination.csv
31.38,5.537149341539207,0.9650427666519237,8.394774350217494,1,synthetic,Supination synthétique,generated_supination.csv
31.4,4.978687603195472,0.88444070131606,9.373413540238229,1,synthetic,Supination synthétique,generated_supination.csv
31.42,4.966807628169187,1.7410497818912793,9.631918272035971,1,synthetic,Supination synthétique,generated_supination.csv
31.44,4.496128828471014,2.240264654254193,10.428998785320289,1,synthetic,Supination synthétique,generated_supination.csv
31.46,3.719151437662429,2.051031902497137,11.41847723233038,1,synthetic,Supination synthétique,generated_supination.csv
31.48,3.2117118411062817,2.656683063241854,11.723613987972938,1,synthetic,Supination synthétique,generated_supination.csv
31.5,1.525162496421514,3.208803326663251,11.706991506568823,1,synthetic,Supination synthétique,generated_supination.csv
31.52,0.458111552246985,2.920489968384875,11.902336681868224,1,synthetic,Supination synthétique,generated_supination.csv
31.54,-1.3469651429866039,2.8913652097617617,11.214345292913112,1,synthetic,Supination synthétique,generated_supination.csv
31.56,-3.103402702442399,3.704149211066861,10.801612815084534,1,synthetic,Supination synthétique,generated_supination.csv
31.58,-6.145163539935222,3.9083868085167373,9.468211674332233,1,synthetic,Supination synthétique,generated_supination.csv
31.6,-9.573649503040457,4.514423674986458,8.114580832483025,1,synthetic,Supination synthétique,generated_supination.csv
31.62,-14.014545151565809,6.533790322544205,6.001727412929257,1,synthetic,Supination synthétique,generated_supination.csv
31.64,-20.597952810844408,7.952687623373909,4.3371877748778385,1,synthetic,Supination synthétique,generated_supination.csv
31.66,-27.78963652864785,9.549020924503294,1.996099259802422,1,synthetic,Supination synthétique,generated_supination.csv
31.68,-36.42608929927922,13.351421614410164,0.14873322376569037,1,synthetic,Supination synthétique,generated_supination.csv
31.7,-42.95123579870718,14.707085677589616,-0.7000192098025867,1,synthetic,Supination synthétique,generated_supination.csv
31.72,-46.981207305052344,15.06458831815705,0.8485993557414605,1,synthetic,Supination synthétique,generated_supination.csv
31.74,-49.571504532194986,14.722972231788045,2.8321681926043287,1,synthetic,Supination synthétique,generated_supination.csv
31.76,-50.55010370854135,14.987056643188435,7.94788293191875,1,synthetic,Supination synthétique,generated_supination.csv
31.78,-48.914242533343256,13.882493014559069,11.591481108964821,1,synthetic,Supination synthétique,generated_supination.csv
31.8,-47.487579804406536,13.247529642040837,16.300108539508113,1,synthetic,Supination synthétique,generated_supination.csv
31.82,-46.29797593101497,12.916333891726072,19.252874463310246,1,synthetic,Supination synthétique,generated_supination.csv
31.84,-43.36405862115486,12.89103139091538,21.345289014420647,1,synthetic,Supination synthétique,generated_supination.csv
31.86,-38.5120102730363,11.760490194392956,22.87729097749012,1,synthetic,Supination synthétique,generated_supination.csv
31.88,-33.62736511302229,11.851524747887279,23.20899334040876,1,synthetic,Supination synthétique,generated_supination.csv
31.9,-29.253556683720916,12.45243644410749,23.17437411895632,1,synthetic,Supination synthétique,generated_supination.csv
31.92,-24.501573489323352,11.969536309797066,22.35475153833237,1,synthetic,Supination synthétique,generated_supination.csv
31.94,-19.155099450569097,12.23407903875154,21.649325020904723,1,synthetic,Supination synthétique,generated_supination.csv
31.96,-14.003631852263753,12.21958046000002,20.337798599793945,1,synthetic,Supination synthétique,generated_supination.csv
31.98,-9.000424715335605,11.925171808232056,19.789437764311074,1,synthetic,Supination synthétique,generated_supination.csv
32.0,-4.669899083804593,11.208306102122917,17.44216166262289,1,synthetic,Supination synthétique,generated_supination.csv
32.02,-1.3190972010512736,10.612989094441046,16.11372151881875,1,synthetic,Supination synthétique,generated_supination.csv
32.04,2.9746297423672994,10.02196729377375,15.43885567368968,1,synthetic,Supination synthétique,generated_supination.csv
32.06,6.919090124525955,8.093526765608994,15.276824798754841,1,synthetic,Supination synthétique,generated_supination.csv
32.08,9.672988915240344,6.686541874072029,13.949418823027928,1,synthetic,Supination synthétique,generated_supination.csv
32.1,11.543469451015085,5.248498298376971,13.748278401945702,1,synthetic,Supination synthétique,generated_supination.csv
32.12,14.164022899342033,4.9685598264256985,14.154702833164256,1,synthetic,Supination synthétique,generated_supination.csv
32.14,14.905565232758724,4.406776035906345,13.859174846801539,1,synthetic,Supination synthétique,generated_supination.csv
32.160000000000004,16.32348155351269,3.6611034160559957,12.427487985875752,1,synthetic,Supination synthétique,generated_supination.csv
32.18,13.84065799355247,3.571148668671162,11.852045765984107,1,synthetic,Supination synthétique,generated_supination.csv
32.2,10.878930519621292,3.939792192351446,12.423470104600844,1,synthetic,Supination synthétique,generated_supination.csv
32.22,9.635837718112256,4.082696428839422,13.148844425331966,1,synthetic,Supination synthétique,generated_supination.csv
32.24,7.084156081300632,3.677886147625833,13.092217541383214,1,synthetic,Supination synthétique,generated_supination.csv
32.26,5.699487044371717,2.626123762865048,14.295951895509784,1,synthetic,Supination synthétique,generated_supination.csv
32.28,5.736688658272887,2.596247216378371,14.241493675960957,1,synthetic,Supination synthétique,generated_supination.csv
32.3,5.8787254322586815,2.706387171778049,13.218595370315617,1,synthetic,Supination synthétique,generated_supination.csv
32.32,6.382198919466402,2.5672956351980982,12.597771453735705,1,synthetic,Supination synthétique,generated_supination.csv
32.34,6.007771584616289,3.498945184323729,11.737860151085854,1,synthetic,Supination synthétique,generated_supination.csv
32.36,6.663630824082859,3.3596994381423264,10.65772794702598,1,synthetic,Supination synthétique,generated_supination.csv
32.38,6.113540582420139,3.3669343515299333,9.391662913555523,1,synthetic,Supination synthétique,generated_supination.csv
32.4,5.7451479176671985,3.7947229175469492,8.980433039184755,1,synthetic,Supination synthétique,generated_supination.csv
32.42,5.358282742959127,3.7097347788447452,8.851691286405813,1,synthetic,Supination synthétique,generated_supination.csv
32.44,6.195555125465927,4.369477121149384,8.36341260190353,1,synthetic,Supination synthétique,generated_supination.csv
32.46,5.960039388317174,4.817635887395785,8.141332121619618,1,synthetic,Supination synthétique,generated_supination.csv
32.480000000000004,5.064323454096116,4.219328748459538,8.611467197220332,1,synthetic,Supination synthétique,generated_supination.csv
32.5,5.677310418171471,5.028504915909037,8.764797813487506,1,synthetic,Supination synthétique,generated_supination.csv
32.52,5.1091195704247285,5.394663863447967,8.896522122060036,1,synthetic,Supination synthétique,generated_supination.csv
32.54,4.789220950237717,4.948886672320397,9.039303618465473,1,synthetic,Supination synthétique,generated_supination.csv
32.56,4.624811756435772,4.5991031402489835,9.959018796579011,1,synthetic,Supination synthétique,generated_supination.csv
32.58,4.283448673992261,4.810247866529911,10.946911135188847,1,synthetic,Supination synthétique,generated_supination.csv
32.6,4.416849757335223,5.112818737196522,10.487267871961746,1,synthetic,Supination synthétique,generated_supination.csv
32.62,3.631668486096379,4.995357316045386,10.829520617619284,1,synthetic,Supination synthétique,generated_supination.csv
32.64,2.5206107414003953,5.208450622109268,11.536120976540026,1,synthetic,Supination synthétique,generated_supination.csv
32.660000000000004,2.970918401265735,5.6764884798240995,11.891199637058069,1,synthetic,Supination synthétique,generated_supination.csv
32.68,1.8404200747001815,5.8304374485098975,12.039653771895793,1,synthetic,Supination synthétique,generated_supination.csv
32.7,0.37870659477570207,6.114357691809039,12.172171392529863,1,synthetic,Supination synthétique,generated_supination.csv
32.72,-0.5779789818723391,5.548382174499911,12.691881710109463,1,synthetic,Supination synthétique,generated_supination.csv
32.74,-2.088878379117644,6.359710344632737,12.46905157788988,1,synthetic,Supination synthétique,generated_supination.csv
32.76,-3.6706148875247044,5.942180686645837,12.238227516207711,1,synthetic,Supination synthétique,generated_supination.csv
32.78,-5.998781882882876,5.794676174520158,11.409418254952694,1,synthetic,Supination synthétique,generated_supination.csv
32.8,-9.42702612557891,5.466867145948111,10.24578390198329,1,synthetic,Supination synthétique,generated_supination.csv
32.82,-14.164606957884105,6.9337341922752,9.587601966817331,1,synthetic,Supination synthétique,generated_supination.csv
32.84,-20.047761563062146,7.735226036416914,7.706923133973799,1,synthetic,Supination synthétique,generated_supination.csv
32.86,-27.087241651783284,10.619896731543156,6.026576287639202,1,synthetic,Supination synthétique,generated_supination.csv
32.88,-35.73292309843248,14.012364604431104,4.180779547068803,1,synthetic,Supination synthétique,generated_supination.csv
32.9,-42.495107656973225,16.09474746363399,4.428022143225176,1,synthetic,Supination synthétique,generated_supination.csv
32.92,-48.51183755197068,16.876536631805166,5.283386093273993,1,synthetic,Supination synthétique,generated_supination.csv
32.94,-51.63662714781972,18.46856840716617,7.290337142749737,1,synthetic,Supination synthétique,generated_supination.csv
32.96,-53.88549341977792,19.175843564208282,11.144682239340234,1,synthetic,Supination synthétique,generated_supination.csv
32.980000000000004,-54.27303792319901,17.272380740053936,15.645082980221646,1,synthetic,Supination synthétique,generated_supination.csv
33.0,-52.5744620864623,15.785200600968738,19.494349805365996,1,synthetic,Supination synthétique,generated_supination.csv
33.02,-51.94334874529657,15.30129764052806,22.380017614709697,1,synthetic,Supination synthétique,generated_supination.csv
33.04,-50.73875583802522,13.41440921491774,23.401475852098272,1,synthetic,Supination synthétique,generated_supination.csv
33.06,-47.340441506441366,10.882103917681828,23.858855973325696,1,synthetic,Supination synthétique,generated_supination.csv
33.08,-42.65813868117785,9.050917498790245,23.15458286827745,1,synthetic,Supination synthétique,generated_supination.csv
33.1,-39.07224297760352,8.30899242066383,23.06311211677298,1,synthetic,Supination synthétique,generated_supination.csv
33.12,-33.76122480475633,8.292511311418146,22.14645470239043,1,synthetic,Supination synthétique,generated_supination.csv
33.14,-28.605056189805378,7.87349398108174,22.790705275046854,1,synthetic,Supination synthétique,generated_supination.csv
33.160000000000004,-23.424159815883723,8.59629334764813,22.071082983071733,1,synthetic,Supination synthétique,generated_supination.csv
33.18,-17.59421450529467,8.720093460058044,20.899606244001486,1,synthetic,Supination synthétique,generated_supination.csv
33.2,-11.832790056167132,9.268155883422377,19.63308769817077,1,synthetic,Supination synthétique,generated_supination.csv
33.22,-6.515486801393797,9.545488325972213,18.159744986547647,1,synthetic,Supination synthétique,generated_supination.csv
33.24,-1.377974802348202,9.656329868263756,16.046169179586485,1,synthetic,Supination synthétique,generated_supination.csv
33.26,3.886021951184249,9.240557722985798,13.692167350941636,1,synthetic,Supination synthétique,generated_supination.csv
33.28,8.369813322799029,8.761778973738894,12.762512901139319,1,synthetic,Supination synthétique,generated_supination.csv
33.3,11.342949451455675,7.732648230480248,11.06397668891695,1,synthetic,Supination synthétique,generated_supination.csv
33.32,14.106108292973008,7.0452120714439825,11.142380540156053,1,synthetic,Supination synthétique,generated_supination.csv
33.34,15.688720275568718,6.01694208987165,10.757483317778997,1,synthetic,Supination synthétique,generated_supination.csv
33.36,17.28876129155084,6.520258061978127,10.629147606125557,1,synthetic,Supination synthétique,generated_supination.csv
33.38,16.495941733599363,7.545031245966145,10.501672805005736,1,synthetic,Supination synthétique,generated_supination.csv
33.4,14.622188943513313,7.9571915653975545,9.991751480656438,1,synthetic,Supination synthétique,generated_supination.csv
33.42,12.28760827226386,9.175670231348793,9.783452315619222,1,synthetic,Supination synthétique,generated_supination.csv
33.44,10.268082972246898,9.189371936709348,10.54121881615166,1,synthetic,Supination synthétique,generated_supination.csv
33.46,7.686278242771053,9.759807928353617,11.190314239956095,1,synthetic,Supination synthétique,generated_supination.csv
33.480000000000004,5.69958103300569,8.812060851424885,11.831258561921796,1,synthetic,Supination synthétique,generated_supination.csv
33.5,6.092646568585661,8.889665970323435,11.925473456808398,1,synthetic,Supination synthétique,generated_supination.csv
33.52,6.182865441921096,8.309433464146522,13.157861797214611,1,synthetic,Supination synthétique,generated_supination.csv
33.54,6.032804163478274,8.600264970255173,13.309256266956954,1,synthetic,Supination synthétique,generated_supination.csv
33.56,6.476372342980476,8.308671883090774,12.92146328630607,1,synthetic,Supination synthétique,generated_supination.csv
33.58,6.705198248808159,8.294157188267462,12.040182603869063,1,synthetic,Supination synthétique,generated_supination.csv
33.6,6.5744844363704145,8.284461279609845,11.850202593785474,1,synthetic,Supination synthétique,generated_supination.csv
33.62,6.88115370819368,8.941217252150357,11.655632505676712,1,synthetic,Supination synthétique,generated_supination.csv
33.64,6.285659696422682,8.881967518274626,10.90490586570534,1,synthetic,Supination synthétique,generated_supination.csv
33.660000000000004,6.457020637257865,9.564242803255793,11.13311615306664,1,synthetic,Supination synthétique,generated_supination.csv
33.68,5.9152189968656685,9.974117039752757,10.554412648735907,1,synthetic,Supination synthétique,generated_supination.csv
33.7,6.160294266174842,8.966261239344108,10.710158112084832,1,synthetic,Supination synthétique,generated_supination.csv
33.72,5.906186342000206,9.323378832897376,10.937143742760144,1,synthetic,Supination synthétique,generated_supination.csv
33.74,6.414236925279154,9.858970152334766,11.919818933533396,1,synthetic,Supination synthétique,generated_supination.csv
33.76,6.1857558296569195,10.164798958751497,11.532987380785029,1,synthetic,Supination synthétique,generated_supination.csv
33.78,6.080164458188108,9.910211063784795,11.865983116229575,1,synthetic,Supination synthétique,generated_supination.csv
33.8,6.41385078643636,9.94379139350464,12.677415950334202,1,synthetic,Supination synthétique,generated_supination.csv
33.82,6.27865206297975,10.043553515338598,12.694882688024698,1,synthetic,Supination synthétique,generated_supination.csv
33.84,5.981074121708058,10.117772951366454,13.23046521930253,1,synthetic,Supination synthétique,generated_supination.csv
33.86,5.476985283046573,10.528892128456851,12.79513812906566,1,synthetic,Supination synthétique,generated_supination.csv
33.88,5.038117705684611,10.32393119714365,13.823026410559658,1,synthetic,Supination synthétique,generated_supination.csv
33.9,5.118037553881894,9.880107211911115,13.95510145359311,1,synthetic,Supination synthétique,generated_supination.csv
33.92,4.460278276168312,10.19855039326581,13.783280807859327,1,synthetic,Supination synthétique,generated_supination.csv
33.94,3.5779785740525183,10.452162140945852,14.7517931962346,1,synthetic,Supination synthétique,generated_supination.csv
33.96,2.479033008437662,10.12942981248099,14.366972207495046,1,synthetic,Supination synthétique,generated_supination.csv
33.980000000000004,0.38041591182622364,10.216692590542598,14.343736143829876,1,synthetic,Supination synthétique,generated_supination.csv
34.0,-1.1800186516133686,10.029417176924273,13.83113947611306,1,synthetic,Supination synthétique,generated_supination.csv
34.02,-5.553222822573143,10.003693771498364,13.35655400824569,1,synthetic,Supination synthétique,generated_supination.csv
34.04,-10.567337714684367,10.901784700763496,12.996685041012645,1,synthetic,Supination synthétique,generated_supination.csv
34.06,-17.08035342297729,11.546816936621434,11.851968483253355,1,synthetic,Supination synthétique,generated_supination.csv
34.08,-26.574317137890375,12.838626302443883,11.27874001234487,1,synthetic,Supination synthétique,generated_supination.csv
34.1,-35.97591747511956,15.457875461469134,10.186809107057883,1,synthetic,Supination synthétique,generated_supination.csv
34.12,-45.02836357963451,16.717547527865296,9.802235037007138,1,synthetic,Supination synthétique,generated_supination.csv
34.14,-51.64170595851596,16.325740388666947,10.654700471428145,1,synthetic,Supination synthétique,generated_supination.csv
34.160000000000004,-55.65850473508168,15.774433537704022,13.217548715655411,1,synthetic,Supination synthétique,generated_supination.csv
34.18,-57.41877357472968,16.3231573083589,16.06277358216584,1,synthetic,Supination synthétique,generated_supination.csv
34.2,-57.32389922470818,14.165836723116941,19.87966771107716,1,synthetic,Supination synthétique,generated_supination.csv
34.22,-54.06628138946528,12.708523400633638,22.360267403446592,1,synthetic,Supination synthétique,generated_supination.csv
34.24,-51.87078575698554,14.424826371741009,23.598063157109465,1,synthetic,Supination synthétique,generated_supination.csv
34.26,-48.95735070783042,13.032487556694848,24.054490746234404,1,synthetic,Supination synthétique,generated_supination.csv
34.28,-44.02972952222,10.828221964978454,24.060721009517756,1,synthetic,Supination synthétique,generated_supination.csv
34.300000000000004,-37.70662898587528,9.923971125775758,23.486434915690047,1,synthetic,Supination synthétique,generated_supination.csv
34.32,-31.88504872296663,10.043999780847042,21.62216458799013,1,synthetic,Supination synthétique,generated_supination.csv
34.34,-27.161131370286018,8.230890606318985,20.79577626754549,1,synthetic,Supination synthétique,generated_supination.csv
34.36,-21.070487788688144,8.207395100320673,19.258145204401835,1,synthetic,Supination synthétique,generated_supination.csv
34.38,-15.484873413818335,8.827205729753118,17.44344770937212,1,synthetic,Supination synthétique,generated_supination.csv
34.4,-9.032117204100194,8.73940962469832,16.303099766007108,1,synthetic,Supination synthétique,generated_supination.csv
34.42,-3.4770068170844155,7.791250544239485,14.25549469333746,1,synthetic,Supination synthétique,generated_supination.csv
34.44,2.458221132543325,7.831551707256954,12.622428195612509,1,synthetic,Supination synthétique,generated_supination.csv
34.46,6.5076527322400795,7.042388888545343,11.355576932389413,1,synthetic,Supination synthétique,generated_supination.csv
34.480000000000004,10.813596911387986,6.481913257057168,10.024452170261322,1,synthetic,Supination synthétique,generated_supination.csv
34.5,14.26183560315541,6.302940895608954,9.069725780870256,1,synthetic,Supination synthétique,generated_supination.csv
34.52,16.978698931409568,5.932786117303797,9.474415351338402,1,synthetic,Supination synthétique,generated_supination.csv
34.54,17.51546133645323,6.761392724144225,8.520615560223298,1,synthetic,Supination synthétique,generated_supination.csv
34.56,19.19481653924296,8.788256992002175,7.897702371072195,1,synthetic,Supination synthétique,generated_supination.csv
34.58,17.816337303967142,8.93221460011414,8.023653642386265,1,synthetic,Supination synthétique,generated_supination.csv
34.6,15.0624992298757,10.23649511140106,8.376277835651447,1,synthetic,Supination synthétique,generated_supination.csv
34.62,12.488121345696046,11.002058708851093,8.576826019659574,1,synthetic,Supination synthétique,generated_supination.csv
34.64,10.372497461465139,10.268875041635642,9.951145868120566,1,synthetic,Supination synthétique,generated_supination.csv
34.660000000000004,7.809480739351693,9.783095409070272,10.621466865156995,1,synthetic,Supination synthétique,generated_supination.csv
34.68,5.919004221692482,9.004584631713856,12.214227069048967,1,synthetic,Supination synthétique,generated_supination.csv
34.7,6.025331940792991,9.042812624762268,12.791900620163485,1,synthetic,Supination synthétique,generated_supination.csv
34.72,6.355794174771081,8.466560108855507,14.024230713596637,1,synthetic,Supination synthétique,generated_supination.csv
34.74,6.077601757777801,8.825809645436323,13.402189660609437,1,synthetic,Supination synthétique,generated_supination.csv
34.76,6.336988281267787,8.820236412014758,13.893789464145012,1,synthetic,Supination synthétique,generated_supination.csv
34.78,6.112638417485518,8.663532748528034,13.762376101535498,1,synthetic,Supination synthétique,generated_supination.csv
34.800000000000004,6.504901738000742,8.624871637193136,13.536459073365014,1,synthetic,Supination synthétique,generated_supination.csv
34.82,6.503757752136799,8.906134616471508,13.998995317686505,1,synthetic,Supination synthétique,generated_supination.csv
34.84,6.39926118099486,8.935622468468024,13.838558774428382,1,synthetic,Supination synthétique,generated_supination.csv
34.86,6.259071837627347,8.629877829542224,13.875910552723484,1,synthetic,Supination synthétique,generated_supination.csv
34.88,5.961500329948105,9.400978914672786,14.109278045229031,1,synthetic,Supination synthétique,generated_supination.csv
34.9,5.984969279595055,9.224538997248487,13.975349501974165,1,synthetic,Supination synthétique,generated_supination.csv
34.92,6.049242926153026,9.460047432622137,14.6404560800578,1,synthetic,Supination synthétique,generated_supination.csv
34.94,6.504598698579822,8.899775672091076,14.468078238699428,1,synthetic,Supination synthétique,generated_supination.csv
34.96,6.149009546267538,9.646108166725723,14.625256448506272,1,synthetic,Supination synthétique,generated_supination.csv
34.980000000000004,6.072734575452639,10.12080949903711,13.947390087267891,1,synthetic,Supination synthétique,generated_supination.csv
35.0,6.4624581063118685,9.775685498625315,14.481966625586637,1,synthetic,Supination synthétique,generated_supination.csv
35.02,6.416911106841927,9.306881129688286,14.205490997058835,1,synthetic,Supination synthétique,generated_supination.csv
35.04,5.907640463219673,9.91817704007457,14.552166126491535,1,synthetic,Supination synthétique,generated_supination.csv
35.06,5.759964671196544,10.07583062128668,14.994067725792766,1,synthetic,Supination synthétique,generated_supination.csv
35.08,5.7736798728652925,10.32577130031871,14.776497718198149,1,synthetic,Supination synthétique,generated_supination.csv
35.1,5.194962494970126,10.323720775698968,14.711669652087242,1,synthetic,Supination synthétique,generated_supination.csv
35.12,4.103528502241475,10.617927665043007,15.119203411563321,1,synthetic,Supination synthétique,generated_supination.csv
35.14,3.3888319821816877,10.329471280906477,15.067378295351965,1,synthetic,Supination synthétique,generated_supination.csv
35.160000000000004,1.9259514353848752,10.464577206460271,15.261413206465658,1,synthetic,Supination synthétique,generated_supination.csv
35.18,0.33011716780744954,10.061561806578325,14.013826384062877,1,synthetic,Supination synthétique,generated_supination.csv
35.2,-2.8549899817175435,10.193948377377996,14.469000756345523,1,synthetic,Supination synthétique,generated_supination.csv
35.22,-6.142205040016064,10.509285705039087,13.96924067131991,1,synthetic,Supination synthétique,generated_supination.csv
35.24,-11.550679817822878,10.58269896498777,13.317212998130165,1,synthetic,Supination synthétique,generated_supination.csv
35.26,-19.12323863897376,11.902933273030637,12.980730048662009,1,synthetic,Supination synthétique,generated_supination.csv
35.28,-27.47525945199974,12.74156722999464,11.688301350792619,1,synthetic,Supination synthétique,generated_supination.csv
35.300000000000004,-36.950581206653595,15.361846154301997,10.389911077422292,1,synthetic,Supination synthétique,generated_supination.csv
35.32,-44.603413433257174,16.913501438117553,10.930007357215878,1,synthetic,Supination synthétique,generated_supination.csv
35.34,-47.873008175352346,17.812351873631638,12.463479065139476,1,synthetic,Supination synthétique,generated_supination.csv
35.36,-51.983425956245604,17.87401567659496,14.986020507298702,1,synthetic,Supination synthétique,generated_supination.csv
35.38,-52.89371639549079,18.842509983164508,16.806403423878532,1,synthetic,Supination synthétique,generated_supination.csv
35.4,-51.118633891039615,16.231151151225312,19.621712805188533,1,synthetic,Supination synthétique,generated_supination.csv
35.42,-49.48437020715858,14.807595245295667,21.441714162280903,1,synthetic,Supination synthétique,generated_supination.csv
35.44,-48.68999273419284,13.708934244696321,22.981396967381773,1,synthetic,Supination synthétique,generated_supination.csv
35.46,-45.88282309283586,11.825342679518403,23.56583247452144,1,synthetic,Supination synthétique,generated_supination.csv
35.480000000000004,-41.23468626690232,9.650285858940636,23.876752637124017,1,synthetic,Supination synthétique,generated_supination.csv
35.5,-37.45993164879183,8.860189394756937,23.434966170274553,1,synthetic,Supination synthétique,generated_supination.csv
35.52,-32.835727553635095,9.710002841189837,23.476127626377306,1,synthetic,Supination synthétique,generated_supination.csv
35.54,-27.430008303072224,9.707926146810003,22.647811216073013,1,synthetic,Supination synthétique,generated_supination.csv
35.56,-22.89115278839103,10.745653571415867,22.790287527803116,1,synthetic,Supination synthétique,generated_supination.csv
35.58,-18.393273152817677,10.757542224050754,21.307926330745016,1,synthetic,Supination synthétique,generated_supination.csv
35.6,-12.473041424288189,11.352574164396051,19.449764529058196,1,synthetic,Supination synthétique,generated_supination.csv
35.62,-7.099783720710386,12.352783352399534,18.831047211285554,1,synthetic,Supination synthétique,generated_supination.csv
35.64,-1.2470879036305493,12.116773311916894,16.837683611814683,1,synthetic,Supination synthétique,generated_supination.csv
35.660000000000004,3.921357351418912,11.713019291182231,14.916025069941579,1,synthetic,Supination synthétique,generated_supination.csv
35.68,8.364297890945384,10.5526610599615,13.231253688575384,1,synthetic,Supination synthétique,generated_supination.csv
35.7,12.562779614796916,10.235616550056397,11.689536922567637,1,synthetic,Supination synthétique,generated_supination.csv
35.72,15.828270405562863,9.231336204300844,11.526379201442843,1,synthetic,Supination synthétique,generated_supination.csv
35.74,17.65543078902977,8.470326976724845,10.15878175360848,1,synthetic,Supination synthétique,generated_supination.csv
35.76,17.743120721068657,8.437011878650681,10.433331981387811,1,synthetic,Supination synthétique,generated_supination.csv
35.78,18.503133830467508,7.1147481531784695,9.527331078534383,1,synthetic,Supination synthétique,generated_supination.csv
35.800000000000004,16.415432703864525,7.024899187547367,8.824624161786902,1,synthetic,Supination synthétique,generated_supination.csv
35.82,13.848126684520174,6.0585559192524325,10.432515460738838,1,synthetic,Supination synthétique,generated_supination.csv
35.84,11.027119882632643,4.828081834956866,11.73598489307531,1,synthetic,Supination synthétique,generated_supination.csv
35.86,8.015849676934627,4.485129523088692,12.05345720765352,1,synthetic,Supination synthétique,generated_supination.csv
35.88,6.4027673568373595,2.359067537116636,14.003857040482709,1,synthetic,Supination synthétique,generated_supination.csv
35.9,6.037866607615849,2.17035760990495,14.709760354222208,1,synthetic,Supination synthétique,generated_supination.csv
35.92,5.9252693513688826,2.048350517895196,14.443699875626027,1,synthetic,Supination synthétique,generated_supination.csv
35.94,6.167201714340069,1.133674441037273,13.712636960400843,1,synthetic,Supination synthétique,generated_supination.csv
35.96,6.331290038234569,1.1421730949119244,14.924084004020516,1,synthetic,Supination synthétique,generated_supination.csv
35.980000000000004,6.2086098074045175,1.3926198516623673,13.831446555677651,1,synthetic,Supination synthétique,generated_supination.csv
36.0,6.769063182342316,2.020972188605519,13.53663766097576,1,synthetic,Supination synthétique,generated_supination.csv
36.02,6.5683265820422685,2.059144683013979,12.891005632869202,1,synthetic,Supination synthétique,generated_supination.csv
36.04,6.194203902513223,1.9655505509122722,12.777981016087793,1,synthetic,Supination synthétique,generated_supination.csv
36.06,5.575985772311645,1.8973237074705853,13.162735976379128,1,synthetic,Supination synthétique,generated_supination.csv
36.08,5.768878303280406,1.1993972827414914,12.484659009350167,1,synthetic,Supination synthétique,generated_supination.csv
36.1,5.27791369744571,1.988640640567533,12.224863620176166,1,synthetic,Supination synthétique,generated_supination.csv
36.12,5.968515296068425,1.8423123614218455,11.69117070180705,1,synthetic,Supination synthétique,generated_supination.csv
36.14,5.44789997532862,2.4623791863979463,11.854498362637903,1,synthetic,Supination synthétique,generated_supination.csv
36.16,4.92396931621889,2.6352600094353362,11.82509589963295,1,synthetic,Supination synthétique,generated_supination.csv
36.18,4.844890213238245,3.0559848274027273,11.329809052652575,1,synthetic,Supination synthétique,generated_supination.csv
36.2,5.437873010385963,2.7794558419867057,11.361262701222019,1,synthetic,Supination synthétique,generated_supination.csv
36.22,4.808018742217562,3.04800230557893,11.094746609708867,1,synthetic,Supination synthétique,generated_supination.csv
36.24,3.767247292129056,2.7935260337275705,11.984426716947615,1,synthetic,Supination synthétique,generated_supination.csv
36.26,3.7879179212177623,3.487317088747385,11.57389581695944,1,synthetic,Supination synthétique,generated_supination.csv
36.28,3.040359438910961,3.4837238893454883,11.981522872636972,1,synthetic,Supination synthétique,generated_supination.csv
36.3,2.3406780868271664,4.537001841756319,12.843057450175278,1,synthetic,Supination synthétique,generated_supination.csv
36.32,2.2100301473213455,4.265750916244771,12.584883512741264,1,synthetic,Supination synthétique,generated_supination.csv
36.34,1.944610124866203,4.846935831921268,12.443381607892706,1,synthetic,Supination synthétique,generated_supination.csv
36.36,0.5078221248535302,4.873157050433265,12.723600565630264,1,synthetic,Supination synthétique,generated_supination.csv
36.38,-1.5906828651942282,5.088345915696278,12.776244748401215,1,synthetic,Supination synthétique,generated_supination.csv
36.4,-4.004130932299416,5.476692301341958,12.92842437081384,1,synthetic,Supination synthétique,generated_supination.csv
36.42,-7.113625097646492,5.3423291078096895,11.61366713048672,1,synthetic,Supination synthétique,generated_supination.csv
36.44,-11.289832553476412,6.173176502905545,10.078338937499,1,synthetic,Supination synthétique,generated_supination.csv
36.46,-17.73587582514435,6.949954926045041,8.417772987394368,1,synthetic,Supination synthétique,generated_supination.csv
36.48,-25.242575719938333,9.202173617827293,6.029928504073054,1,synthetic,Supination synthétique,generated_supination.csv
36.5,-32.98174723264086,11.669988849847371,2.5311033519697004,1,synthetic,Supination synthétique,generated_supination.csv
36.52,-42.30311085897821,14.546999009477455,1.4117927671170996,1,synthetic,Supination synthétique,generated_supination.csv
36.54,-48.495119352334335,14.447764500303972,0.47624917669626665,1,synthetic,Supination synthétique,generated_supination.csv
36.56,-53.22023279203029,12.704407086731775,1.3103787425231783,1,synthetic,Supination synthétique,generated_supination.csv
36.58,-55.42884493154892,14.230978616209,2.916406453753857,1,synthetic,Supination synthétique,generated_supination.csv
36.6,-56.652460261221364,12.961420248125677,7.697831067207572,1,synthetic,Supination synthétique,generated_supination.csv
36.62,-55.006271560886645,11.498168470204632,11.980177817245474,1,synthetic,Supination synthétique,generated_supination.csv
36.64,-53.23107201666804,11.379634223162112,15.29850939491148,1,synthetic,Supination synthétique,generated_supination.csv
36.66,-51.638684568684866,11.254620753226165,18.966292380449023,1,synthetic,Supination synthétique,generated_supination.csv
36.68,-48.87650870429232,8.382997397318354,20.475966100753258,1,synthetic,Supination synthétique,generated_supination.csv
36.7,-43.93847793068431,7.205229817612326,21.505080987838333,1,synthetic,Supination synthétique,generated_supination.csv
36.72,-39.53002296811698,6.164598842450276,22.667137101086986,1,synthetic,Supination synthétique,generated_supination.csv
36.74,-34.65690276676041,6.478190660774589,22.91431184685631,1,synthetic,Supination synthétique,generated_supination.csv
36.76,-28.759843690595,5.224209045742393,23.19262615660016,1,synthetic,Supination synthétique,generated_supination.csv
36.78,-23.07220891310303,6.00381704440977,22.67646455222454,1,synthetic,Supination synthétique,generated_supination.csv
36.8,-17.80009028700291,7.726943371550966,22.67572540246746,1,synthetic,Supination synthétique,generated_supination.csv
36.82,-13.089039369986372,7.9601437576882885,21.373980451987784,1,synthetic,Supination synthétique,generated_supination.csv
36.84,-7.1304733590306695,8.609399844708516,20.481669711174465,1,synthetic,Supination synthétique,generated_supination.csv
36.86,-1.916991447740628,10.548540387517967,18.599281167019047,1,synthetic,Supination synthétique,generated_supination.csv
36.88,2.898033784179601,10.87788056053931,17.112904481753695,1,synthetic,Supination synthétique,generated_supination.csv
36.9,7.1711429229066574,11.158339127723206,15.802051606752899,1,synthetic,Supination synthétique,generated_supination.csv
36.92,12.571422152056632,10.347463648777717,14.225948072379996,1,synthetic,Supination synthétique,generated_supination.csv
36.94,16.004716435911607,9.760744027087133,13.42571119851465,1,synthetic,Supination synthétique,generated_supination.csv
36.96,18.447193113645273,8.77813232767284,12.871126647197757,1,synthetic,Supination synthétique,generated_supination.csv
36.98,19.08030923586641,7.434059201758012,12.531567931388377,1,synthetic,Supination synthétique,generated_supination.csv
37.0,19.7232270278255,7.9523675440777915,12.193741257054839,1,synthetic,Supination synthétique,generated_supination.csv
37.02,19.596443026238664,7.6317291587814395,11.66188863602651,1,synthetic,Supination synthétique,generated_supination.csv
37.04,17.347055105113085,7.655731635419978,11.556384581507977,1,synthetic,Supination synthétique,generated_supination.csv
37.06,14.484321364701199,7.019128883269524,11.536428771596656,1,synthetic,Supination synthétique,generated_supination.csv
37.08,11.006052677314948,5.599780277812229,11.924800187751524,1,synthetic,Supination synthétique,generated_supination.csv
37.1,8.156719478527108,4.382276169670785,12.616488490118742,1,synthetic,Supination synthétique,generated_supination.csv
37.12,6.207250880612567,3.3150398631407683,14.600489013149964,1,synthetic,Supination synthétique,generated_supination.csv
37.14,5.532700318338134,2.870349042350274,15.41007981998437,1,synthetic,Supination synthétique,generated_supination.csv
37.16,5.134771732906833,2.0475125203876354,15.806574010581793,1,synthetic,Supination synthétique,generated_supination.csv
37.18,6.086999196429694,1.7166042137306312,17.189360631736264,1,synthetic,Supination synthétique,generated_supination.csv
37.2,6.195902006067542,1.7167460325108526,16.083872075589852,1,synthetic,Supination synthétique,generated_supination.csv
37.22,6.535912143790504,1.8092869557101183,15.998527427534185,1,synthetic,Supination synthétique,generated_supination.csv
37.24,6.437213378500479,2.094418833346152,15.364779460339944,1,synthetic,Supination synthétique,generated_supination.csv
37.26,5.904302942173912,1.9240560715646222,14.45896682005523,1,synthetic,Supination synthétique,generated_supination.csv
37.28,6.561696429375871,1.7156130511829013,14.751120054054951,1,synthetic,Supination synthétique,generated_supination.csv
37.3,5.57379498150315,1.6077355775708058,13.564174877995393,1,synthetic,Supination synthétique,generated_supination.csv
37.32,5.8543352582950465,2.590259620681619,12.953074217895011,1,synthetic,Supination synthétique,generated_supination.csv
37.34,5.886494624964798,2.4257059522663984,13.471196608905338,1,synthetic,Supination synthétique,generated_supination.csv
37.36,5.728769882007585,2.6187303345714437,12.44005186256956,1,synthetic,Supination synthétique,generated_supination.csv
37.38,4.464374032845663,2.8282270845747375,12.05674574812142,1,synthetic,Supination synthétique,generated_supination.csv
37.4,5.199566512786357,2.5873857126687043,12.063643702993307,1,synthetic,Supination synthétique,generated_supination.csv
37.42,5.079397882618984,3.083871139262949,12.138601031979281,1,synthetic,Supination synthétique,generated_supination.csv
37.44,4.997831521876991,2.545052666469553,12.388783350638999,1,synthetic,Supination synthétique,generated_supination.csv
37.46,3.73540158825809,3.38435127100142,12.582319302656362,1,synthetic,Supination synthétique,generated_supination.csv
37.48,4.058301324725207,3.4160814432874607,12.202857369126589,1,synthetic,Supination synthétique,generated_supination.csv
37.5,4.038941238501255,4.490184862363903,12.990678973382616,1,synthetic,Supination synthétique,generated_supination.csv
37.52,3.7118458545380717,4.363720634052605,13.83336525520239,1,synthetic,Supination synthétique,generated_supination.csv
37.54,3.8820247437271505,4.486821711126441,13.288363451174874,1,synthetic,Supination synthétique,generated_supination.csv
37.56,2.839136190708956,4.9455117923574505,13.855355364208288,1,synthetic,Supination synthétique,generated_supination.csv
37.58,2.758046366725512,5.42180764588293,14.481800737096025,1,synthetic,Supination synthétique,generated_supination.csv
37.6,1.7226942267518595,5.2141844279993785,14.904501013421639,1,synthetic,Supination synthétique,generated_supination.csv
37.62,0.005611686003205718,5.512101492514193,14.439630482128596,1,synthetic,Supination synthétique,generated_supination.csv
37.64,-1.2963267675355077,5.526259903093175,14.160653123075829,1,synthetic,Supination synthétique,generated_supination.csv
37.66,-3.073260230830866,6.360043119759935,13.62875204857309,1,synthetic,Supination synthétique,generated_supination.csv
37.68,-5.540390756375605,5.627031393867773,13.353600618985704,1,synthetic,Supination synthétique,generated_supination.csv
37.7,-8.791433165767343,5.284559348929802,11.946046884743314,1,synthetic,Supination synthétique,generated_supination.csv
37.72,-13.723723686066926,6.808992558057284,9.242325083401447,1,synthetic,Supination synthétique,generated_supination.csv
37.74,-19.14732418939053,8.316230938756114,7.124935676071797,1,synthetic,Supination synthétique,generated_supination.csv
37.76,-26.88520197368937,8.760305133570828,4.598410438843825,1,synthetic,Supination synthétique,generated_supination.csv
37.78,-35.37923243471468,13.58371566213478,1.572285528723844,1,synthetic,Supination synthétique,generated_supination.csv
37.8,-42.519092025463245,14.190514028163042,0.19464551309839134,1,synthetic,Supination synthétique,generated_supination.csv
37.82,-48.3146321834492,13.953738983778912,-0.7594308365172576,1,synthetic,Supination synthétique,generated_supination.csv
37.84,-52.567305204660464,13.221765166517805,0.1588333182343702,1,synthetic,Supination synthétique,generated_supination.csv
37.86,-55.086497367557314,13.797159655330095,1.8525305545766653,1,synthetic,Supination synthétique,generated_supination.csv
37.88,-54.9672419301663,11.430998787358767,5.095413522339453,1,synthetic,Supination synthétique,generated_supination.csv
37.9,-52.9657811000736,10.083622845668,9.091329376630636,1,synthetic,Supination synthétique,generated_supination.csv
37.92,-51.548754259148204,10.036235958366998,12.0545455667989,1,synthetic,Supination synthétique,generated_supination.csv
37.94,-49.36284823883133,10.713714346420259,14.977950820486122,1,synthetic,Supination synthétique,generated_supination.csv
37.96,-45.871452609479306,8.433932289497994,17.946769818790262,1,synthetic,Supination synthétique,generated_supination.csv
37.98,-40.46265780947573,8.046476760302214,20.00502160758229,1,synthetic,Supination synthétique,generated_supination.csv
38.0,-36.27469194606204,8.248297556749758,20.314933942159946,1,synthetic,Supination synthétique,generated_supination.csv
38.02,-31.156671387501788,8.702594249275768,21.614168886456785,1,synthetic,Supination synthétique,generated_supination.csv
38.04,-25.65393896175459,9.940202588621746,21.660855188067664,1,synthetic,Supination synthétique,generated_supination.csv
38.06,-20.284658102194236,10.947998781797947,20.76467062611479,1,synthetic,Supination synthétique,generated_supination.csv
38.08,-15.432562402092296,11.668046097966311,19.947845143424455,1,synthetic,Supination synthétique,generated_supination.csv
38.1,-9.239742562519952,12.437267807072905,18.290596183053964,1,synthetic,Supination synthétique,generated_supination.csv
38.12,-3.648374283871559,12.605204986947802,16.68490365662255,1,synthetic,Supination synthétique,generated_supination.csv
38.14,1.64390747462124,12.094615445437796,15.29227061166758,1,synthetic,Supination synthétique,generated_supination.csv
38.16,6.752452074294519,11.635998597973634,13.361947910995754,1,synthetic,Supination synthétique,generated_supination.csv
38.18,10.664355380707542,11.314963519915063,12.738766511829002,1,synthetic,Supination synthétique,generated_supination.csv
38.2,14.342263779025068,10.997822735279824,11.85634115851152,1,synthetic,Supination synthétique,generated_supination.csv
38.22,16.633650421762418,10.828264204413124,11.191274946667258,1,synthetic,Supination synthétique,generated_supination.csv
38.24,18.332704111134813,10.477354102894187,9.678464304692163,1,synthetic,Supination synthétique,generated_supination.csv
38.26,18.746268369569016,10.066664453810269,9.193147417895181,1,synthetic,Supination synthétique,generated_supination.csv
38.28,18.3460822035236,9.911164534494393,9.718780520159886,1,synthetic,Supination synthétique,generated_supination.csv
38.3,15.303253287232359,9.027282966587972,9.524023160700766,1,synthetic,Supination synthétique,generated_supination.csv
38.32,12.985289731229603,8.754262554323606,9.921313639397852,1,synthetic,Supination synthétique,generated_supination.csv
38.34,10.24774088633401,7.910636134814489,9.911379128563006,1,synthetic,Supination synthétique,generated_supination.csv
38.36,7.624937591320973,7.122805803692441,10.014729085847323,1,synthetic,Supination synthétique,generated_supination.csv
38.38,6.115721226307593,6.224672748384875,10.984110785905445,1,synthetic,Supination synthétique,generated_supination.csv
38.4,5.88804047127633,6.1264937687672525,10.84812432589489,1,synthetic,Supination synthétique,generated_supination.csv
38.42,5.721036823731407,6.527207109418293,10.754414180132452,1,synthetic,Supination synthétique,generated_supination.csv
38.44,5.290707313700187,5.249781231333545,11.730901130162072,1,synthetic,Supination synthétique,generated_supination.csv
38.46,6.228509353466635,5.452660326759282,11.690795699052826,1,synthetic,Supination synthétique,generated_supination.csv
38.48,5.646747975228604,5.364475235054649,12.5044243757083,1,synthetic,Supination synthétique,generated_supination.csv
38.5,5.728338941735018,5.890885990225036,12.009769624074497,1,synthetic,Supination synthétique,generated_supination.csv
38.52,5.5570661708413684,6.190492014167942,14.139248993465866,1,synthetic,Supination synthétique,generated_supination.csv
38.54,6.070921188990026,5.617204377607312,13.528276295302629,1,synthetic,Supination synthétique,generated_supination.csv
38.56,5.54454534276134,4.929552715325117,14.696432650423759,1,synthetic,Supination synthétique,generated_supination.csv
38.58,5.93499385484034,6.050800173993145,15.262012694992974,1,synthetic,Supination synthétique,generated_supination.csv
38.6,6.180540844053209,6.11290051081298,15.35304656484752,1,synthetic,Supination synthétique,generated_supination.csv
38.62,6.332568543396678,5.474183899553972,15.835932189095184,1,synthetic,Supination synthétique,generated_supination.csv
38.64,6.2739773338502,6.024004123094765,15.758226025208979,1,synthetic,Supination synthétique,generated_supination.csv
38.66,6.1513638827763994,6.184916811238229,15.440720004774722,1,synthetic,Supination synthétique,generated_supination.csv
38.68,5.6857231387814045,5.6353083467637255,16.288284665503312,1,synthetic,Supination synthétique,generated_supination.csv
38.7,6.437240176804837,6.719123381962152,16.80036233913255,1,synthetic,Supination synthétique,generated_supination.csv
38.72,6.382449356090646,6.836337350680441,16.591812926877132,1,synthetic,Supination synthétique,generated_supination.csv
38.74,6.136249305297828,6.972941367140727,16.57954369069868,1,synthetic,Supination synthétique,generated_supination.csv
38.76,5.867674466458641,6.874051235145181,17.213543788736256,1,synthetic,Supination synthétique,generated_supination.csv
38.78,5.233871835347407,7.289116716033441,17.85377652102107,1,synthetic,Supination synthétique,generated_supination.csv
38.8,4.489233286704648,7.662928402132703,18.13678903966591,1,synthetic,Supination synthétique,generated_supination.csv
38.82,4.21343808108492,8.328252032866525,18.601000711656788,1,synthetic,Supination synthétique,generated_supination.csv
38.84,3.264723248766564,8.153302579547963,18.535141953318195,1,synthetic,Supination synthétique,generated_supination.csv
38.86,1.3312385484355365,9.041485658553183,18.51402486842432,1,synthetic,Supination synthétique,generated_supination.csv
38.88,0.3416974978772721,8.74706523256238,17.505162165388576,1,synthetic,Supination synthétique,generated_supination.csv
38.9,-1.800620680403117,7.9264584731038905,18.33968350538207,1,synthetic,Supination synthétique,generated_supination.csv
38.92,-4.0910542693387555,9.149491377268319,16.906791687635565,1,synthetic,Supination synthétique,generated_supination.csv
38.94,-7.52754047325747,8.783974130332036,16.132237642284615,1,synthetic,Supination synthétique,generated_supination.csv
38.96,-11.506223227912718,8.802270373637608,14.56170970122565,1,synthetic,Supination synthétique,generated_supination.csv
38.98,-16.846707001736974,9.677797659140637,13.16785984803964,1,synthetic,Supination synthétique,generated_supination.csv
39.0,-23.545240490877497,10.114918544136314,11.55505447595441,1,synthetic,Supination synthétique,generated_supination.csv
39.02,-32.32465571173242,12.170998712305979,9.879981071685416,1,synthetic,Supination synthétique,generated_supination.csv
39.04,-40.277505154078895,13.552259368594292,8.312328398901348,1,synthetic,Supination synthétique,generated_supination.csv
39.06,-47.98514546781162,14.790076305109764,7.584015434289416,1,synthetic,Supination synthétique,generated_supination.csv
39.08,-53.52012482477697,14.795248793005431,8.39285065102867,1,synthetic,Supination synthétique,generated_supination.csv
39.1,-55.96454210117414,14.816103930476025,9.323271295851926,1,synthetic,Supination synthétique,generated_supination.csv
39.12,-57.71504503177215,14.705632059468936,12.685087717722155,1,synthetic,Supination synthétique,generated_supination.csv
39.14,-56.41892902266765,12.954841090242834,15.652839655119468,1,synthetic,Supination synthétique,generated_supination.csv
39.16,-54.510839195535894,12.993025987657925,18.927108647508874,1,synthetic,Supination synthétique,generated_supination.csv
39.18,-53.202194722937946,13.384453379563354,20.81229344840846,1,synthetic,Supination synthétique,generated_supination.csv
39.2,-50.37138371636913,12.794282503171281,22.455369283688555,1,synthetic,Supination synthétique,generated_supination.csv
39.22,-47.03792992576173,11.34933954965075,23.311514040598862,1,synthetic,Supination synthétique,generated_supination.csv
39.24,-42.48305717265788,10.413247112601525,22.299937491002837,1,synthetic,Supination synthétique,generated_supination.csv
39.26,-38.247240300273525,11.129198455094565,23.351049959583154,1,synthetic,Supination synthétique,generated_supination.csv
39.28,-32.76695515242949,10.411747880707113,22.38925297906061,1,synthetic,Supination synthétique,generated_supination.csv
39.3,-27.63771883026138,12.001083244894874,21.617528923424764,1,synthetic,Supination synthétique,generated_supination.csv
39.32,-21.74464255902121,11.66840968304354,20.2863587362926,1,synthetic,Supination synthétique,generated_supination.csv
39.34,-16.361715635457575,12.428315320807,19.610530429212563,1,synthetic,Supination synthétique,generated_supination.csv
39.36,-10.450069187601438,12.597536452010317,17.615347171393495,1,synthetic,Supination synthétique,generated_supination.csv
39.38,-4.924574648154719,13.014717082448438,16.942036031609014,1,synthetic,Supination synthétique,generated_supination.csv
39.4,0.8220313990339525,12.933883111720316,15.41204607413097,1,synthetic,Supination synthétique,generated_supination.csv
39.42,6.09543947984172,12.591715471852046,14.829380945835068,1,synthetic,Supination synthétique,generated_supination.csv
39.44,10.024572549184459,12.184049075436755,13.65236012484728,1,synthetic,Supination synthétique,generated_supination.csv
39.46,13.57064715737845,11.582471708129946,13.77595491776211,1,synthetic,Supination synthétique,generated_supination.csv
39.48,15.650298855177931,10.90761105770842,13.437187440058718,1,synthetic,Supination synthétique,generated_supination.csv
39.5,16.723351968353803,9.827949878274577,13.538411167069887,1,synthetic,Supination synthétique,generated_supination.csv
39.52,16.45638947775105,9.160707595786597,13.205667487869507,1,synthetic,Supination synthétique,generated_supination.csv
39.54,15.633160509133218,8.583095285180184,13.088692507042573,1,synthetic,Supination synthétique,generated_supination.csv
39.56,13.408111999271119,8.525623536931374,12.857810419029583,1,synthetic,Supination synthétique,generated_supination.csv
39.58,10.23207631431327,7.7028840008742545,13.471731254520975,1,synthetic,Supination synthétique,generated_supination.csv
39.6,8.300854471971261,7.149127536033972,13.640573977994933,1,synthetic,Supination synthétique,generated_supination.csv
39.62,6.3925719592558385,6.41951213315601,13.81233775600298,1,synthetic,Supination synthétique,generated_supination.csv
39.64,5.197123013433239,5.8464869363421546,13.853702140730725,1,synthetic,Supination synthétique,generated_supination.csv
39.66,5.785727216484825,5.6037297765985326,13.324016703001828,1,synthetic,Supination synthétique,generated_supination.csv
39.68,6.4770826029871555,5.400447728196448,13.044811205243622,1,synthetic,Supination synthétique,generated_supination.csv
39.7,6.064808623304229,5.037931186383098,12.733564184666413,1,synthetic,Supination synthétique,generated_supination.csv
39.72,5.783189987445824,6.2102536611897445,12.118830240539301,1,synthetic,Supination synthétique,generated_supination.csv
39.74,6.352474023354563,6.27180313191361,11.297180948672628,1,synthetic,Supination synthétique,generated_supination.csv
39.76,6.115259025127146,5.64868490981781,11.822634226139265,1,synthetic,Supination synthétique,generated_supination.csv
39.78,6.758812616465212,6.096684834817015,11.841520517311684,1,synthetic,Supination synthétique,generated_supination.csv
39.8,6.092148332254779,6.44878431530531,11.30969726785048,1,synthetic,Supination synthétique,generated_supination.csv
39.82,5.9416294835238785,6.935131667372697,11.277262906329343,1,synthetic,Supination synthétique,generated_supination.csv
39.84,5.604562174676177,6.365450167027173,12.010424078661664,1,synthetic,Supination synthétique,generated_supination.csv
39.86,5.726566895057977,6.759149578645399,11.866518736167933,1,synthetic,Supination synthétique,generated_supination.csv
39.88,5.322737144805676,7.2361895223562005,11.85234028618427,1,synthetic,Supination synthétique,generated_supination.csv
39.9,5.0810766596651735,6.610903894276502,12.021402579621993,1,synthetic,Supination synthétique,generated_supination.csv
39.92,5.104958987311315,7.251877951640509,12.874113852847577,1,synthetic,Supination synthétique,generated_supination.csv
39.94,4.6612544399925415,7.869597809109924,14.405049753341752,1,synthetic,Supination synthétique,generated_supination.csv
39.96,4.9289804125962835,8.091956522331518,14.387685609614756,1,synthetic,Supination synthétique,generated_supination.csv
39.98,3.820272617631696,9.428725090572112,16.162919388176935,1,synthetic,Supination synthétique,generated_supination.csv
40.0,3.6356683080486625,9.39362569194285,16.198094107030197,1,synthetic,Supination synthétique,generated_supination.csv
