time_s,yaw,pitch,roll,label,subject_id,scenario,source_file
0.0,7.0398875559807506,27.144418459124445,2.2935081854992503,1,synthetic,Marche sur les pointes synthétique,generated_toe_walk.csv
0.02,7.5139366833688035,26.668360922074896,1.9732141473893057,1,synthetic,Marche sur les pointes synthétique,generated_toe_walk.csv
0.04,7.031846541252244,26.935534733875954,2.466752745918616,1,synthetic,Marche sur les pointes synthétique,generated_toe_walk.csv
0.06,7.224540048460636,26.739045748019958,2.2263774496952866,1,synthetic,Marche sur les pointes synthétique,generated_toe_walk.csv
0.08,6.789632265145458,26.8164227696643,2.4616641646884223,1,synthetic,Marche sur les pointes synthétique,generated_toe_walk.csv
0.1,6.7275281910551215,26.76350020809927,2.174676863109903,1,synthetic,Marche sur les pointes synthétique,generated_toe_walk.csv
0.12,6.884630986934278,26.598037702275334,2.2261740321208223,1,synthetic,Marche sur les pointes synthétique,generated_toe_walk.csv
0.14,7.181981641120259,27.232287829212552,2.5757179585642094,1,synthetic,Marche sur les pointes synthétique,generated_toe_walk.csv
0.16,6.910881955460575,26.995262786639227,2.8325801568514053,1,synthetic,Marche sur les pointes synthétique,generated_toe_walk.csv
0.18,6.512323706436582,27.232650443503907,2.0087162077420837,1,synthetic,Marche sur les pointes synthétique,generated_toe_walk.csv
0.2,7.263874583335981,26.62266308972632,2.328216680290213,1,synthetic,Marche sur les pointes synthétique,generated_toe_walk.csv
0.22,7.066986179869285,26.343283337784236,2.50191531111796,1,synthetic,Marche sur les pointes synthétique,generated_toe_walk.csv
0.24,7.031470132734126,26.72930821563746,2.33719904564627,1,synthetic,Marche sur les pointes synthétique,generated_toe_walk.csv
0.26,6.928621204136818,26.876386376199424,2.250166608098511,1,synthetic,Marche sur les pointes synthétique,generated_toe_walk.csv
0.28,6.42334291239032,27.154844911192363,3.0303413787776887,1,synthetic,Marche sur les pointes synthétique,generated_toe_walk.csv
0.3,7.604495408547772,27.23476698171481,2.129076608152846,1,synthetic,Marche sur les pointes synthétique,generated_toe_walk.csv
0.32,6.9665871320026245,27.284834713849865,2.4901236923859202,1,synthetic,Marche sur les pointes synthétique,generated_toe_walk.csv
0.34,7.275517545266398,27.38037225806949,2.2364898121368566,1,synthetic,Marche sur les pointes synthétique,generated_toe_walk.csv
0.36,7.540918220246607,27.144787955722965,2.3554948008864476,1,synthetic,Marche sur les pointes synthétique,generated_toe_walk.csv
0.38,7.45864490095552,26.965270418343305,1.7006885607769082,1,synthetic,Marche sur les pointes synthétique,generated_toe_walk.csv
0.4,7.172529735627221,26.71013080040657,2.6543928376372903,1,synthetic,Marche sur les pointes synthétique,generated_toe_walk.csv
0.42,7.112111181625724,27.139695247243566,2.3272734817039424,1,synthetic,Marche sur les pointes synthétique,generated_toe_walk.csv
0.44,7.20241186599157,26.793632213692685,2.1021056198330297,1,synthetic,Marche sur les pointes synthétique,generated_toe_walk.csv
0.46,7.386426625715519,26.70724863655977,2.891199108336047,1,synthetic,Marche sur les pointes synthétique,generated_toe_walk.csv
0.48,7.284105567539936,27.119859415006175,2.3098980572463086,1,synthetic,Marche sur les pointes synthétique,generated_toe_walk.csv
0.5,6.967134163336651,27.01484780247661,2.2092839323233036,1,synthetic,Marche sur les pointes synthétique,generated_toe_walk.csv
0.52,7.243609992551503,27.204134526792497,2.1392690135089563,1,synthetic,Marche sur les pointes synthétique,generated_toe_walk.csv
0.54,7.223851274237231,26.744338337929097,2.7138305867370804,1,synthetic,Marche sur les pointes synthétique,generated_toe_walk.csv
0.56,7.324148136314035,27.30270921913897,2.404722261530539,1,synthetic,Marche sur les pointes synthétique,generated_toe_walk.csv
0.58,7.177889154290208,27.066251724947325,2.305532396985543,1,synthetic,Marche sur les pointes synthétique,generated_toe_walk.csv
0.6,7.539625047486927,26.912633648853163,2.0047087101547962,1,synthetic,Marche sur les pointes synthétique,generated_toe_walk.csv
0.62,7.182358068540396,26.741377994335345,2.1346983690739405,1,synthetic,Marche sur les pointes synthétique,generated_toe_walk.csv
0.64,7.393546996523985,26.64759871863186,2.5129409792010673,1,synthetic,Marche sur les pointes synthétique,generated_toe_walk.csv
0.66,7.132777308622579,26.563423885877942,2.4062911965722167,1,synthetic,Marche sur les pointes synthétique,generated_toe_walk.csv
0.68,6.941901402354258,27.377588036092792,1.8108639161925426,1,synthetic,Marche sur les pointes synthétique,generated_toe_walk.csv
0.7000000000000001,6.828078148810173,26.548870419303928,2.154060144631661,1,synthetic,Marche sur les pointes synthétique,generated_toe_walk.csv
0.72,7.0704043021480585,27.152481672800956,2.4860696820604393,1,synthetic,Marche sur les pointes synthétique,generated_toe_walk.csv
0.74,7.285306467166815,26.894277987394116,3.2244028066517885,1,synthetic,Marche sur les pointes synthétique,generated_toe_walk.csv
0.76,7.510910827921187,26.79800563168861,2.195371506220332,1,synthetic,Marche sur les pointes synthétique,generated_toe_walk.csv
0.78,7.092138835414996,26.82919978281463,1.7567035821308372,1,synthetic,Marche sur les pointes synthétique,generated_toe_walk.csv
0.8,6.959552769615653,26.941883728953513,2.6550268388116733,1,synthetic,Marche sur les pointes synthétique,generated_toe_walk.csv
0.8200000000000001,6.961059820964364,27.239173672964736,2.283649676207882,1,synthetic,Marche sur les pointes synthétique,generated_toe_walk.csv
0.84,7.512613285611487,27.14177089467397,2.0343978930852784,1,synthetic,Marche sur les pointes synthétique,generated_toe_walk.csv
0.86,7.147176512583976,26.978348730835616,2.6017244609712185,1,synthetic,Marche sur les pointes synthétique,generated_toe_walk.csv
0.88,6.959558961285779,26.578199175874648,2.3646358614605165,1,synthetic,Marche sur les pointes synthétique,generated_toe_walk.csv
0.9,7.340757538428326,26.460403208431853,2.146764602924857,1,synthetic,Marche sur les pointes synthétique,generated_toe_walk.csv
0.92,6.704967549367995,27.537712567450498,2.044626454609667,1,synthetic,Marche sur les pointes synthétique,generated_toe_walk.csv
0.94,7.144742154956417,26.694358763267008,2.403685404677464,1,synthetic,Marche sur les pointes synthétique,generated_toe_walk.csv
0.96,7.091711286321412,26.531196250875354,2.4694797021812245,1,synthetic,Marche sur les pointes synthétique,generated_toe_walk.csv
0.98,7.060817116756815,27.3246101931493,1.912164161239136,1,synthetic,Marche sur les pointes synthétique,generated_toe_walk.csv
1.0,6.7433924572361255,26.551698252986846,2.7426639522590515,1,synthetic,Marche sur les pointes synthétique,generated_toe_walk.csv
1.02,7.399088372652167,27.210509005529204,2.0660332844390794,1,synthetic,Marche sur les pointes synthétique,generated_toe_walk.csv
1.04,7.616940564304888,27.263956022800244,2.8643374320407373,1,synthetic,Marche sur les pointes synthétique,generated_toe_walk.csv
1.06,6.693907837493877,27.061577889269564,2.541782546307939,1,synthetic,Marche sur les pointes synthétique,generated_toe_walk.csv
1.08,7.140731499214812,27.27174376408193,2.385130241830628,1,synthetic,Marche sur les pointes synthétique,generated_toe_walk.csv
1.1,7.304425735194394,26.578587884883166,2.541823598327189,1,synthetic,Marche sur les pointes synthétique,generated_toe_walk.csv
1.12,7.801742066169611,26.62774693023097,2.2643955998352165,1,synthetic,Marche sur les pointes synthétique,generated_toe_walk.csv
1.14,6.976558209983218,26.931171233607284,2.427683284284518,1,synthetic,Marche sur les pointes synthétique,generated_toe_walk.csv
1.16,6.809748763829609,26.987206401437046,2.946363303062155,1,synthetic,Marche sur les pointes synthétique,generated_toe_walk.csv
1.18,7.094953508736019,26.962444735675565,2.2864599221668302,1,synthetic,Marche sur les pointes synthétique,generated_toe_walk.csv
1.2,7.71341658882244,27.123482387916916,2.707077577092113,1,synthetic,Marche sur les pointes synthétique,generated_toe_walk.csv
1.22,7.1137566836315,26.768103710328198,2.1947714243447876,1,synthetic,Marche sur les pointes synthétique,generated_toe_walk.csv
1.24,7.17476128292493,26.35730109867668,2.457392837629061,1,synthetic,Marche sur les pointes synthétique,generated_toe_walk.csv
1.26,7.639227075825277,27.104299068816886,2.751217527528419,1,synthetic,Marche sur les pointes synthétique,generated_toe_walk.csv
1.28,6.43447778340007,26.917439195349875,2.0999932403669566,1,synthetic,Marche sur les pointes synthétique,generated_toe_walk.csv
1.3,6.417898438680702,27.22318726346339,2.5611085288158364,1,synthetic,Marche sur les pointes synthétique,generated_toe_walk.csv
1.32,7.3575705600648815,27.596023694696278,1.8153435859807572,1,synthetic,Marche sur les pointes synthétique,generated_toe_walk.csv
1.34,7.308760679893188,27.006932615722846,2.11717967093128,1,synthetic,Marche sur les pointes synthétique,generated_toe_walk.csv
1.36,6.636430677980443,27.1516341963889,2.335419435986191,1,synthetic,Marche sur les pointes synthétique,generated_toe_walk.csv
1.38,7.217113985770197,26.715313810552615,2.7251357602407786,1,synthetic,Marche sur les pointes synthétique,generated_toe_walk.csv
1.4,7.066166182233381,27.243882023554907,2.6736467332512164,1,synthetic,Marche sur les pointes synthétique,generated_toe_walk.csv
1.42,7.114309254410212,27.074202030226772,2.18363712685346,1,synthetic,Marche sur les pointes synthétique,generated_toe_walk.csv
1.44,6.794433970537329,27.044649483250062,2.4176084181357402,1,synthetic,Marche sur les pointes synthétique,generated_toe_walk.csv
1.46,6.899524619421085,27.240003596321017,2.5124785495317936,1,synthetic,Marche sur les pointes synthétique,generated_toe_walk.csv
1.48,6.766152213612333,26.63668226147703,1.987726233949918,1,synthetic,Marche sur les pointes synthétique,generated_toe_walk.csv
1.5,7.0482340427399786,27.13725610982152,2.586173433944913,1,synthetic,Marche sur les pointes synthétique,generated_toe_walk.csv
1.52,6.959521228325502,27.106879434281527,2.865887632415514,1,synthetic,Marche sur les pointes synthétique,generated_toe_walk.csv
1.54,7.545658922079079,27.441503667921307,2.8347941700518526,1,synthetic,Marche sur les pointes synthétique,generated_toe_walk.csv
1.56,7.221050588507897,26.442437982384316,2.2841538186497394,1,synthetic,Marche sur les pointes synthétique,generated_toe_walk.csv
1.58,6.545514586429221,26.947587022053828,2.336862327624012,1,synthetic,Marche sur les pointes synthétique,generated_toe_walk.csv
1.6,7.162712773203383,27.619411658795556,2.1748866158603217,1,synthetic,Marche sur les pointes synthétique,generated_toe_walk.csv
1.62,7.479390199578349,26.853401078282005,2.3042570908669537,1,synthetic,Marche sur les pointes synthétique,generated_toe_walk.csv
1.64,7.131390849509004,26.844341836126002,2.3756295133304186,1,synthetic,Marche sur les pointes synthétique,generated_toe_walk.csv
1.66,7.380378504786886,27.49811341227865,2.65501345551892,1,synthetic,Marche sur les pointes synthétique,generated_toe_walk.csv
1.68,7.036001289647706,27.71152084345585,2.476256388020596,1,synthetic,Marche sur les pointes synthétique,generated_toe_walk.csv
1.7,7.263985691730369,27.00719325978235,2.1736632951489288,1,synthetic,Marche sur les pointes synthétique,generated_toe_walk.csv
1.72,6.763832674744919,26.763941842948697,2.6978773300486028,1,synthetic,Marche sur les pointes synthétique,generated_toe_walk.csv
1.74,7.297122118049305,26.80022909561423,2.7153672134360107,1,synthetic,Marche sur les pointes synthétique,generated_toe_walk.csv
1.76,6.6345117591785865,26.85949625697926,2.266642722589514,1,synthetic,Marche sur les pointes synthétique,generated_toe_walk.csv
1.78,7.459791059751702,26.72807219140807,2.3742452537073597,1,synthetic,Marche sur les pointes synthétique,generated_toe_walk.csv
1.8,6.6010470867254485,26.739374837578474,2.4160660288879185,1,synthetic,Marche sur les pointes synthétique,generated_toe_walk.csv
1.82,6.41637873150556,27.027812378477538,1.9529036464458929,1,synthetic,Marche sur les pointes synthétique,generated_toe_walk.csv
1.84,7.229771697924259,26.988222384811735,2.487362083610814,1,synthetic,Marche sur les pointes synthétique,generated_toe_walk.csv
1.86,7.014913460521019,27.11855966409441,2.6499072575091356,1,synthetic,Marche sur les pointes synthétique,generated_toe_walk.csv
1.88,7.105320598543625,26.987589109256444,3.0339677686713316,1,synthetic,Marche sur les pointes synthétique,generated_toe_walk.csv
1.9,7.20158375733328,26.625157126312157,2.5096284574492387,1,synthetic,Marche sur les pointes synthétique,generated_toe_walk.csv
1.92,7.063147318620878,27.201674502255685,2.368116438304645,1,synthetic,Marche sur les pointes synthétique,generated_toe_walk.csv
1.94,6.801047360554715,27.059655217456946,2.411459008026346,1,synthetic,Marche sur les pointes synthétique,generated_toe_walk.csv
1.96,7.137587862924813,26.8169825990115,2.640900309821091,1,synthetic,Marche sur les pointes synthétique,generated_toe_walk.csv
1.98,7.1772726737026655,26.90993636889856,2.6981075278625473,1,synthetic,Marche sur les pointes synthétique,generated_toe_walk.csv
2.0,7.219677071623842,27.085731100876988,2.2032816022016672,1,synthetic,Marche sur les pointes synthétique,generated_toe_walk.csv
2.02,7.67450665770083,27.013780172491995,2.520134630471184,1,synthetic,Marche sur les pointes synthétique,generated_toe_walk.csv
2.04,6.8377745504171905,26.95198759693438,2.6570080948968546,1,synthetic,Marche sur les pointes synthétique,generated_toe_walk.csv
2.06,7.088750715655335,27.214974723723042,1.8555215565874679,1,synthetic,Marche sur les pointes synthétique,generated_toe_walk.csv
2.08,7.243572370722647,27.30216011038841,2.8663338533691802,1,synthetic,Marche sur les pointes synthétique,generated_toe_walk.csv
2.1,6.937517063156876,26.89677181154945,2.3880699673581725,1,synthetic,Marche sur les pointes synthétique,generated_toe_walk.csv
2.12,6.712764360608142,26.986125718402427,2.7109307333394206,1,synthetic,Marche sur les pointes synthétique,generated_toe_walk.csv
2.14,6.909647679689496,26.666295380495015,2.4336916315890993,1,synthetic,Marche sur les pointes synthétique,generated_toe_walk.csv
2.16,7.414911909483814,26.942810926722125,2.371796791758861,1,synthetic,Marche sur les pointes synthétique,generated_toe_walk.csv
2.18,7.0088625900419546,27.13338244308515,2.4218642768503353,1,synthetic,Marche sur les pointes synthétique,generated_toe_walk.csv
2.2,7.2840159956063015,27.246314359069906,2.529966144177084,1,synthetic,Marche sur les pointes synthétique,generated_toe_walk.csv
2.22,6.874495135303293,27.039363470213093,2.703756025369419,1,synthetic,Marche sur les pointes synthétique,generated_toe_walk.csv
2.24,7.241169732256549,26.963426960238223,2.3640659009317413,1,synthetic,Marche sur les pointes synthétique,generated_toe_walk.csv
2.26,6.898415741465457,26.77800882760163,2.107563946124057,1,synthetic,Marche sur les pointes synthétique,generated_toe_walk.csv
2.28,6.851091149760743,27.05106349160889,2.2325246964440617,1,synthetic,Marche sur les pointes synthétique,generated_toe_walk.csv
2.3000000000000003,7.149834686417788,26.665601919874437,2.146743083373205,1,synthetic,Marche sur les pointes synthétique,generated_toe_walk.csv
2.32,7.132591168963006,27.022452854992384,2.665791190880229,1,synthetic,Marche sur les pointes synthétique,generated_toe_walk.csv
2.34,7.570625350320751,26.98930021175723,2.1490999386334733,1,synthetic,Marche sur les pointes synthétique,generated_toe_walk.csv
2.36,6.6168405546410325,26.71491241985516,2.8916051729237924,1,synthetic,Marche sur les pointes synthétique,generated_toe_walk.csv
2.38,7.271248969454773,27.076274799232316,2.4739203318389595,1,synthetic,Marche sur les pointes synthétique,generated_toe_walk.csv
2.4,7.6068100175522995,26.914731217749033,2.4084266580891893,1,synthetic,Marche sur les pointes synthétique,generated_toe_walk.csv
2.42,7.526537573112481,27.152263907340767,2.8269884297894357,1,synthetic,Marche sur les pointes synthétique,generated_toe_walk.csv
2.44,6.98524252798052,26.83132770152836,2.32587700421727,1,synthetic,Marche sur les pointes synthétique,generated_toe_walk.csv
2.46,6.8887626320983255,27.11518213400227,2.3495031102727473,1,synthetic,Marche sur les pointes synthétique,generated_toe_walk.csv
2.48,6.9409881293214655,27.43276087885358,2.674865263871516,1,synthetic,Marche sur les pointes synthétique,generated_toe_walk.csv
2.5,7.1818980166644195,27.025674571639293,2.665323875870946,1,synthetic,Marche sur les pointes synthétique,generated_toe_walk.csv
2.52,7.145473052190882,27.204381957566365,2.1449960197124196,1,synthetic,Marche sur les pointes synthétique,generated_toe_walk.csv
2.54,7.192284307718122,26.782994058929933,3.182564187395793,1,synthetic,Marche sur les pointes synthétique,generated_toe_walk.csv
2.56,7.265755673376484,26.866184451224587,2.6168599409420996,1,synthetic,Marche sur les pointes synthétique,generated_toe_walk.csv
2.58,6.747613627596088,26.414037111181372,2.0725599333162354,1,synthetic,Marche sur les pointes synthétique,generated_toe_walk.csv
2.6,6.724838696200986,26.923987820982884,2.3996335684332553,1,synthetic,Marche sur les pointes synthétique,generated_toe_walk.csv
2.62,6.690026340545513,26.635959046784006,2.7323039488444407,1,synthetic,Marche sur les pointes synthétique,generated_toe_walk.csv
2.64,6.651774289374991,27.00173336554997,2.521889601524827,1,synthetic,Marche sur les pointes synthétique,generated_toe_walk.csv
2.66,7.032313255949359,26.362530822449607,2.713900058398702,1,synthetic,Marche sur les pointes synthétique,generated_toe_walk.csv
2.68,7.158001901106225,26.714778748024525,3.1658383253302103,1,synthetic,Marche sur les pointes synthétique,generated_toe_walk.csv
2.7,7.840986907715771,26.992017592568548,2.7350716611670802,1,synthetic,Marche sur les pointes synthétique,generated_toe_walk.csv
2.72,7.224413226684304,27.08295178114991,3.059962472783697,1,synthetic,Marche sur les pointes synthétique,generated_toe_walk.csv
2.74,7.063677375711634,26.480698778863463,2.6641892539621446,1,synthetic,Marche sur les pointes synthétique,generated_toe_walk.csv
2.76,7.496384548503719,26.84507790357551,2.261456451927634,1,synthetic,Marche sur les pointes synthétique,generated_toe_walk.csv
2.78,6.836531729135423,27.72205478109855,2.915733003277057,1,synthetic,Marche sur les pointes synthétique,generated_toe_walk.csv
2.8000000000000003,7.170176682916231,27.20229274152737,2.253164273722613,1,synthetic,Marche sur les pointes synthétique,generated_toe_walk.csv
2.82,7.3707596484493605,27.019004685625433,2.7488936854571224,1,synthetic,Marche sur les pointes synthétique,generated_toe_walk.csv
2.84,7.317809474245914,26.16462952103723,2.6564943932301115,1,synthetic,Marche sur les pointes synthétique,generated_toe_walk.csv
2.86,7.2015206356035195,26.706225566266077,2.2065587637424438,1,synthetic,Marche sur les pointes synthétique,generated_toe_walk.csv
2.88,6.97056856412878,27.131086328816092,2.2490122429480848,1,synthetic,Marche sur les pointes synthétique,generated_toe_walk.csv
2.9,6.696996286912558,27.047982236306982,2.406273280578388,1,synthetic,Marche sur les pointes synthétique,generated_toe_walk.csv
2.92,7.030654031164186,27.113206454837467,2.5798313651993237,1,synthetic,Marche sur les pointes synthétique,generated_toe_walk.csv
2.94,6.894981744715633,27.260880483739218,2.859243585654857,1,synthetic,Marche sur les pointes synthétique,generated_toe_walk.csv
2.96,7.293787063826692,27.007720801519966,2.4811212869912422,1,synthetic,Marche sur les pointes synthétique,generated_toe_walk.csv
2.98,7.042791493554996,27.22801818343731,3.0283785740800955,1,synthetic,Marche sur les pointes synthétique,generated_toe_walk.csv
3.0,7.258545848771025,26.45009917432112,2.72112264698407,1,synthetic,Marche sur les pointes synthétique,generated_toe_walk.csv
3.02,6.591917413255964,27.71071446092157,2.2678132968444116,1,synthetic,Marche sur les pointes synthétique,generated_toe_walk.csv
3.04,7.386825976124547,26.88762943568244,2.2763600718609527,1,synthetic,Marche sur les pointes synthétique,generated_toe_walk.csv
3.06,6.824253880114652,26.785417780156237,2.490436129011249,1,synthetic,Marche sur les pointes synthétique,generated_toe_walk.csv
3.08,6.606374718036176,27.416746696095714,2.311815480680114,1,synthetic,Marche sur les pointes synthétique,generated_toe_walk.csv
3.1,6.666749801786349,27.154094815461963,2.443026092738809,1,synthetic,Marche sur les pointes synthétique,generated_toe_walk.csv
3.12,6.901370650694844,27.262421993196792,2.7046188098917345,1,synthetic,Marche sur les pointes synthétique,generated_toe_walk.csv
3.14,7.444222600692202,26.7952590487455,2.5527321125411655,1,synthetic,Marche sur les pointes synthétique,generated_toe_walk.csv
3.16,7.319398383871877,27.059181285326037,2.768862358733889,1,synthetic,Marche sur les pointes synthétique,generated_toe_walk.csv
3.18,6.740141949586175,27.185695844665826,2.2713119263022747,1,synthetic,Marche sur les pointes synthétique,generated_toe_walk.csv
3.2,7.128027128169534,26.642319997012468,2.2198445058088945,1,synthetic,Marche sur les pointes synthétique,generated_toe_walk.csv
3.22,7.068462197015602,26.912491614523514,2.0592310741317172,1,synthetic,Marche sur les pointes synthétique,generated_toe_walk.csv
3.24,6.617221246954304,26.904958729336034,1.943734906505603,1,synthetic,Marche sur les pointes synthétique,generated_toe_walk.csv
3.26,6.7950143308793285,26.891299411224725,2.3432844777608355,1,synthetic,Marche sur les pointes synthétique,generated_toe_walk.csv
3.28,6.472852988224965,26.770365614049325,2.497381959644711,1,synthetic,Marche sur les pointes synthétique,generated_toe_walk.csv
3.3000000000000003,6.831112299424503,26.605792595551723,2.417725726638892,1,synthetic,Marche sur les pointes synthétique,generated_toe_walk.csv
3.3200000000000003,6.283054909340957,27.101522591853797,2.480195964445661,1,synthetic,Marche sur les pointes synthétique,generated_toe_walk.csv
3.34,6.854643606857127,27.046304195765497,3.0916526617547078,1,synthetic,Marche sur les pointes synthétique,generated_toe_walk.csv
3.36,6.812041942314093,27.313227174451363,2.1521217169041185,1,synthetic,Marche sur les pointes synthétique,generated_toe_walk.csv
3.38,6.855100678639345,26.95330157578699,2.3996271631016572,1,synthetic,Marche sur les pointes synthétique,generated_toe_walk.csv
3.4,6.846783297615281,26.777088917975796,2.33495946575525,1,synthetic,Marche sur les pointes synthétique,generated_toe_walk.csv
3.42,7.455873457489069,26.548811851310045,2.2094620468221935,1,synthetic,Marche sur les pointes synthétique,generated_toe_walk.csv
3.44,6.992115717204779,26.999088934261994,2.8884091200228403,1,synthetic,Marche sur les pointes synthétique,generated_toe_walk.csv
3.46,7.17281932531797,26.883766152724885,2.4735788408878316,1,synthetic,Marche sur les pointes synthétique,generated_toe_walk.csv
3.48,7.33222301309621,27.567314516674106,2.8588956333619597,1,synthetic,Marche sur les pointes synthétique,generated_toe_walk.csv
3.5,7.378214689694215,27.64896522527425,2.14478775860873,1,synthetic,Marche sur les pointes synthétique,generated_toe_walk.csv
3.52,7.3124595019847325,27.439434276268067,3.0462339856615173,1,synthetic,Marche sur les pointes synthétique,generated_toe_walk.csv
3.54,6.938184087748887,26.71237225850516,3.1624817442894515,1,synthetic,Marche sur les pointes synthétique,generated_toe_walk.csv
3.56,6.776930422536999,26.568597883491986,2.219687580925805,1,synthetic,Marche sur les pointes synthétique,generated_toe_walk.csv
3.58,6.880711272156134,26.90999258840793,2.4764588877959195,1,synthetic,Marche sur les pointes synthétique,generated_toe_walk.csv
3.6,6.98243464762099,26.718098496997467,2.4392711272815357,1,synthetic,Marche sur les pointes synthétique,generated_toe_walk.csv
3.62,7.137265490780521,27.398842987153827,2.644188595538414,1,synthetic,Marche sur les pointes synthétique,generated_toe_walk.csv
3.64,7.11547482310594,27.015997019964836,2.0853122295764335,1,synthetic,Marche sur les pointes synthétique,generated_toe_walk.csv
3.66,7.484267729275964,26.862377245398218,2.616298403317412,1,synthetic,Marche sur les pointes synthétique,generated_toe_walk.csv
3.68,7.123213236897177,26.97708289910682,2.69651070513892,1,synthetic,Marche sur les pointes synthétique,generated_toe_walk.csv
3.7,7.7189653743131315,27.348487463891818,2.3014441471297316,1,synthetic,Marche sur les pointes synthétique,generated_toe_walk.csv
3.72,7.505892130533548,26.697740970566137,1.8023019618088607,1,synthetic,Marche sur les pointes synthétique,generated_toe_walk.csv
3.74,7.0721453232346425,27.111376320258508,2.2736070980567282,1,synthetic,Marche sur les pointes synthétique,generated_toe_walk.csv
3.76,7.526358831025499,26.571198532715165,2.347461614717251,1,synthetic,Marche sur les pointes synthétique,generated_toe_walk.csv
3.78,6.425108469921698,26.89038918407303,2.678896858209151,1,synthetic,Marche sur les pointes synthétique,generated_toe_walk.csv
3.8,7.776935150689403,26.749959747112047,2.244422179910937,1,synthetic,Marche sur les pointes synthétique,generated_toe_walk.csv
3.82,7.525160014724464,27.031932440824512,2.0623525856995375,1,synthetic,Marche sur les pointes synthétique,generated_toe_walk.csv
3.84,7.564174686309371,26.982370694700748,2.5672832812116266,1,synthetic,Marche sur les pointes synthétique,generated_toe_walk.csv
3.86,6.960578811454564,27.289377478789692,2.473955107250685,1,synthetic,Marche sur les pointes synthétique,generated_toe_walk.csv
3.88,8.280661691258917,27.140651700299795,2.5693159231999982,1,synthetic,Marche sur les pointes synthétique,generated_toe_walk.csv
3.9,7.451122295020586,26.7634821029942,2.3579154472176937,1,synthetic,Marche sur les pointes synthétique,generated_toe_walk.csv
3.92,7.498205404012091,26.55477958724498,2.666454240847516,1,synthetic,Marche sur les pointes synthétique,generated_toe_walk.csv
3.94,7.894239807918688,26.706136764728917,2.515972640543978,1,synthetic,Marche sur les pointes synthétique,generated_toe_walk.csv
3.96,7.496196837249334,26.82074831407996,1.838938083976843,1,synthetic,Marche sur les pointes synthétique,generated_toe_walk.csv
3.98,7.304510346111274,26.880778916978308,2.4425669993410963,1,synthetic,Marche sur les pointes synthétique,generated_toe_walk.csv
4.0,7.781893109873241,26.72856564095269,2.6170979148747304,1,synthetic,Marche sur les pointes synthétique,generated_toe_walk.csv
4.0200000000000005,7.289078691219722,27.277249533221653,2.3918341320795946,1,synthetic,Marche sur les pointes synthétique,generated_toe_walk.csv
4.04,7.842297830679886,27.24957855959539,2.817356295575793,1,synthetic,Marche sur les pointes synthétique,generated_toe_walk.csv
4.0600000000000005,7.647539025745662,26.919009927851263,2.2479218842193407,1,synthetic,Marche sur les pointes synthétique,generated_toe_walk.csv
4.08,7.898854752740048,26.885430554148535,2.6044744978548575,1,synthetic,Marche sur les pointes synthétique,generated_toe_walk.csv
4.1,7.051845320603776,27.008980278609076,2.0390689032590306,1,synthetic,Marche sur les pointes synthétique,generated_toe_walk.csv
4.12,7.510664616180486,27.117033558895493,2.4586552956327505,1,synthetic,Marche sur les pointes synthétique,generated_toe_walk.csv
4.14,6.574664490773889,27.179205895281807,2.4605261002653327,1,synthetic,Marche sur les pointes synthétique,generated_toe_walk.csv
4.16,5.993397583160939,26.798579121030084,2.6415314816022257,1,synthetic,Marche sur les pointes synthétique,generated_toe_walk.csv
4.18,3.765563925269202,27.310268544374182,3.066439664896207,1,synthetic,Marche sur les pointes synthétique,generated_toe_walk.csv
4.2,2.9076326386921383,27.151820460520458,4.174552458767138,1,synthetic,Marche sur les pointes synthétique,generated_toe_walk.csv
4.22,0.9358732946688474,28.201033353427015,4.730387479001041,1,synthetic,Marche sur les pointes synthétique,generated_toe_walk.csv
4.24,-0.14927110525191362,28.99255852227231,4.5764122702927015,1,synthetic,Marche sur les pointes synthétique,generated_toe_walk.csv
4.26,-0.9048932641898157,28.899045103984903,4.378402998755875,1,synthetic,Marche sur les pointes synthétique,generated_toe_walk.csv
4.28,-0.3021235888256857,29.28456716582822,4.3067803456662315,1,synthetic,Marche sur les pointes synthétique,generated_toe_walk.csv
4.3,0.534838168014879,28.777295420381634,4.302252353343596,1,synthetic,Marche sur les pointes synthétique,generated_toe_walk.csv
4.32,1.2242079846047242,28.06018455179966,3.181557262866924,1,synthetic,Marche sur les pointes synthétique,generated_toe_walk.csv
4.34,2.3075521054534818,27.880335470505962,3.424083125803347,1,synthetic,Marche sur les pointes synthétique,generated_toe_walk.csv
4.36,3.3165621296967025,26.661627368904213,1.9967218348462126,1,synthetic,Marche sur les pointes synthétique,generated_toe_walk.csv
4.38,4.961496959185708,25.90220344098011,1.802917722409917,1,synthetic,Marche sur les pointes synthétique,generated_toe_walk.csv
4.4,5.425485433404152,25.14401122794335,1.199348857042802,1,synthetic,Marche sur les pointes synthétique,generated_toe_walk.csv
4.42,6.5139986944659,25.024392266416516,0.696649832037255,1,synthetic,Marche sur les pointes synthétique,generated_toe_walk.csv
4.44,7.214320962386054,24.523762836584037,-0.4135410474599182,1,synthetic,Marche sur les pointes synthétique,generated_toe_walk.csv
4.46,8.172492965833262,24.33692381700553,-1.044732401138542,1,synthetic,Marche sur les pointes synthétique,generated_toe_walk.csv
4.48,9.13542484930142,23.44981944289125,-1.711663580581352,1,synthetic,Marche sur les pointes synthétique,generated_toe_walk.csv
4.5,9.703871996922954,23.07557655042188,-1.4454896247312128,1,synthetic,Marche sur les pointes synthétique,generated_toe_walk.csv
4.5200000000000005,10.814679063274154,22.305328303080866,-2.2401864790218227,1,synthetic,Marche sur les pointes synthétique,generated_toe_walk.csv
4.54,10.616399234353555,21.357550936362394,-2.8990866775898603,1,synthetic,Marche sur les pointes synthétique,generated_toe_walk.csv
4.5600000000000005,10.126521089996716,21.6897975666487,-3.235168704714969,1,synthetic,Marche sur les pointes synthétique,generated_toe_walk.csv
4.58,8.394047383251253,20.975147840057275,-2.9692610140651077,1,synthetic,Marche sur les pointes synthétique,generated_toe_walk.csv
4.6000000000000005,7.328934698138156,20.236283964940895,-2.809481683230215,1,synthetic,Marche sur les pointes synthétique,generated_toe_walk.csv
4.62,5.9446444315317235,19.888132081939766,-2.0157265735861567,1,synthetic,Marche sur les pointes synthétique,generated_toe_walk.csv
4.64,5.273294022784448,19.97160269217457,-2.316859906252895,1,synthetic,Marche sur les pointes synthétique,generated_toe_walk.csv
4.66,5.453940307406985,19.860098772441656,-0.8210956451266576,1,synthetic,Marche sur les pointes synthétique,generated_toe_walk.csv
4.68,5.310530356694932,19.857313763137,-0.8277991125868576,1,synthetic,Marche sur les pointes synthétique,generated_toe_walk.csv
4.7,6.351134097730738,19.486100666487186,-0.37202058099367014,1,synthetic,Marche sur les pointes synthétique,generated_toe_walk.csv
4.72,6.8928618909187644,19.58948450285519,-0.2270673650542779,1,synthetic,Marche sur les pointes synthétique,generated_toe_walk.csv
4.74,7.253252759012245,19.819271587138193,-0.07316112478264562,1,synthetic,Marche sur les pointes synthétique,generated_toe_walk.csv
4.76,6.983381960332922,19.915451224694888,0.17951165464143293,1,synthetic,Marche sur les pointes synthétique,generated_toe_walk.csv
4.78,7.307314585981096,19.23404218846817,-0.13133448434087203,1,synthetic,Marche sur les pointes synthétique,generated_toe_walk.csv
4.8,7.402244870659724,19.841440029959994,-0.7859963578065998,1,synthetic,Marche sur les pointes synthétique,generated_toe_walk.csv
4.82,7.024627242223982,19.56646817496414,-0.5064049468675633,1,synthetic,Marche sur les pointes synthétique,generated_toe_walk.csv
4.84,6.749032613592806,19.546429364284528,-0.6058017263056318,1,synthetic,Marche sur les pointes synthétique,generated_toe_walk.csv
4.86,6.8269516540582895,19.746655849559676,-0.5252326257860096,1,synthetic,Marche sur les pointes synthétique,generated_toe_walk.csv
4.88,7.589649515138898,19.621564195485558,-0.6756200087429367,1,synthetic,Marche sur les pointes synthétique,generated_toe_walk.csv
4.9,7.4096600514460516,20.009390038857845,-0.7536066651800071,1,synthetic,Marche sur les pointes synthétique,generated_toe_walk.csv
4.92,6.928838636460619,19.99050437607455,-0.4492554713017897,1,synthetic,Marche sur les pointes synthétique,generated_toe_walk.csv
4.94,7.106473840771889,19.685476419940564,-1.1189009482448085,1,synthetic,Marche sur les pointes synthétique,generated_toe_walk.csv
4.96,7.145812081478539,19.57741555319191,-0.1593689578410593,1,synthetic,Marche sur les pointes synthétique,generated_toe_walk.csv
4.98,7.138569198219042,20.29373342652294,-1.0060278578065605,1,synthetic,Marche sur les pointes synthétique,generated_toe_walk.csv
5.0,7.234895683817359,20.320211154101788,-1.1691792576784452,1,synthetic,Marche sur les pointes synthétique,generated_toe_walk.csv
5.0200000000000005,7.931171478555854,19.894531891108908,-0.6515061846093755,1,synthetic,Marche sur les pointes synthétique,generated_toe_walk.csv
5.04,7.028510745510226,19.741117513615947,-0.5776183549339303,1,synthetic,Marche sur les pointes synthétique,generated_toe_walk.csv
5.0600000000000005,7.33572962627881,20.09193000618588,-0.5405564867542363,1,synthetic,Marche sur les pointes synthétique,generated_toe_walk.csv
5.08,7.081834541323869,20.228032706064234,-0.48135872991362566,1,synthetic,Marche sur les pointes synthétique,generated_toe_walk.csv
5.1000000000000005,7.150446103114538,19.651014120777653,-0.7755456947901826,1,synthetic,Marche sur les pointes synthétique,generated_toe_walk.csv
5.12,7.078079044576074,20.34401971397908,-0.9035145817054719,1,synthetic,Marche sur les pointes synthétique,generated_toe_walk.csv
5.14,7.294632504183589,19.78246658666879,-0.8354647857153075,1,synthetic,Marche sur les pointes synthétique,generated_toe_walk.csv
5.16,7.203663010668628,20.16975378404695,-0.9804111299314643,1,synthetic,Marche sur les pointes synthétique,generated_toe_walk.csv
5.18,7.489705930585849,19.716046119422334,-1.176489710119901,1,synthetic,Marche sur les pointes synthétique,generated_toe_walk.csv
5.2,7.438636844882915,19.908239357295763,-0.5613063329185772,1,synthetic,Marche sur les pointes synthétique,generated_toe_walk.csv
5.22,7.096822758163199,19.772193748035626,-0.502450977909522,1,synthetic,Marche sur les pointes synthétique,generated_toe_walk.csv
5.24,7.920932389906524,19.917384537752202,-1.0013042902432039,1,synthetic,Marche sur les pointes synthétique,generated_toe_walk.csv
5.26,6.922649995973603,20.20450249150138,-0.9896511977699641,1,synthetic,Marche sur les pointes synthétique,generated_toe_walk.csv
5.28,7.323006530959121,19.624756147116337,-0.9473147035890882,1,synthetic,Marche sur les pointes synthétique,generated_toe_walk.csv
5.3,7.8252194448308865,19.78795991285781,-1.1653232976094692,1,synthetic,Marche sur les pointes synthétique,generated_toe_walk.csv
5.32,6.897225897306628,20.023311494267524,-0.7133923397370715,1,synthetic,Marche sur les pointes synthétique,generated_toe_walk.csv
5.34,7.495903688265956,19.71860314869145,-0.5320529840563626,1,synthetic,Marche sur les pointes synthétique,generated_toe_walk.csv
5.36,7.510764869497314,20.45399348437887,-0.26447524316504867,1,synthetic,Marche sur les pointes synthétique,generated_toe_walk.csv
5.38,7.179575160905056,19.426763082710156,-0.48148275668070684,1,synthetic,Marche sur les pointes synthétique,generated_toe_walk.csv
5.4,6.508932017393603,20.61820349144623,-0.7059348290915978,1,synthetic,Marche sur les pointes synthétique,generated_toe_walk.csv
5.42,7.517390754759071,19.686172878818592,0.07524266726065042,1,synthetic,Marche sur les pointes synthétique,generated_toe_walk.csv
5.44,7.1159744268818255,20.1819065766777,0.3894670511044159,1,synthetic,Marche sur les pointes synthétique,generated_toe_walk.csv
5.46,6.935230684692292,20.391108488395297,-0.8016314503353738,1,synthetic,Marche sur les pointes synthétique,generated_toe_walk.csv
5.48,7.502860956524698,20.08387098870103,-0.23497102332544362,1,synthetic,Marche sur les pointes synthétique,generated_toe_walk.csv
5.5,6.893512544208597,19.518529039829136,0.040409387904428634,1,synthetic,Marche sur les pointes synthétique,generated_toe_walk.csv
5.5200000000000005,7.435558408351071,19.841150358043546,-0.5740245595609343,1,synthetic,Marche sur les pointes synthétique,generated_toe_walk.csv
5.54,6.932495923951966,19.957075000865157,-0.6361565317433837,1,synthetic,Marche sur les pointes synthétique,generated_toe_walk.csv
5.5600000000000005,7.254865923778972,20.09199384697647,-0.14469335080304063,1,synthetic,Marche sur les pointes synthétique,generated_toe_walk.csv
5.58,6.75545542768238,20.198340419751634,-0.15408454745992395,1,synthetic,Marche sur les pointes synthétique,generated_toe_walk.csv
5.6000000000000005,6.969597813066436,20.2177723036502,-0.18879037369374188,1,synthetic,Marche sur les pointes synthétique,generated_toe_walk.csv
5.62,6.821304538414671,20.298226963804034,0.5806324167725432,1,synthetic,Marche sur les pointes synthétique,generated_toe_walk.csv
5.64,6.8998282521350625,19.560022138963657,0.6083019032700767,1,synthetic,Marche sur les pointes synthétique,generated_toe_walk.csv
5.66,7.1878394038729825,20.12081381961925,0.4099199384025015,1,synthetic,Marche sur les pointes synthétique,generated_toe_walk.csv
5.68,7.08745773684616,19.296723662902487,0.23700087942885878,1,synthetic,Marche sur les pointes synthétique,generated_toe_walk.csv
5.7,7.198237467229656,19.846640839310783,0.19718218330188314,1,synthetic,Marche sur les pointes synthétique,generated_toe_walk.csv
5.72,7.530991405670193,19.473414775775783,0.6019936145982219,1,synthetic,Marche sur les pointes synthétique,generated_toe_walk.csv
5.74,7.101349919966867,19.25402659132723,0.3052384401580694,1,synthetic,Marche sur les pointes synthétique,generated_toe_walk.csv
5.76,6.564398986046509,20.048207112321236,0.862684361042205,1,synthetic,Marche sur les pointes synthétique,generated_toe_walk.csv
5.78,7.042565432641081,19.760985058003143,0.8303878006003422,1,synthetic,Marche sur les pointes synthétique,generated_toe_walk.csv
5.8,7.153682650795064,20.06072068181734,0.3099205490279091,1,synthetic,Marche sur les pointes synthétique,generated_toe_walk.csv
5.82,7.437052394682713,19.29736874625867,0.7437827599146273,1,synthetic,Marche sur les pointes synthétique,generated_toe_walk.csv
5.84,7.433131545052207,19.40499503525588,1.0112284327030538,1,synthetic,Marche sur les pointes synthétique,generated_toe_walk.csv
5.86,7.394185589600829,19.737286215541474,0.7605635507690539,1,synthetic,Marche sur les pointes synthétique,generated_toe_walk.csv
5.88,7.016855730519079,19.568619585525358,0.30366591240078616,1,synthetic,Marche sur les pointes synthétique,generated_toe_walk.csv
5.9,7.263694417191251,19.786812420967305,0.5302967112454806,1,synthetic,Marche sur les pointes synthétique,generated_toe_walk.csv
5.92,6.599870046035896,19.580361124329933,0.5289559495256084,1,synthetic,Marche sur les pointes synthétique,generated_toe_walk.csv
5.94,7.40967473548621,19.664621278567573,0.6876456523696723,1,synthetic,Marche sur les pointes synthétique,generated_toe_walk.csv
5.96,7.113759164604044,19.424601544439753,0.6853065301897084,1,synthetic,Marche sur les pointes synthétique,generated_toe_walk.csv
5.98,7.098212816332622,20.14538313859851,0.5982336663240322,1,synthetic,Marche sur les pointes synthétique,generated_toe_walk.csv
6.0,6.7881857432340915,19.6715004655897,0.9896638821946442,1,synthetic,Marche sur les pointes synthétique,generated_toe_walk.csv
6.0200000000000005,6.887992848562652,19.41772273079495,1.1735897876487118,1,synthetic,Marche sur les pointes synthétique,generated_toe_walk.csv
6.04,6.637187260298171,19.974148576824884,0.6362795015693088,1,synthetic,Marche sur les pointes synthétique,generated_toe_walk.csv
6.0600000000000005,6.99714717654136,19.92337473195779,0.391975860710474,1,synthetic,Marche sur les pointes synthétique,generated_toe_walk.csv
6.08,6.405040676631841,19.858643093221282,0.9596289708517165,1,synthetic,Marche sur les pointes synthétique,generated_toe_walk.csv
6.1000000000000005,7.102007604402292,19.876652108151212,0.8555857317151722,1,synthetic,Marche sur les pointes synthétique,generated_toe_walk.csv
6.12,6.964231085771182,19.708306641061984,0.9798046901309412,1,synthetic,Marche sur les pointes synthétique,generated_toe_walk.csv
6.140000000000001,7.41644645695421,19.80268001707278,0.6408569298726298,1,synthetic,Marche sur les pointes synthétique,generated_toe_walk.csv
6.16,6.784331264950321,19.194664164092686,0.9291599137583009,1,synthetic,Marche sur les pointes synthétique,generated_toe_walk.csv
6.18,6.767784536825541,19.39451451286755,0.57313801802508,1,synthetic,Marche sur les pointes synthétique,generated_toe_walk.csv
6.2,6.86419962156819,19.496778867341963,1.1756820041921996,1,synthetic,Marche sur les pointes synthétique,generated_toe_walk.csv
6.22,6.8258375567874525,19.952411144894683,1.3566225444648055,1,synthetic,Marche sur les pointes synthétique,generated_toe_walk.csv
6.24,6.790407753968065,20.23501353303165,0.5766645167107785,1,synthetic,Marche sur les pointes synthétique,generated_toe_walk.csv
6.26,6.491740058919612,19.826757003626874,0.07944475678003027,1,synthetic,Marche sur les pointes synthétique,generated_toe_walk.csv
6.28,6.496673570578118,19.800357904712712,0.7140562735443471,1,synthetic,Marche sur les pointes synthétique,generated_toe_walk.csv
6.3,6.665312725100353,20.21853853336723,0.7074358646374376,1,synthetic,Marche sur les pointes synthétique,generated_toe_walk.csv
6.32,6.752605507414541,19.779135256653728,0.9243719532731273,1,synthetic,Marche sur les pointes synthétique,generated_toe_walk.csv
6.34,6.479427816877023,20.087370381248636,0.8703230120517916,1,synthetic,Marche sur les pointes synthétique,generated_toe_walk.csv
6.36,6.4877489978375396,20.025985324246214,1.0087925791649441,1,synthetic,Marche sur les pointes synthétique,generated_toe_walk.csv
6.38,6.758360405450555,19.507310922937158,1.6713617873069335,1,synthetic,Marche sur les pointes synthétique,generated_toe_walk.csv
6.4,7.07031842451285,19.998621936736047,0.689649488281322,1,synthetic,Marche sur les pointes synthétique,generated_toe_walk.csv
6.42,6.7852147911188565,19.968303311108833,0.7435409043673152,1,synthetic,Marche sur les pointes synthétique,generated_toe_walk.csv
6.44,7.050657960609942,19.568279555075485,0.9817946050761968,1,synthetic,Marche sur les pointes synthétique,generated_toe_walk.csv
6.46,7.139266713950892,19.606521511278483,0.2887699538017213,1,synthetic,Marche sur les pointes synthétique,generated_toe_walk.csv
6.48,7.07478154481971,19.541279665352977,1.0674704827594577,1,synthetic,Marche sur les pointes synthétique,generated_toe_walk.csv
6.5,6.707429819373036,20.335622153656516,0.632450504656414,1,synthetic,Marche sur les pointes synthétique,generated_toe_walk.csv
6.5200000000000005,6.705558865797675,20.55933534726042,0.3823466457957259,1,synthetic,Marche sur les pointes synthétique,generated_toe_walk.csv
6.54,6.249430568657726,20.142265289900944,0.5594853262058592,1,synthetic,Marche sur les pointes synthétique,generated_toe_walk.csv
6.5600000000000005,6.599546019370929,20.39899926191701,0.9709379403068201,1,synthetic,Marche sur les pointes synthétique,generated_toe_walk.csv
6.58,6.9344299871118995,19.528592908444576,1.0839999463305472,1,synthetic,Marche sur les pointes synthétique,generated_toe_walk.csv
6.6000000000000005,6.435296134817358,20.351433069149525,1.214512428377708,1,synthetic,Marche sur les pointes synthétique,generated_toe_walk.csv
6.62,7.15380480698188,20.526619637324924,0.9702772233802289,1,synthetic,Marche sur les pointes synthétique,generated_toe_walk.csv
6.640000000000001,7.148073908833342,20.430869603024792,0.6115513635958603,1,synthetic,Marche sur les pointes synthétique,generated_toe_walk.csv
6.66,6.556274666685625,19.682288537733054,0.9790377051534553,1,synthetic,Marche sur les pointes synthétique,generated_toe_walk.csv
6.68,6.918094419515286,20.2999909349704,0.7745594234184362,1,synthetic,Marche sur les pointes synthétique,generated_toe_walk.csv
6.7,6.167532681309698,19.954075896098377,1.4909449860682211,1,synthetic,Marche sur les pointes synthétique,generated_toe_walk.csv
6.72,6.25723609117984,20.31747214764723,0.17506364454528756,1,synthetic,Marche sur les pointes synthétique,generated_toe_walk.csv
6.74,6.44321088741153,19.808436106914115,1.2954193041712116,1,synthetic,Marche sur les pointes synthétique,generated_toe_walk.csv
6.76,6.548796379308936,20.003140692771844,1.0770652534345264,1,synthetic,Marche sur les pointes synthétique,generated_toe_walk.csv
6.78,6.469622325348511,19.826650624342093,1.0131808732120269,1,synthetic,Marche sur les pointes synthétique,generated_toe_walk.csv
6.8,6.226557368941779,20.13367718741285,0.9218461288204041,1,synthetic,Marche sur les pointes synthétique,generated_toe_walk.csv
6.82,7.067924072906494,19.95462793469525,0.851988724894935,1,synthetic,Marche sur les pointes synthétique,generated_toe_walk.csv
6.84,6.600809055702436,20.316659167777875,0.7973153966978099,1,synthetic,Marche sur les pointes synthétique,generated_toe_walk.csv
6.86,6.634176982777394,20.23058393975949,0.672857685482398,1,synthetic,Marche sur les pointes synthétique,generated_toe_walk.csv
6.88,6.784151999895283,20.10846999752301,1.790108091658483,1,synthetic,Marche sur les pointes synthétique,generated_toe_walk.csv
6.9,6.699211291781146,19.973323391878505,1.4882178160093607,1,synthetic,Marche sur les pointes synthétique,generated_toe_walk.csv
6.92,6.612060673229274,19.888395110096766,1.4282480684334924,1,synthetic,Marche sur les pointes synthétique,generated_toe_walk.csv
6.94,6.524665270143478,19.963257150823335,1.3669387237295259,1,synthetic,Marche sur les pointes synthétique,generated_toe_walk.csv
6.96,6.231587465846966,20.15835187393,0.738915235415623,1,synthetic,Marche sur les pointes synthétique,generated_toe_walk.csv
6.98,7.269630551997425,19.941121008855557,1.3026330870932936,1,synthetic,Marche sur les pointes synthétique,generated_toe_walk.csv
7.0,6.573949836949842,19.973511694520646,1.4627457693896613,1,synthetic,Marche sur les pointes synthétique,generated_toe_walk.csv
7.0200000000000005,6.418490981557576,19.89347670791459,1.749354323852915,1,synthetic,Marche sur les pointes synthétique,generated_toe_walk.csv
7.04,6.714377576247147,19.92181743384337,1.009609030541571,1,synthetic,Marche sur les pointes synthétique,generated_toe_walk.csv
7.0600000000000005,6.502292340828337,19.806577867676193,1.235205477094714,1,synthetic,Marche sur les pointes synthétique,generated_toe_walk.csv
7.08,7.606364334109189,19.512306655405983,0.8868986219515763,1,synthetic,Marche sur les pointes synthétique,generated_toe_walk.csv
7.1000000000000005,7.146188895520706,20.29332726687539,0.8008735304678359,1,synthetic,Marche sur les pointes synthétique,generated_toe_walk.csv
7.12,7.510696303634268,20.302094611642058,0.46350412976026334,1,synthetic,Marche sur les pointes synthétique,generated_toe_walk.csv
7.140000000000001,7.576397149618128,19.829433776322574,0.7830355620186898,1,synthetic,Marche sur les pointes synthétique,generated_toe_walk.csv
7.16,7.350628941039464,20.649790377300274,0.7405663119798656,1,synthetic,Marche sur les pointes synthétique,generated_toe_walk.csv
7.18,7.442974269054078,19.671127587024845,0.25012840757146193,1,synthetic,Marche sur les pointes synthétique,generated_toe_walk.csv
7.2,7.121074821699642,20.250247949928475,1.288843370141136,1,synthetic,Marche sur les pointes synthétique,generated_toe_walk.csv
7.22,7.383120435379343,19.957829412375524,1.7013388862888728,1,synthetic,Marche sur les pointes synthétique,generated_toe_walk.csv
7.24,7.2769313066627745,19.913295614548897,0.8834094343834694,1,synthetic,Marche sur les pointes synthétique,generated_toe_walk.csv
7.26,7.537213327877779,20.106622503048012,1.5865366897195885,1,synthetic,Marche sur les pointes synthétique,generated_toe_walk.csv
7.28,7.334094277331021,20.003773211305678,1.0164061950825323,1,synthetic,Marche sur les pointes synthétique,generated_toe_walk.csv
7.3,7.963945878359956,19.711227646117813,1.1984293257067846,1,synthetic,Marche sur les pointes synthétique,generated_toe_walk.csv
7.32,7.826517082681131,19.37389158648913,1.91317094841584,1,synthetic,Marche sur les pointes synthétique,generated_toe_walk.csv
7.34,7.576335470684205,19.315431953798935,1.4686162989555305,1,synthetic,Marche sur les pointes synthétique,generated_toe_walk.csv
7.36,7.105085303996953,19.732992054151676,1.8729393749965273,1,synthetic,Marche sur les pointes synthétique,generated_toe_walk.csv
7.38,7.803189553128884,20.14661433233347,1.5023522146188635,1,synthetic,Marche sur les pointes synthétique,generated_toe_walk.csv
7.4,7.8354968312980775,19.938948099719,1.702474154743311,1,synthetic,Marche sur les pointes synthétique,generated_toe_walk.csv
7.42,7.5260528414526755,19.67204241769728,1.31812074533458,1,synthetic,Marche sur les pointes synthétique,generated_toe_walk.csv
7.44,7.11259304949708,19.790317020284945,1.7463725990316767,1,synthetic,Marche sur les pointes synthétique,generated_toe_walk.csv
7.46,7.540482244248898,19.909316931869668,1.7833372418774376,1,synthetic,Marche sur les pointes synthétique,generated_toe_walk.csv
7.48,7.606990881286365,20.237557499859133,1.364277492704759,1,synthetic,Marche sur les pointes synthétique,generated_toe_walk.csv
7.5,6.470909592186361,19.520588439854446,0.8786386432006765,1,synthetic,Marche sur les pointes synthétique,generated_toe_walk.csv
7.52,6.862018080866143,19.998331039371052,0.7998065634945244,1,synthetic,Marche sur les pointes synthétique,generated_toe_walk.csv
7.54,5.605069821117903,19.91100554789712,0.465421740021501,1,synthetic,Marche sur les pointes synthétique,generated_toe_walk.csv
7.56,5.39252274766375,19.67587353494511,0.73801130732592,1,synthetic,Marche sur les pointes synthétique,generated_toe_walk.csv
7.58,4.822799998326182,19.706263548398475,0.51942541450876,1,synthetic,Marche sur les pointes synthétique,generated_toe_walk.csv
7.6,2.9274436409159765,20.555651910291264,-0.05575313042087343,1,synthetic,Marche sur les pointes synthétique,generated_toe_walk.csv
7.62,1.4429845825072365,20.549755516911855,0.102984365750109,1,synthetic,Marche sur les pointes synthétique,generated_toe_walk.csv
7.640000000000001,-0.2366832144608922,20.78719849504982,-0.7911506035667326,1,synthetic,Marche sur les pointes synthétique,generated_toe_walk.csv
7.66,-1.0810095879658004,21.364150953993306,-0.5289698442418425,1,synthetic,Marche sur les pointes synthétique,generated_toe_walk.csv
7.68,-0.8172975367659646,22.156764380521757,-1.2584028506367553,1,synthetic,Marche sur les pointes synthétique,generated_toe_walk.csv
7.7,-0.9638206708000763,22.356079148089087,-1.3083148617860074,1,synthetic,Marche sur les pointes synthétique,generated_toe_walk.csv
7.72,-0.7355593264136928,23.159153337542413,-2.0834396723374784,1,synthetic,Marche sur les pointes synthétique,generated_toe_walk.csv
7.74,0.19888148491817026,22.811108043490492,-2.062246475965886,1,synthetic,Marche sur les pointes synthétique,generated_toe_walk.csv
7.76,1.2231728429596425,22.718139459328288,-2.082849501243169,1,synthetic,Marche sur les pointes synthétique,generated_toe_walk.csv
7.78,2.8156861977360337,22.87185043687747,-1.0980256051461637,1,synthetic,Marche sur les pointes synthétique,generated_toe_walk.csv
7.8,3.1586932625326973,22.538701624984796,-1.5085416292529787,1,synthetic,Marche sur les pointes synthétique,generated_toe_walk.csv
7.82,4.383525855999578,22.568575478017628,-0.708582504328555,1,synthetic,Marche sur les pointes synthétique,generated_toe_walk.csv
7.84,4.89834979413305,22.83739479531695,-1.066103820861837,1,synthetic,Marche sur les pointes synthétique,generated_toe_walk.csv
7.86,5.625662462583941,22.74689362499051,-0.9633208400807465,1,synthetic,Marche sur les pointes synthétique,generated_toe_walk.csv
7.88,7.311697027037727,22.153448827314914,-1.6939328451411297,1,synthetic,Marche sur les pointes synthétique,generated_toe_walk.csv
7.9,7.471214509812323,21.719985389707137,-1.5798900715642255,1,synthetic,Marche sur les pointes synthétique,generated_toe_walk.csv
7.92,7.730014320706495,21.088215148391217,-1.382346791161123,1,synthetic,Marche sur les pointes synthétique,generated_toe_walk.csv
7.94,8.034037536865569,20.797851308866655,-1.2256442093055333,1,synthetic,Marche sur les pointes synthétique,generated_toe_walk.csv
7.96,8.009677740778589,21.018630320602234,-1.833551801363997,1,synthetic,Marche sur les pointes synthétique,generated_toe_walk.csv
7.98,7.835383580790809,20.853537455331384,-1.274107505536561,1,synthetic,Marche sur les pointes synthétique,generated_toe_walk.csv
8.0,7.3222004987604254,20.611228191972835,-1.5656143805088476,1,synthetic,Marche sur les pointes synthétique,generated_toe_walk.csv
8.02,7.729599644778528,20.696821280017296,-1.0484081464570092,1,synthetic,Marche sur les pointes synthétique,generated_toe_walk.csv
8.040000000000001,6.996545220137178,21.351046776402743,-1.2567097761620118,1,synthetic,Marche sur les pointes synthétique,generated_toe_walk.csv
8.06,6.78495519990131,21.179027546509698,-0.9511938383078463,1,synthetic,Marche sur les pointes synthétique,generated_toe_walk.csv
8.08,5.971435582234803,20.88911117248049,-0.42404160427405224,1,synthetic,Marche sur les pointes synthétique,generated_toe_walk.csv
8.1,5.944306714635257,20.8885955186062,0.19056763438174587,1,synthetic,Marche sur les pointes synthétique,generated_toe_walk.csv
8.120000000000001,5.809212176830904,21.059755882994807,0.31035153759773704,1,synthetic,Marche sur les pointes synthétique,generated_toe_walk.csv
8.14,6.089002585980936,20.62949535482972,1.202167699850735,1,synthetic,Marche sur les pointes synthétique,generated_toe_walk.csv
8.16,6.005969811344914,20.44595976923623,0.8177356139745167,1,synthetic,Marche sur les pointes synthétique,generated_toe_walk.csv
8.18,6.108716525201445,19.728406179323972,1.4689165752553173,1,synthetic,Marche sur les pointes synthétique,generated_toe_walk.csv
8.2,6.014558928410544,19.54139105265204,1.2295634992799873,1,synthetic,Marche sur les pointes synthétique,generated_toe_walk.csv
8.22,6.038969760391128,19.397292341057,1.6736723452582443,1,synthetic,Marche sur les pointes synthétique,generated_toe_walk.csv
8.24,6.390767058588769,19.244417428975922,1.4146413029871763,1,synthetic,Marche sur les pointes synthétique,generated_toe_walk.csv
8.26,6.695374481392727,19.901908683101198,1.7741372877085422,1,synthetic,Marche sur les pointes synthétique,generated_toe_walk.csv
8.28,6.89285458127985,20.00058418022096,2.046968905497102,1,synthetic,Marche sur les pointes synthétique,generated_toe_walk.csv
8.3,6.8540899189901,19.636765595651784,1.7065499124931496,1,synthetic,Marche sur les pointes synthétique,generated_toe_walk.csv
8.32,7.9160487158627175,20.03626927669428,1.6188648419182672,1,synthetic,Marche sur les pointes synthétique,generated_toe_walk.csv
8.34,7.605580420585257,20.045343932403867,2.2251543983341655,1,synthetic,Marche sur les pointes synthétique,generated_toe_walk.csv
8.36,6.976149128301266,19.904129576308975,2.530877587805768,1,synthetic,Marche sur les pointes synthétique,generated_toe_walk.csv
8.38,7.3680884027068405,19.52201542615117,2.495218842325201,1,synthetic,Marche sur les pointes synthétique,generated_toe_walk.csv
8.4,7.376717581372422,20.4457485731352,2.177352765021857,1,synthetic,Marche sur les pointes synthétique,generated_toe_walk.csv
8.42,7.859319339582009,20.471787538914516,2.708062666035186,1,synthetic,Marche sur les pointes synthétique,generated_toe_walk.csv
8.44,8.101613458438985,19.930068956011596,2.385414323552313,1,synthetic,Marche sur les pointes synthétique,generated_toe_walk.csv
8.46,7.515465997336521,20.730660327475295,2.721326996813054,1,synthetic,Marche sur les pointes synthétique,generated_toe_walk.csv
8.48,8.01612239462738,20.202796510314954,2.2698530992667276,1,synthetic,Marche sur les pointes synthétique,generated_toe_walk.csv
8.5,7.667346152147279,19.982382416407322,2.7175573231974313,1,synthetic,Marche sur les pointes synthétique,generated_toe_walk.csv
8.52,8.066116234095862,20.12008420313627,2.9929909534618337,1,synthetic,Marche sur les pointes synthétique,generated_toe_walk.csv
8.540000000000001,8.135590357356003,19.714523346845343,2.486356057196325,1,synthetic,Marche sur les pointes synthétique,generated_toe_walk.csv
8.56,7.812373571691352,20.192609239394855,2.6441326463257293,1,synthetic,Marche sur les pointes synthétique,generated_toe_walk.csv
8.58,7.890959181257532,19.843996660577666,2.9570892152221115,1,synthetic,Marche sur les pointes synthétique,generated_toe_walk.csv
8.6,7.672585952684894,20.692612547167748,2.9589157683171305,1,synthetic,Marche sur les pointes synthétique,generated_toe_walk.csv
8.620000000000001,7.58545244130994,20.483800353399904,2.9210046346846226,1,synthetic,Marche sur les pointes synthétique,generated_toe_walk.csv
8.64,7.3702733989398705,20.007307687155553,2.780341388449359,1,synthetic,Marche sur les pointes synthétique,generated_toe_walk.csv
8.66,7.867344401025931,20.63406585203825,2.326128412405886,1,synthetic,Marche sur les pointes synthétique,generated_toe_walk.csv
8.68,7.832114868289504,19.987774703971034,2.733855142467445,1,synthetic,Marche sur les pointes synthétique,generated_toe_walk.csv
8.700000000000001,7.861673774272215,20.593502523368766,2.2270320310946965,1,synthetic,Marche sur les pointes synthétique,generated_toe_walk.csv
8.72,8.060488469086138,20.73036515478274,2.480905081816457,1,synthetic,Marche sur les pointes synthétique,generated_toe_walk.csv
8.74,8.11491371248963,20.63706818924892,1.589036014577486,1,synthetic,Marche sur les pointes synthétique,generated_toe_walk.csv
8.76,7.902483978288726,20.30169893644103,2.538800563373242,1,synthetic,Marche sur les pointes synthétique,generated_toe_walk.csv
8.78,8.084807077340376,20.621171327413606,2.5108681419958474,1,synthetic,Marche sur les pointes synthétique,generated_toe_walk.csv
8.8,8.633361634580798,20.614114823962183,1.9558578403948783,1,synthetic,Marche sur les pointes synthétique,generated_toe_walk.csv
8.82,8.23138570628604,20.70259375336951,1.4943451682601752,1,synthetic,Marche sur les pointes synthétique,generated_toe_walk.csv
8.84,8.736204257038107,21.1591098938239,1.6078990309237309,1,synthetic,Marche sur les pointes synthétique,generated_toe_walk.csv
8.86,7.900367431266035,21.254020031105348,1.9451422867312955,1,synthetic,Marche sur les pointes synthétique,generated_toe_walk.csv
8.88,7.735862487984466,21.2560915642144,1.8805576726935618,1,synthetic,Marche sur les pointes synthétique,generated_toe_walk.csv
8.9,7.937796678652314,20.628606273040216,1.50185856719138,1,synthetic,Marche sur les pointes synthétique,generated_toe_walk.csv
8.92,7.696819334819354,20.633469179072634,2.0845698773408996,1,synthetic,Marche sur les pointes synthétique,generated_toe_walk.csv
8.94,6.577621305821522,20.89730906588387,1.9470793990175637,1,synthetic,Marche sur les pointes synthétique,generated_toe_walk.csv
8.96,5.948129257533024,21.04466773831956,1.850640005227566,1,synthetic,Marche sur les pointes synthétique,generated_toe_walk.csv
8.98,4.5757971185842115,20.297954610513084,1.5131535454640348,1,synthetic,Marche sur les pointes synthétique,generated_toe_walk.csv
9.0,2.5650043701381957,20.714405526252428,1.5045658557703927,1,synthetic,Marche sur les pointes synthétique,generated_toe_walk.csv
9.02,-0.4091544760965874,21.419988756702633,1.1582176163650861,1,synthetic,Marche sur les pointes synthétique,generated_toe_walk.csv
9.04,-3.8380035634674106,20.536321921788755,1.2283341527564298,1,synthetic,Marche sur les pointes synthétique,generated_toe_walk.csv
9.06,-8.733704923535786,20.82351184502487,0.6887417568607201,1,synthetic,Marche sur les pointes synthétique,generated_toe_walk.csv
9.08,-13.235157457761726,21.292891552561855,0.7042712164204594,1,synthetic,Marche sur les pointes synthétique,generated_toe_walk.csv
9.1,-18.3858293430605,22.41224085785217,-0.2565312154175158,1,synthetic,Marche sur les pointes synthétique,generated_toe_walk.csv
9.12,-22.862870715608455,23.1666259324423,-0.7782553223862902,1,synthetic,Marche sur les pointes synthétique,generated_toe_walk.csv
9.14,-26.9309018550331,23.97162732164444,-0.7950640164293182,1,synthetic,Marche sur les pointes synthétique,generated_toe_walk.csv
9.16,-28.877452248153237,24.444039063034236,-0.39775657746702775,1,synthetic,Marche sur les pointes synthétique,generated_toe_walk.csv
9.18,-29.682308544309656,25.98439545061717,-0.21512952850262054,1,synthetic,Marche sur les pointes synthétique,generated_toe_walk.csv
9.2,-28.401797666107047,26.38525252032719,1.493735723136959,1,synthetic,Marche sur les pointes synthétique,generated_toe_walk.csv
9.22,-27.75741143942874,26.408460772806556,2.0540942219484633,1,synthetic,Marche sur les pointes synthétique,generated_toe_walk.csv
9.24,-25.423480059342733,26.819445245961976,2.1582286671477164,1,synthetic,Marche sur les pointes synthétique,generated_toe_walk.csv
9.26,-21.74797065038417,27.135190834212697,1.861303997235068,1,synthetic,Marche sur les pointes synthétique,generated_toe_walk.csv
9.28,-18.925253571145223,26.06364128431724,1.6586230677201932,1,synthetic,Marche sur les pointes synthétique,generated_toe_walk.csv
9.3,-16.120348635392904,25.590706148761583,1.199641224375301,1,synthetic,Marche sur les pointes synthétique,generated_toe_walk.csv
9.32,-12.29201666813549,25.38692011162184,0.8011074241574936,1,synthetic,Marche sur les pointes synthétique,generated_toe_walk.csv
9.34,-8.693486280302514,24.991941892405578,0.07828845727278028,1,synthetic,Marche sur les pointes synthétique,generated_toe_walk.csv
9.36,-5.600471226553284,23.91341094989981,-0.014435241949905656,1,synthetic,Marche sur les pointes synthétique,generated_toe_walk.csv
9.38,-2.9513746766451154,24.2811689365112,-0.354971305426572,1,synthetic,Marche sur les pointes synthétique,generated_toe_walk.csv
9.4,-0.5357633145122243,24.464693853757982,-0.8498028839332623,1,synthetic,Marche sur les pointes synthétique,generated_toe_walk.csv
9.42,2.2459764622592906,23.752184445713144,-0.19251526229355365,1,synthetic,Marche sur les pointes synthétique,generated_toe_walk.csv
9.44,4.024616449327052,23.920974208117883,-1.123854624615413,1,synthetic,Marche sur les pointes synthétique,generated_toe_walk.csv
9.46,6.009211685152763,22.470740504724635,-1.1821124023898584,1,synthetic,Marche sur les pointes synthétique,generated_toe_walk.csv
9.48,7.21856425759463,22.93287964048343,-1.383225123149869,1,synthetic,Marche sur les pointes synthétique,generated_toe_walk.csv
9.5,7.95227998418879,22.931543366773816,-1.5973323113800912,1,synthetic,Marche sur les pointes synthétique,generated_toe_walk.csv
9.52,9.302341331567323,22.460619342445412,-1.4503330418409852,1,synthetic,Marche sur les pointes synthétique,generated_toe_walk.csv
9.54,9.300209556308804,21.232042066126006,-1.203024642858465,1,synthetic,Marche sur les pointes synthétique,generated_toe_walk.csv
9.56,9.999689525508717,20.546179405677837,-1.570356200948179,1,synthetic,Marche sur les pointes synthétique,generated_toe_walk.csv
9.58,9.998596223295964,20.43048736067901,-1.7779262159849527,1,synthetic,Marche sur les pointes synthétique,generated_toe_walk.csv
9.6,10.222561796080177,19.599534070565436,-1.3485933411673436,1,synthetic,Marche sur les pointes synthétique,generated_toe_walk.csv
9.62,10.014209222425004,19.630740460286827,-2.2097973835792484,1,synthetic,Marche sur les pointes synthétique,generated_toe_walk.csv
9.64,9.447669377102468,19.19415037069667,-1.6963850193385832,1,synthetic,Marche sur les pointes synthétique,generated_toe_walk.csv
9.66,8.792043350334373,19.707527322721802,-1.6013703056442858,1,synthetic,Marche sur les pointes synthétique,generated_toe_walk.csv
9.68,7.993157188553502,19.531811807912987,-0.7276167444640198,1,synthetic,Marche sur les pointes synthétique,generated_toe_walk.csv
9.7,7.483116559334113,19.907196961905065,-0.6433427820037769,1,synthetic,Marche sur les pointes synthétique,generated_toe_walk.csv
9.72,6.849923471487833,19.351908799444253,0.526591984835084,1,synthetic,Marche sur les pointes synthétique,generated_toe_walk.csv
9.74,6.04976233876508,18.852579876019863,1.1494031356511794,1,synthetic,Marche sur les pointes synthétique,generated_toe_walk.csv
9.76,6.644192636061915,18.874566961959665,1.706600135986196,1,synthetic,Marche sur les pointes synthétique,generated_toe_walk.csv
9.78,6.7273308552865885,18.52868958558234,1.983289551371877,1,synthetic,Marche sur les pointes synthétique,generated_toe_walk.csv
9.8,7.2706369955469174,18.9196440364678,1.838341437278897,1,synthetic,Marche sur les pointes synthétique,generated_toe_walk.csv
9.82,6.528187887851964,18.90540537961193,1.7405572032908796,1,synthetic,Marche sur les pointes synthétique,generated_toe_walk.csv
9.84,7.473927856535366,19.125922318958033,2.439005081366295,1,synthetic,Marche sur les pointes synthétique,generated_toe_walk.csv
9.86,6.9986496985789985,19.312859879484787,2.288117933255692,1,synthetic,Marche sur les pointes synthétique,generated_toe_walk.csv
9.88,7.5909733167759565,18.464632487952702,1.8609282003935927,1,synthetic,Marche sur les pointes synthétique,generated_toe_walk.csv
9.9,7.137541853023756,19.189935351990073,2.3092067944515886,1,synthetic,Marche sur les pointes synthétique,generated_toe_walk.csv
9.92,7.5553774720271125,19.342011092426013,2.831809914996147,1,synthetic,Marche sur les pointes synthétique,generated_toe_walk.csv
9.94,7.147315256310312,18.785263570751244,2.9103324677275504,1,synthetic,Marche sur les pointes synthétique,generated_toe_walk.csv
9.96,6.582613574419193,19.737557415371224,2.9095469045360223,1,synthetic,Marche sur les pointes synthétique,generated_toe_walk.csv
9.98,6.8411987290590135,18.9688388934045,2.9881827066163322,1,synthetic,Marche sur les pointes synthétique,generated_toe_walk.csv
10.0,7.070898579206406,19.94626871794877,2.6935497237531774,1,synthetic,Marche sur les pointes synthétique,generated_toe_walk.csv
10.02,7.118922894886392,19.458130442745826,2.9549042018535863,1,synthetic,Marche sur les pointes synthétique,generated_toe_walk.csv
10.04,6.449158725382084,19.533479986137667,2.6116614533615374,1,synthetic,Marche sur les pointes synthétique,generated_toe_walk.csv
10.06,6.8495615723318455,19.35365591326753,2.649365860923666,1,synthetic,Marche sur les pointes synthétique,generated_toe_walk.csv
10.08,7.109215465640012,19.611393185730183,2.5189999238915033,1,synthetic,Marche sur les pointes synthétique,generated_toe_walk.csv
10.1,7.358780020561681,19.030018017541497,2.3728602825671863,1,synthetic,Marche sur les pointes synthétique,generated_toe_walk.csv
10.12,7.653077865832218,19.133973260585552,2.298006679914147,1,synthetic,Marche sur les pointes synthétique,generated_toe_walk.csv
10.14,7.491776895950145,18.818044253493984,2.064190199115681,1,synthetic,Marche sur les pointes synthétique,generated_toe_walk.csv
10.16,7.393199728997307,19.58768838397494,1.6285129243762042,1,synthetic,Marche sur les pointes synthétique,generated_toe_walk.csv
10.18,7.969088766541262,19.214455695795543,1.9360160115307337,1,synthetic,Marche sur les pointes synthétique,generated_toe_walk.csv
10.2,7.81177886717259,19.656187356236313,1.2774608537284455,1,synthetic,Marche sur les pointes synthétique,generated_toe_walk.csv
10.22,8.1437747218911,19.61104422551422,1.7091374723072446,1,synthetic,Marche sur les pointes synthétique,generated_toe_walk.csv
10.24,7.648886312976011,19.03638234039515,1.4286609737868912,1,synthetic,Marche sur les pointes synthétique,generated_toe_walk.csv
10.26,7.849874128545825,19.666329503765823,0.6609418147595254,1,synthetic,Marche sur les pointes synthétique,generated_toe_walk.csv
10.28,7.234747966898196,19.565273579260456,1.1692315682546714,1,synthetic,Marche sur les pointes synthétique,generated_toe_walk.csv
10.3,7.357957253402427,19.590890531794404,0.3784156340832352,1,synthetic,Marche sur les pointes synthétique,generated_toe_walk.csv
10.32,7.0731863832314215,19.726049583837074,1.1233450992163787,1,synthetic,Marche sur les pointes synthétique,generated_toe_walk.csv
10.34,6.800145145346184,19.64257617610311,0.7072106011095853,1,synthetic,Marche sur les pointes synthétique,generated_toe_walk.csv
10.36,5.965748543811605,19.724122216619932,0.24760512618478686,1,synthetic,Marche sur les pointes synthétique,generated_toe_walk.csv
10.38,5.601973368871673,20.103721724960714,-0.17190127487296974,1,synthetic,Marche sur les pointes synthétique,generated_toe_walk.csv
10.4,4.5663500590875605,19.536823912505817,0.2931656023066743,1,synthetic,Marche sur les pointes synthétique,generated_toe_walk.csv
10.42,3.541886214155965,19.495747165469794,-0.09685649240641475,1,synthetic,Marche sur les pointes synthétique,generated_toe_walk.csv
10.44,2.207870593768711,19.62652836479948,0.47168712806478724,1,synthetic,Marche sur les pointes synthétique,generated_toe_walk.csv
10.46,0.7695709015210455,20.159796367488394,-0.44411512102718986,1,synthetic,Marche sur les pointes synthétique,generated_toe_walk.csv
10.48,-2.9339585408994013,19.791670864644974,-0.4528122791994311,1,synthetic,Marche sur les pointes synthétique,generated_toe_walk.csv
10.5,-6.466621401918004,20.599620299175683,-0.6401325952095896,1,synthetic,Marche sur les pointes synthétique,generated_toe_walk.csv
10.52,-11.317404264059324,19.39952723019048,-1.2721145782619903,1,synthetic,Marche sur les pointes synthétique,generated_toe_walk.csv
10.54,-16.586893939694246,20.771316345239438,-1.8935509338252985,1,synthetic,Marche sur les pointes synthétique,generated_toe_walk.csv
10.56,-22.77467218595537,21.87214118258748,-2.7778019162824945,1,synthetic,Marche sur les pointes synthétique,generated_toe_walk.csv
10.58,-28.27117397876482,23.28202949820479,-3.062078653144453,1,synthetic,Marche sur les pointes synthétique,generated_toe_walk.csv
10.6,-32.40740891962078,24.766298109587435,-3.48611010481447,1,synthetic,Marche sur les pointes synthétique,generated_toe_walk.csv
10.62,-34.40034302776375,25.231257618842477,-2.390856793732478,1,synthetic,Marche sur les pointes synthétique,generated_toe_walk.csv
10.64,-35.931309456831016,25.897197391413027,-1.8639549109630553,1,synthetic,Marche sur les pointes synthétique,generated_toe_walk.csv
10.66,-36.39702216130884,27.00733716091393,-0.20376434302664184,1,synthetic,Marche sur les pointes synthétique,generated_toe_walk.csv
10.68,-33.998474895222635,27.261276881911837,0.6543592272362675,1,synthetic,Marche sur les pointes synthétique,generated_toe_walk.csv
10.7,-32.084477021642265,25.931949534909204,1.5082061276413796,1,synthetic,Marche sur les pointes synthétique,generated_toe_walk.csv
10.72,-30.011851683977156,26.811974273638906,1.6937694158634564,1,synthetic,Marche sur les pointes synthétique,generated_toe_walk.csv
10.74,-25.956803002219235,26.212011604221786,1.6399680566015866,1,synthetic,Marche sur les pointes synthétique,generated_toe_walk.csv
10.76,-21.96142239606819,25.30077583307337,0.31577550861078885,1,synthetic,Marche sur les pointes synthétique,generated_toe_walk.csv
10.78,-18.167203550223622,25.09085593531683,-0.0008864634768301349,1,synthetic,Marche sur les pointes synthétique,generated_toe_walk.csv
10.8,-14.021918171949622,24.98816270924849,-0.6503733666059326,1,synthetic,Marche sur les pointes synthétique,generated_toe_walk.csv
10.82,-10.76051770654841,24.512850226886954,-0.5291067274141328,1,synthetic,Marche sur les pointes synthétique,generated_toe_walk.csv
10.84,-6.343204463993051,24.02334737643436,-1.7265665817723865,1,synthetic,Marche sur les pointes synthétique,generated_toe_walk.csv
10.86,-2.8681714768203714,23.277597057015026,-1.8351030105713582,1,synthetic,Marche sur les pointes synthétique,generated_toe_walk.csv
10.88,0.213661306484205,23.19150736337476,-2.6594315568914637,1,synthetic,Marche sur les pointes synthétique,generated_toe_walk.csv
10.9,2.8366970433390635,22.41193426411681,-3.277019033975912,1,synthetic,Marche sur les pointes synthétique,generated_toe_walk.csv
10.92,5.358618082284076,22.220900378729112,-3.106066077606255,1,synthetic,Marche sur les pointes synthétique,generated_toe_walk.csv
10.94,7.298284520407807,21.70149476878667,-3.7268522527919066,1,synthetic,Marche sur les pointes synthétique,generated_toe_walk.csv
10.96,9.57454779709665,21.722192150996666,-3.3612677878969306,1,synthetic,Marche sur les pointes synthétique,generated_toe_walk.csv
10.98,10.862215034591202,21.729773498096765,-3.491148071224841,1,synthetic,Marche sur les pointes synthétique,generated_toe_walk.csv
11.0,12.35070376430135,21.45692221920845,-3.5709556334656294,1,synthetic,Marche sur les pointes synthétique,generated_toe_walk.csv
11.02,12.134600545997541,21.435046024991156,-4.471391358977325,1,synthetic,Marche sur les pointes synthétique,generated_toe_walk.csv
11.04,12.52822290045992,20.56459253229847,-3.6029102656333944,1,synthetic,Marche sur les pointes synthétique,generated_toe_walk.csv
11.06,11.178510658151215,20.826290943439545,-3.3227930965936476,1,synthetic,Marche sur les pointes synthétique,generated_toe_walk.csv
11.08,9.798251663516075,20.401501436680597,-3.101228101937928,1,synthetic,Marche sur les pointes synthétique,generated_toe_walk.csv
11.1,7.846933843650346,19.745402820690533,-0.8096127887227816,1,synthetic,Marche sur les pointes synthétique,generated_toe_walk.csv
11.12,7.22492580457556,19.521413939936224,0.3242548041848928,1,synthetic,Marche sur les pointes synthétique,generated_toe_walk.csv
11.14,6.31983016353217,18.539550591999692,0.5727205512012068,1,synthetic,Marche sur les pointes synthétique,generated_toe_walk.csv
11.16,5.99639376282622,19.25547866367976,1.7826525457224116,1,synthetic,Marche sur les pointes synthétique,generated_toe_walk.csv
11.18,6.435027100154153,19.073052883730316,1.5630952373608245,1,synthetic,Marche sur les pointes synthétique,generated_toe_walk.csv
11.2,6.360018602555801,18.51050851565349,2.201589464286485,1,synthetic,Marche sur les pointes synthétique,generated_toe_walk.csv
11.22,6.594457053490241,19.392575168593634,2.4451467893525414,1,synthetic,Marche sur les pointes synthétique,generated_toe_walk.csv
11.24,6.802095488211142,19.059788253416034,2.714735278222506,1,synthetic,Marche sur les pointes synthétique,generated_toe_walk.csv
11.26,6.600873816874937,19.362861717718697,2.3417587215803506,1,synthetic,Marche sur les pointes synthétique,generated_toe_walk.csv
11.28,6.434709581994131,19.226158441177713,2.6120941151980785,1,synthetic,Marche sur les pointes synthétique,generated_toe_walk.csv
11.3,6.741034558120686,19.466607846499173,2.381685872638543,1,synthetic,Marche sur les pointes synthétique,generated_toe_walk.csv
11.32,6.749233265106041,19.36945437025785,2.8099927331017858,1,synthetic,Marche sur les pointes synthétique,generated_toe_walk.csv
11.34,6.834520993126786,19.28075409806102,2.945454843806228,1,synthetic,Marche sur les pointes synthétique,generated_toe_walk.csv
11.36,6.878501820907618,19.545219942319346,2.8104770484549997,1,synthetic,Marche sur les pointes synthétique,generated_toe_walk.csv
11.38,6.4044112002613724,19.683626714015457,3.1361797754602123,1,synthetic,Marche sur les pointes synthétique,generated_toe_walk.csv
11.4,6.735703480441143,18.791484470917254,3.0173878930300493,1,synthetic,Marche sur les pointes synthétique,generated_toe_walk.csv
11.42,7.041507645717989,19.529605375084966,2.8838848127023615,1,synthetic,Marche sur les pointes synthétique,generated_toe_walk.csv
11.44,6.586601878183137,19.38891107412551,3.071726206014263,1,synthetic,Marche sur les pointes synthétique,generated_toe_walk.csv
11.46,6.9160830546303655,19.279835255501393,2.251346749002171,1,synthetic,Marche sur les pointes synthétique,generated_toe_walk.csv
11.48,6.703976240347302,20.03956793772205,2.458663782406638,1,synthetic,Marche sur les pointes synthétique,generated_toe_walk.csv
11.5,6.957620749644673,19.95968428327467,1.7428766853770261,1,synthetic,Marche sur les pointes synthétique,generated_toe_walk.csv
11.52,7.372160237821637,19.37483419154173,2.026464721982483,1,synthetic,Marche sur les pointes synthétique,generated_toe_walk.csv
11.54,6.780047520390123,19.36541254863246,1.6535853352899719,1,synthetic,Marche sur les pointes synthétique,generated_toe_walk.csv
11.56,6.200324505290468,19.966831776820907,1.8334903543251753,1,synthetic,Marche sur les pointes synthétique,generated_toe_walk.csv
11.58,6.251117677957711,19.562689313027892,1.2767568337258137,1,synthetic,Marche sur les pointes synthétique,generated_toe_walk.csv
11.6,5.81407850365208,19.694383946107155,1.0590935655567901,1,synthetic,Marche sur les pointes synthétique,generated_toe_walk.csv
11.62,5.583904117346859,19.246060387845915,1.067658721563835,1,synthetic,Marche sur les pointes synthétique,generated_toe_walk.csv
11.64,4.135973678802724,19.831446741129326,0.909638431620933,1,synthetic,Marche sur les pointes synthétique,generated_toe_walk.csv
11.66,3.4269023140891175,20.224073477876914,0.9599308299090964,1,synthetic,Marche sur les pointes synthétique,generated_toe_walk.csv
11.68,2.674494224084535,19.735060796053496,0.3802146005203813,1,synthetic,Marche sur les pointes synthétique,generated_toe_walk.csv
11.7,0.8493328524220745,19.78468632188346,-0.03791493662365403,1,synthetic,Marche sur les pointes synthétique,generated_toe_walk.csv
11.72,-0.17860143832487674,20.247989518629208,-0.3356194475616349,1,synthetic,Marche sur les pointes synthétique,generated_toe_walk.csv
11.74,-3.5106322115930766,19.924542194315233,0.1186867601578549,1,synthetic,Marche sur les pointes synthétique,generated_toe_walk.csv
11.76,-6.50954994498821,20.13640345656701,-1.087763390284825,1,synthetic,Marche sur les pointes synthétique,generated_toe_walk.csv
11.78,-11.379197830513608,20.10610938282773,-1.4301063289206057,1,synthetic,Marche sur les pointes synthétique,generated_toe_walk.csv
11.8,-17.172184922821582,20.76317857334336,-2.2486088560641924,1,synthetic,Marche sur les pointes synthétique,generated_toe_walk.csv
11.82,-24.004730791898766,20.847822706645562,-2.4110183819007154,1,synthetic,Marche sur les pointes synthétique,generated_toe_walk.csv
11.84,-32.248504855845276,22.342474688012192,-3.3759024695634605,1,synthetic,Marche sur les pointes synthétique,generated_toe_walk.csv
11.86,-39.193169827253975,23.136986666727086,-2.8403364953688737,1,synthetic,Marche sur les pointes synthétique,generated_toe_walk.csv
11.88,-43.8984119998287,25.209463506054306,-2.648604626440988,1,synthetic,Marche sur les pointes synthétique,generated_toe_walk.csv
11.9,-47.85061658308518,25.4159875857144,-1.1905720563714872,1,synthetic,Marche sur les pointes synthétique,generated_toe_walk.csv
11.92,-48.290126661520034,25.88310493841511,0.45729463806986503,1,synthetic,Marche sur les pointes synthétique,generated_toe_walk.csv
11.94,-47.273903442431234,25.653985285333953,2.0399599726424347,1,synthetic,Marche sur les pointes synthétique,generated_toe_walk.csv
11.96,-44.264994521650024,25.425679016698496,2.517411514286097,1,synthetic,Marche sur les pointes synthétique,generated_toe_walk.csv
11.98,-41.61141617840269,24.772121817806134,3.0839837006709003,1,synthetic,Marche sur les pointes synthétique,generated_toe_walk.csv
12.0,-37.694046880421176,26.002612356410907,3.1014963065933685,1,synthetic,Marche sur les pointes synthétique,generated_toe_walk.csv
12.02,-32.56590037462518,24.808464174521486,2.3062316880108478,1,synthetic,Marche sur les pointes synthétique,generated_toe_walk.csv
12.04,-28.23931335390937,24.65027993931792,2.5834525418741583,1,synthetic,Marche sur les pointes synthétique,generated_toe_walk.csv
12.06,-22.665389961625028,24.229871199008123,1.9052701803249004,1,synthetic,Marche sur les pointes synthétique,generated_toe_walk.csv
12.08,-18.033675165353706,24.597361981580352,1.4014153815370272,1,synthetic,Marche sur les pointes synthétique,generated_toe_walk.csv
12.1,-12.928947529684025,24.69212158721754,0.2545946535654322,1,synthetic,Marche sur les pointes synthétique,generated_toe_walk.csv
12.12,-8.362941407672237,24.516007129950555,0.010995526156593917,1,synthetic,Marche sur les pointes synthétique,generated_toe_walk.csv
12.14,-3.8652225274670093,24.558760302587356,-0.5845650329857243,1,synthetic,Marche sur les pointes synthétique,generated_toe_walk.csv
12.16,-0.16038593198430223,23.77684448571899,-0.9124912150198893,1,synthetic,Marche sur les pointes synthétique,generated_toe_walk.csv
12.18,3.641012969720485,23.60649207130619,-1.8069389054884293,1,synthetic,Marche sur les pointes synthétique,generated_toe_walk.csv
12.2,5.554686838400562,23.06556960185395,-1.7395014622712037,1,synthetic,Marche sur les pointes synthétique,generated_toe_walk.csv
12.22,8.54391465442238,22.071687905841262,-1.312184674692845,1,synthetic,Marche sur les pointes synthétique,generated_toe_walk.csv
12.24,10.152615679833657,21.03653050735138,-1.9155830183595643,1,synthetic,Marche sur les pointes synthétique,generated_toe_walk.csv
12.26,11.091240559522955,19.958899558481455,-1.9422062079027356,1,synthetic,Marche sur les pointes synthétique,generated_toe_walk.csv
12.28,11.739049956456675,18.92749273521092,-1.8159016405059514,1,synthetic,Marche sur les pointes synthétique,generated_toe_walk.csv
12.3,10.529602030042927,18.95693722305535,-2.155423687206977,1,synthetic,Marche sur les pointes synthétique,generated_toe_walk.csv
12.32,9.55539533399144,18.30135253966236,-1.1611141051969425,1,synthetic,Marche sur les pointes synthétique,generated_toe_walk.csv
12.34,8.161135187161312,17.96213343360662,0.08942620792519285,1,synthetic,Marche sur les pointes synthétique,generated_toe_walk.csv
12.36,6.910053547722635,18.48573034244767,-0.028641943051524094,1,synthetic,Marche sur les pointes synthétique,generated_toe_walk.csv
12.38,6.627869103222014,17.756010457354776,0.9946739125851294,1,synthetic,Marche sur les pointes synthétique,generated_toe_walk.csv
12.4,6.2813842111997635,17.95208914732947,2.2540277510592324,1,synthetic,Marche sur les pointes synthétique,generated_toe_walk.csv
12.42,6.453602744308428,18.40624549567863,2.1331582600053656,1,synthetic,Marche sur les pointes synthétique,generated_toe_walk.csv
12.44,7.053811087503619,18.518489809661425,2.072035275217585,1,synthetic,Marche sur les pointes synthétique,generated_toe_walk.csv
12.46,7.387956189889359,18.119352258802923,2.06325141557552,1,synthetic,Marche sur les pointes synthétique,generated_toe_walk.csv
12.48,8.120582277095641,18.300330237421523,2.0359048692160844,1,synthetic,Marche sur les pointes synthétique,generated_toe_walk.csv
12.5,7.410514425896582,18.467869516175018,2.0820036934340247,1,synthetic,Marche sur les pointes synthétique,generated_toe_walk.csv
12.52,7.685632690915056,18.308455621888047,2.268768944248448,1,synthetic,Marche sur les pointes synthétique,generated_toe_walk.csv
12.54,7.625303908587895,18.112129826541775,2.1082431599570564,1,synthetic,Marche sur les pointes synthétique,generated_toe_walk.csv
12.56,7.925006918062008,18.485308206481637,2.3838741219759956,1,synthetic,Marche sur les pointes synthétique,generated_toe_walk.csv
12.58,7.265537440933036,18.411908282764312,1.5584443601549582,1,synthetic,Marche sur les pointes synthétique,generated_toe_walk.csv
12.6,7.367359656338775,18.409996252588588,2.2677453753292136,1,synthetic,Marche sur les pointes synthétique,generated_toe_walk.csv
12.62,7.061120133094944,18.730033175372462,1.692336216791771,1,synthetic,Marche sur les pointes synthétique,generated_toe_walk.csv
12.64,6.794446281410811,18.50702387072603,1.6117828384794985,1,synthetic,Marche sur les pointes synthétique,generated_toe_walk.csv
12.66,6.655905797205479,18.29607844393905,1.2178366639112213,1,synthetic,Marche sur les pointes synthétique,generated_toe_walk.csv
12.68,6.591996366585861,18.506852010384343,1.281880391924005,1,synthetic,Marche sur les pointes synthétique,generated_toe_walk.csv
12.7,7.103337892726077,19.070650320824175,0.8750372353026241,1,synthetic,Marche sur les pointes synthétique,generated_toe_walk.csv
12.72,6.562237256068591,18.32127452809861,0.9953135612830204,1,synthetic,Marche sur les pointes synthétique,generated_toe_walk.csv
12.74,6.165656182040841,18.528530118190393,0.5168916654348791,1,synthetic,Marche sur les pointes synthétique,generated_toe_walk.csv
12.76,5.828450272496015,18.44870470898759,0.7858690131560779,1,synthetic,Marche sur les pointes synthétique,generated_toe_walk.csv
12.78,5.165860133448664,18.87684118559773,1.062059825264845,1,synthetic,Marche sur les pointes synthétique,generated_toe_walk.csv
12.8,4.646057898972093,18.452482247512954,0.9637373625497871,1,synthetic,Marche sur les pointes synthétique,generated_toe_walk.csv
12.82,3.760076092364838,18.98596279135847,0.4070410218273541,1,synthetic,Marche sur les pointes synthétique,generated_toe_walk.csv
12.84,2.8468005426450618,19.059025119039624,0.38251471449902985,1,synthetic,Marche sur les pointes synthétique,generated_toe_walk.csv
12.86,1.3960581015506306,18.541284412423458,-0.002887516218248218,1,synthetic,Marche sur les pointes synthétique,generated_toe_walk.csv
12.88,-1.4244710188799061,18.453260020447168,-0.20447485246446884,1,synthetic,Marche sur les pointes synthétique,generated_toe_walk.csv
12.9,-3.7980385965084578,18.26381467304068,-0.49573449002825754,1,synthetic,Marche sur les pointes synthétique,generated_toe_walk.csv
12.92,-7.754616543521003,19.001313584530532,-0.6542102246536552,1,synthetic,Marche sur les pointes synthétique,generated_toe_walk.csv
12.94,-14.521237888172893,19.43172016348318,-1.5961246433512875,1,synthetic,Marche sur les pointes synthétique,generated_toe_walk.csv
12.96,-21.431705551061082,20.885459248618258,-2.06275415917636,1,synthetic,Marche sur les pointes synthétique,generated_toe_walk.csv
12.98,-28.98181875446352,22.60003079659844,-2.630215489704373,1,synthetic,Marche sur les pointes synthétique,generated_toe_walk.csv
13.0,-34.79760274325011,24.20981442849878,-3.347134295908934,1,synthetic,Marche sur les pointes synthétique,generated_toe_walk.csv
13.02,-39.54107738760742,26.075862294644583,-2.0191604755528223,1,synthetic,Marche sur les pointes synthétique,generated_toe_walk.csv
13.04,-42.793914253012716,27.508122654143044,-0.9626020869966664,1,synthetic,Marche sur les pointes synthétique,generated_toe_walk.csv
13.06,-43.33718806082965,26.996639132905056,0.05120136960774563,1,synthetic,Marche sur les pointes synthétique,generated_toe_walk.csv
13.08,-42.08564555164685,27.223871199219946,1.4614565759566998,1,synthetic,Marche sur les pointes synthétique,generated_toe_walk.csv
13.1,-41.014897822862196,27.076952319598735,2.136571576730566,1,synthetic,Marche sur les pointes synthétique,generated_toe_walk.csv
13.12,-38.3313054463863,26.153902982929697,2.6665707071035922,1,synthetic,Marche sur les pointes synthétique,generated_toe_walk.csv
13.14,-35.247430227625095,25.388302375157828,1.9236920080344075,1,synthetic,Marche sur les pointes synthétique,generated_toe_walk.csv
13.16,-31.95471420043031,24.738352802190583,1.4722250917383306,1,synthetic,Marche sur les pointes synthétique,generated_toe_walk.csv
13.18,-27.88326977211623,24.6182166287562,1.112257053657632,1,synthetic,Marche sur les pointes synthétique,generated_toe_walk.csv
13.2,-23.46181158843841,24.23626031173038,0.5502432625938017,1,synthetic,Marche sur les pointes synthétique,generated_toe_walk.csv
13.22,-19.130704272650473,23.517455432876023,0.4890281566462245,1,synthetic,Marche sur les pointes synthétique,generated_toe_walk.csv
13.24,-14.435542463873924,23.42817510758771,-0.0225843482644472,1,synthetic,Marche sur les pointes synthétique,generated_toe_walk.csv
13.26,-10.041835386230014,23.053240720849697,-1.0472131504650406,1,synthetic,Marche sur les pointes synthétique,generated_toe_walk.csv
13.28,-5.166325008786921,22.813091838233372,-1.4016845281598334,1,synthetic,Marche sur les pointes synthétique,generated_toe_walk.csv
13.3,-1.0569740178215408,22.080135729021123,-0.9327508546149362,1,synthetic,Marche sur les pointes synthétique,generated_toe_walk.csv
13.32,3.2063671942138425,21.300366656004204,-2.3185918338104434,1,synthetic,Marche sur les pointes synthétique,generated_toe_walk.csv
13.34,6.216020172999998,20.976071551953673,-2.9614907881207295,1,synthetic,Marche sur les pointes synthétique,generated_toe_walk.csv
13.36,9.67421887615695,20.58758471913102,-2.967298449979747,1,synthetic,Marche sur les pointes synthétique,generated_toe_walk.csv
13.38,12.820490419173673,19.803384789032744,-3.5337632407857886,1,synthetic,Marche sur les pointes synthétique,generated_toe_walk.csv
13.4,14.770574842141121,18.501612782558215,-3.4532468687844036,1,synthetic,Marche sur les pointes synthétique,generated_toe_walk.csv
13.42,16.32813183664333,18.771238136284,-3.8629317604631592,1,synthetic,Marche sur les pointes synthétique,generated_toe_walk.csv
13.44,16.604251138785354,18.644903007987917,-5.582223716092472,1,synthetic,Marche sur les pointes synthétique,generated_toe_walk.csv
13.46,16.135617418652014,18.926074848377148,-5.861477148326502,1,synthetic,Marche sur les pointes synthétique,generated_toe_walk.csv
13.48,16.005114608656264,18.28903588654337,-5.603379636216357,1,synthetic,Marche sur les pointes synthétique,generated_toe_walk.csv
13.5,13.626869853172952,18.787127509770034,-5.161556938425512,1,synthetic,Marche sur les pointes synthétique,generated_toe_walk.csv
13.52,10.597418350996543,18.561383973201913,-4.848181778441065,1,synthetic,Marche sur les pointes synthétique,generated_toe_walk.csv
13.54,9.10819875866346,18.54964762223708,-3.279912946875465,1,synthetic,Marche sur les pointes synthétique,generated_toe_walk.csv
13.56,7.706565060428067,18.48046945007788,-2.1615065169747796,1,synthetic,Marche sur les pointes synthétique,generated_toe_walk.csv
13.58,6.487857041878406,17.80330488709389,-2.3985129822531075,1,synthetic,Marche sur les pointes synthétique,generated_toe_walk.csv
13.6,6.159732079787925,18.207527281370304,-1.9176457501585973,1,synthetic,Marche sur les pointes synthétique,generated_toe_walk.csv
13.62,5.836334850494102,18.36601577085789,-1.233377431646371,1,synthetic,Marche sur les pointes synthétique,generated_toe_walk.csv
13.64,6.54672910968197,17.874318437371098,-1.6224012708553213,1,synthetic,Marche sur les pointes synthétique,generated_toe_walk.csv
13.66,6.254771429298993,18.15563756925095,-1.2058468248156569,1,synthetic,Marche sur les pointes synthétique,generated_toe_walk.csv
13.68,6.771702779207966,17.893105929444175,-0.9538936307862732,1,synthetic,Marche sur les pointes synthétique,generated_toe_walk.csv
13.7,6.5581307001874105,17.67802972239962,-0.4876166172503059,1,synthetic,Marche sur les pointes synthétique,generated_toe_walk.csv
13.72,6.7242287183203215,17.949326141383178,-0.5819739857485067,1,synthetic,Marche sur les pointes synthétique,generated_toe_walk.csv
13.74,6.676445089301582,18.2124191822793,-0.36098323810613964,1,synthetic,Marche sur les pointes synthétique,generated_toe_walk.csv
13.76,6.562188487430317,18.315586596500687,0.26455471862638125,1,synthetic,Marche sur les pointes synthétique,generated_toe_walk.csv
13.78,6.041626392615551,18.378407712925384,-0.2556456372776414,1,synthetic,Marche sur les pointes synthétique,generated_toe_walk.csv
13.8,6.283927258279534,17.635636421511908,-0.7352619985315173,1,synthetic,Marche sur les pointes synthétique,generated_toe_walk.csv
13.82,5.81302655036119,18.25097039732189,-0.3672198680723337,1,synthetic,Marche sur les pointes synthétique,generated_toe_walk.csv
13.84,5.073258739259496,17.648195073527152,-0.5180662884789856,1,synthetic,Marche sur les pointes synthétique,generated_toe_walk.csv
13.86,5.030955082057637,18.095714201629654,-0.9678876577352497,1,synthetic,Marche sur les pointes synthétique,generated_toe_walk.csv
13.88,4.641443707471527,18.16689979751209,-1.009795054705306,1,synthetic,Marche sur les pointes synthétique,generated_toe_walk.csv
13.9,4.449502947215653,18.535924208137015,-0.9132326091351324,1,synthetic,Marche sur les pointes synthétique,generated_toe_walk.csv
13.92,3.975493776199548,18.575088044704167,-1.5282793725847568,1,synthetic,Marche sur les pointes synthétique,generated_toe_walk.csv
13.94,2.8330938656340785,18.987952581645622,-1.550919865638251,1,synthetic,Marche sur les pointes synthétique,generated_toe_walk.csv
13.96,2.657407665134167,18.554765654256123,-1.826784620804458,1,synthetic,Marche sur les pointes synthétique,generated_toe_walk.csv
13.98,1.566783341679044,19.093989417131233,-1.6729284228600958,1,synthetic,Marche sur les pointes synthétique,generated_toe_walk.csv
14.0,0.23039454403024712,19.027519408241393,-2.0128195995438096,1,synthetic,Marche sur les pointes synthétique,generated_toe_walk.csv
14.02,-0.5169839713441858,18.954184994344445,-2.5364234744502325,1,synthetic,Marche sur les pointes synthétique,generated_toe_walk.csv
14.04,-2.709168510603585,18.62334099461702,-2.724443778658501,1,synthetic,Marche sur les pointes synthétique,generated_toe_walk.csv
14.06,-5.172729247410772,19.211501677690993,-2.705992682480927,1,synthetic,Marche sur les pointes synthétique,generated_toe_walk.csv
14.08,-7.8308247913563,19.315334112016707,-4.482014452203857,1,synthetic,Marche sur les pointes synthétique,generated_toe_walk.csv
14.1,-12.16737038923332,19.94182306967422,-5.365453456568942,1,synthetic,Marche sur les pointes synthétique,generated_toe_walk.csv
14.12,-18.46722790086511,20.494520608152833,-5.958338712931602,1,synthetic,Marche sur les pointes synthétique,generated_toe_walk.csv
14.14,-25.57142170240826,21.587140687297136,-7.6363241875338534,1,synthetic,Marche sur les pointes synthétique,generated_toe_walk.csv
14.16,-34.751373372156166,23.5263912817454,-7.76873732103657,1,synthetic,Marche sur les pointes synthétique,generated_toe_walk.csv
14.18,-43.822051935713226,24.854968168599925,-9.459627289563791,1,synthetic,Marche sur les pointes synthétique,generated_toe_walk.csv
14.2,-48.36487644652589,25.712489800170477,-9.05489081544938,1,synthetic,Marche sur les pointes synthétique,generated_toe_walk.csv
14.22,-52.08485390799129,26.924536592642088,-7.57722259091801,1,synthetic,Marche sur les pointes synthétique,generated_toe_walk.csv
14.24,-53.75500066584849,26.80084799572379,-5.2390789450846365,1,synthetic,Marche sur les pointes synthétique,generated_toe_walk.csv
14.26,-53.30613235711964,27.529286162975655,-2.8877629941827725,1,synthetic,Marche sur les pointes synthétique,generated_toe_walk.csv
14.28,-49.16357077547783,26.01142032347493,-0.4751828084183085,1,synthetic,Marche sur les pointes synthétique,generated_toe_walk.csv
14.3,-47.28236583617549,27.14626474220584,1.25029668780045,1,synthetic,Marche sur les pointes synthétique,generated_toe_walk.csv
14.32,-44.215790168979076,26.166537560429855,2.543038928315941,1,synthetic,Marche sur les pointes synthétique,generated_toe_walk.csv
14.34,-40.101362923037726,26.349650840071746,2.0864862344471162,1,synthetic,Marche sur les pointes synthétique,generated_toe_walk.csv
14.36,-33.96135839259204,24.77028450222039,2.649741656709674,1,synthetic,Marche sur les pointes synthétique,generated_toe_walk.csv
14.38,-28.801905541232223,24.845324785166397,2.6140279857008517,1,synthetic,Marche sur les pointes synthétique,generated_toe_walk.csv
14.4,-23.386429417063017,23.87747810825255,1.3025570139384517,1,synthetic,Marche sur les pointes synthétique,generated_toe_walk.csv
14.42,-19.255972189531896,23.408371431898548,1.052987926036078,1,synthetic,Marche sur les pointes synthétique,generated_toe_walk.csv
14.44,-12.533410434587962,23.47095943843307,0.6077640529552165,1,synthetic,Marche sur les pointes synthétique,generated_toe_walk.csv
14.46,-7.0908701529625064,22.913646084188564,-0.18094286416410515,1,synthetic,Marche sur les pointes synthétique,generated_toe_walk.csv
14.48,-2.880236322792312,21.77181208959537,-1.4033773900029853,1,synthetic,Marche sur les pointes synthétique,generated_toe_walk.csv
14.5,2.544056779647338,21.95249915976245,-1.5656960219833365,1,synthetic,Marche sur les pointes synthétique,generated_toe_walk.csv
14.52,7.111932667004278,20.408958632409675,-2.6070059568884187,1,synthetic,Marche sur les pointes synthétique,generated_toe_walk.csv
14.54,11.199296696028874,20.396320847564017,-3.1226763777864894,1,synthetic,Marche sur les pointes synthétique,generated_toe_walk.csv
14.56,13.114934501915199,19.258603648588046,-4.501358033648244,1,synthetic,Marche sur les pointes synthétique,generated_toe_walk.csv
14.58,14.925127508863147,19.144900376500804,-5.190722618807479,1,synthetic,Marche sur les pointes synthétique,generated_toe_walk.csv
14.6,15.54666200617761,19.516318159552487,-5.818261278395101,1,synthetic,Marche sur les pointes synthétique,generated_toe_walk.csv
14.62,14.8436491115189,19.244702350151453,-5.067569699286707,1,synthetic,Marche sur les pointes synthétique,generated_toe_walk.csv
14.64,11.700306053419736,19.523176034059308,-5.092142941252686,1,synthetic,Marche sur les pointes synthétique,generated_toe_walk.csv
14.66,9.78387407652152,18.676337190663663,-3.766470068162478,1,synthetic,Marche sur les pointes synthétique,generated_toe_walk.csv
14.68,7.97133024354381,19.15789864546572,-1.5134632825613616,1,synthetic,Marche sur les pointes synthétique,generated_toe_walk.csv
14.7,5.59123085548641,18.664719295740706,-0.07749449078005799,1,synthetic,Marche sur les pointes synthétique,generated_toe_walk.csv
14.72,5.5081811043623965,18.390712725151303,0.001727499450734138,1,synthetic,Marche sur les pointes synthétique,generated_toe_walk.csv
14.74,5.911663559466348,18.77912220317302,0.9909317443696728,1,synthetic,Marche sur les pointes synthétique,generated_toe_walk.csv
14.76,6.38268796947444,18.5849263145768,1.3722335633184737,1,synthetic,Marche sur les pointes synthétique,generated_toe_walk.csv
14.78,6.890995007450516,18.53185117469027,2.029549558712028,1,synthetic,Marche sur les pointes synthétique,generated_toe_walk.csv
14.8,6.631193750876627,18.953115987908365,1.1083684937363874,1,synthetic,Marche sur les pointes synthétique,generated_toe_walk.csv
14.82,6.769810584927447,18.80661264369359,1.6371594119314614,1,synthetic,Marche sur les pointes synthétique,generated_toe_walk.csv
14.84,6.7360386229580245,18.878472477751213,2.0621739286839755,1,synthetic,Marche sur les pointes synthétique,generated_toe_walk.csv
14.86,6.626204665882765,19.17819907550017,2.0628768530059465,1,synthetic,Marche sur les pointes synthétique,generated_toe_walk.csv
14.88,6.157605443418226,18.78168296456633,1.6468142140855793,1,synthetic,Marche sur les pointes synthétique,generated_toe_walk.csv
14.9,5.9238430159306805,19.067081767296976,1.9439644601950117,1,synthetic,Marche sur les pointes synthétique,generated_toe_walk.csv
14.92,6.2271576389566725,18.70169544967993,1.6966421319605365,1,synthetic,Marche sur les pointes synthétique,generated_toe_walk.csv
14.94,6.064456995213569,19.016416536783435,2.6206164861212593,1,synthetic,Marche sur les pointes synthétique,generated_toe_walk.csv
14.96,5.691494103522817,19.003142379343874,2.173184567638018,1,synthetic,Marche sur les pointes synthétique,generated_toe_walk.csv
14.98,5.27150237785674,18.70169286853622,2.7380210168578096,1,synthetic,Marche sur les pointes synthétique,generated_toe_walk.csv
15.0,5.267819561391695,18.451395824309472,2.6562168459819904,1,synthetic,Marche sur les pointes synthétique,generated_toe_walk.csv
15.02,4.624215995261217,18.58034621618931,2.245298472957393,1,synthetic,Marche sur les pointes synthétique,generated_toe_walk.csv
15.04,3.7692879395841743,18.755929807553173,2.577687426090767,1,synthetic,Marche sur les pointes synthétique,generated_toe_walk.csv
15.06,3.6797201966769983,19.277954660354535,2.940564354646956,1,synthetic,Marche sur les pointes synthétique,generated_toe_walk.csv
15.08,3.0650118865970395,19.120337897201438,3.0129832285226814,1,synthetic,Marche sur les pointes synthétique,generated_toe_walk.csv
15.1,2.2865420365744824,19.06033190080317,3.4390959364514058,1,synthetic,Marche sur les pointes synthétique,generated_toe_walk.csv
15.12,0.7906224969018982,19.216557988010297,3.3531549388912203,1,synthetic,Marche sur les pointes synthétique,generated_toe_walk.csv
15.14,-0.44779976773093033,19.149505899500486,3.030482519826002,1,synthetic,Marche sur les pointes synthétique,generated_toe_walk.csv
15.16,-1.7131693413967861,19.164703966968624,2.9068581175913097,1,synthetic,Marche sur les pointes synthétique,generated_toe_walk.csv
15.18,-4.144847323203163,18.38999849724474,2.1235976412602406,1,synthetic,Marche sur les pointes synthétique,generated_toe_walk.csv
15.2,-7.057820026366208,18.61467489399471,1.6968616991259007,1,synthetic,Marche sur les pointes synthétique,generated_toe_walk.csv
15.22,-11.134577803889666,18.74237682511468,1.48215498384217,1,synthetic,Marche sur les pointes synthétique,generated_toe_walk.csv
15.24,-17.292636763771068,18.756075049632297,0.7636094100530977,1,synthetic,Marche sur les pointes synthétique,generated_toe_walk.csv
15.26,-24.335805789614927,20.02562835814996,-0.21559850230393346,1,synthetic,Marche sur les pointes synthétique,generated_toe_walk.csv
15.28,-33.6914915790427,21.07781614445149,-0.3911255302546337,1,synthetic,Marche sur les pointes synthétique,generated_toe_walk.csv
15.3,-40.885641111798186,22.79990961114127,-0.59933174814791,1,synthetic,Marche sur les pointes synthétique,generated_toe_walk.csv
15.32,-46.03020234188875,24.31463071796845,0.21785755349460287,1,synthetic,Marche sur les pointes synthétique,generated_toe_walk.csv
15.34,-49.26789646575334,24.622629432488388,1.8135924357269984,1,synthetic,Marche sur les pointes synthétique,generated_toe_walk.csv
15.36,-51.93228590571467,25.64222661109114,2.311594805112236,1,synthetic,Marche sur les pointes synthétique,generated_toe_walk.csv
15.38,-50.699926129687796,25.841849220856922,3.563668192800899,1,synthetic,Marche sur les pointes synthétique,generated_toe_walk.csv
15.4,-48.29135929222925,25.765290933485208,4.6474290881385345,1,synthetic,Marche sur les pointes synthétique,generated_toe_walk.csv
15.42,-46.95423029510813,25.067829495824533,4.55475076400461,1,synthetic,Marche sur les pointes synthétique,generated_toe_walk.csv
15.44,-43.461233271402236,24.99059895042979,4.328606752540225,1,synthetic,Marche sur les pointes synthétique,generated_toe_walk.csv
15.46,-38.68141083314603,24.059478301041448,3.3941365765076474,1,synthetic,Marche sur les pointes synthétique,generated_toe_walk.csv
15.48,-33.79725023661027,23.79035512725936,3.3105998310054146,1,synthetic,Marche sur les pointes synthétique,generated_toe_walk.csv
15.5,-29.246058264879863,24.070164950263404,2.7158624307229333,1,synthetic,Marche sur les pointes synthétique,generated_toe_walk.csv
15.52,-23.671143338869808,24.084704981062146,1.9870573395822133,1,synthetic,Marche sur les pointes synthétique,generated_toe_walk.csv
15.54,-18.46298046981449,24.078530936639748,1.397908462054212,1,synthetic,Marche sur les pointes synthétique,generated_toe_walk.csv
15.56,-12.82699562785585,23.901407396301536,0.8011976638917913,1,synthetic,Marche sur les pointes synthétique,generated_toe_walk.csv
15.58,-7.5474878360909985,23.988321688145575,0.3133604169745481,1,synthetic,Marche sur les pointes synthétique,generated_toe_walk.csv
15.6,-2.6421094755629992,23.732283399800107,-0.24289704704005655,1,synthetic,Marche sur les pointes synthétique,generated_toe_walk.csv
15.62,2.518275199954739,22.597238105503386,-1.442323472382002,1,synthetic,Marche sur les pointes synthétique,generated_toe_walk.csv
15.64,6.5023041681030636,21.695545620532155,-1.5355565066178403,1,synthetic,Marche sur les pointes synthétique,generated_toe_walk.csv
15.66,10.036414474412688,20.76921343901906,-2.212146382219614,1,synthetic,Marche sur les pointes synthétique,generated_toe_walk.csv
15.68,13.073211270079076,20.838738838300678,-2.7586199208563245,1,synthetic,Marche sur les pointes synthétique,generated_toe_walk.csv
15.7,15.17949001991682,19.472836005877706,-2.4341608984030034,1,synthetic,Marche sur les pointes synthétique,generated_toe_walk.csv
15.72,15.897848780666806,19.073687600716898,-2.332946055309114,1,synthetic,Marche sur les pointes synthétique,generated_toe_walk.csv
15.74,15.979623585247708,19.56948573333635,-2.5757210022813557,1,synthetic,Marche sur les pointes synthétique,generated_toe_walk.csv
15.76,13.700478035622323,20.005575784112704,-3.4447431257846954,1,synthetic,Marche sur les pointes synthétique,generated_toe_walk.csv
15.78,11.33717072480253,19.364378613475782,-2.132232060412628,1,synthetic,Marche sur les pointes synthétique,generated_toe_walk.csv
15.8,9.686531936319193,19.751439981651426,-2.54018167677695,1,synthetic,Marche sur les pointes synthétique,generated_toe_walk.csv
15.82,7.372009163704333,19.320555245758886,-1.9497193096762473,1,synthetic,Marche sur les pointes synthétique,generated_toe_walk.csv
15.84,6.561963658810693,19.331092283165507,-1.035975684459256,1,synthetic,Marche sur les pointes synthétique,generated_toe_walk.csv
15.86,6.212807692979277,19.790317578077936,0.20508845766820946,1,synthetic,Marche sur les pointes synthétique,generated_toe_walk.csv
15.88,6.168336457974994,19.31369445559903,-0.01656700600163935,1,synthetic,Marche sur les pointes synthétique,generated_toe_walk.csv
15.9,6.202167669073421,19.151377582636922,0.3177456205740723,1,synthetic,Marche sur les pointes synthétique,generated_toe_walk.csv
15.92,6.9089531067628105,19.246503050739157,-0.35009595260304044,1,synthetic,Marche sur les pointes synthétique,generated_toe_walk.csv
15.94,6.578839984202871,19.389374375527986,0.3183981098340648,1,synthetic,Marche sur les pointes synthétique,generated_toe_walk.csv
15.96,6.542130531217132,19.33214173100097,0.42113565277273723,1,synthetic,Marche sur les pointes synthétique,generated_toe_walk.csv
15.98,6.224409138475953,19.06191272249394,0.8002935677262545,1,synthetic,Marche sur les pointes synthétique,generated_toe_walk.csv
16.0,7.005154524886002,19.098519965663538,0.604962730544157,1,synthetic,Marche sur les pointes synthétique,generated_toe_walk.csv
16.02,6.643106539831792,20.075563664030675,1.203863816627087,1,synthetic,Marche sur les pointes synthétique,generated_toe_walk.csv
16.04,6.539376209880728,19.267553550950616,0.7350664363861219,1,synthetic,Marche sur les pointes synthétique,generated_toe_walk.csv
16.06,6.626696847446039,19.857841844155008,0.5803477061030476,1,synthetic,Marche sur les pointes synthétique,generated_toe_walk.csv
16.080000000000002,6.527166684926758,19.286786395666745,0.49089609810167556,1,synthetic,Marche sur les pointes synthétique,generated_toe_walk.csv
16.1,6.462261724066855,19.883328568712294,1.2787900729236952,1,synthetic,Marche sur les pointes synthétique,generated_toe_walk.csv
16.12,6.541503064493515,19.699132634736237,1.027924037443493,1,synthetic,Marche sur les pointes synthétique,generated_toe_walk.csv
16.14,6.265447615236044,19.428567275125115,0.4579881218625207,1,synthetic,Marche sur les pointes synthétique,generated_toe_walk.csv
16.16,5.494994817002462,20.09966313433916,0.8634961828581258,1,synthetic,Marche sur les pointes synthétique,generated_toe_walk.csv
16.18,6.350806505032587,19.24812280412496,0.34592321771512496,1,synthetic,Marche sur les pointes synthétique,generated_toe_walk.csv
16.2,6.041777806710644,19.50044292773622,0.20951856037396027,1,synthetic,Marche sur les pointes synthétique,generated_toe_walk.csv
16.22,5.584945803114651,19.37806081838435,-0.33584932279200574,1,synthetic,Marche sur les pointes synthétique,generated_toe_walk.csv
16.240000000000002,5.558923667304518,19.47385380638788,-0.23680806049990094,1,synthetic,Marche sur les pointes synthétique,generated_toe_walk.csv
16.26,3.9721876757679047,19.662938443689246,-0.2126921787167923,1,synthetic,Marche sur les pointes synthétique,generated_toe_walk.csv
16.28,2.601916689191838,19.531466262784416,-0.3576488461086624,1,synthetic,Marche sur les pointes synthétique,generated_toe_walk.csv
16.3,2.6228083909598445,19.729762828159675,-0.7677810285283437,1,synthetic,Marche sur les pointes synthétique,generated_toe_walk.csv
16.32,0.6211549178113102,20.261428126700388,-0.523777497933702,1,synthetic,Marche sur les pointes synthétique,generated_toe_walk.csv
16.34,-2.273778405265595,19.212910454297585,-0.6886337196362776,1,synthetic,Marche sur les pointes synthétique,generated_toe_walk.csv
16.36,-5.037321364325608,19.3125183015944,-1.7207055292684184,1,synthetic,Marche sur les pointes synthétique,generated_toe_walk.csv
16.38,-9.133766759444688,19.51410979068927,-1.9121211327665466,1,synthetic,Marche sur les pointes synthétique,generated_toe_walk.csv
16.4,-15.66888535795134,20.119259656597674,-3.214286331532653,1,synthetic,Marche sur les pointes synthétique,generated_toe_walk.csv
16.42,-22.85622277815006,21.354979983259444,-3.4626546305812793,1,synthetic,Marche sur les pointes synthétique,generated_toe_walk.csv
16.44,-32.072033937217526,22.411844087156695,-4.768252556242613,1,synthetic,Marche sur les pointes synthétique,generated_toe_walk.csv
16.46,-42.25979547649553,23.553720292071997,-5.066202837325016,1,synthetic,Marche sur les pointes synthétique,generated_toe_walk.csv
16.48,-50.2805035531927,23.89737141471359,-4.949745254809388,1,synthetic,Marche sur les pointes synthétique,generated_toe_walk.csv
16.5,-54.326890059056836,24.653002857921784,-4.082198952115638,1,synthetic,Marche sur les pointes synthétique,generated_toe_walk.csv
16.52,-57.37477984408363,23.781456985954556,-2.1912930070537153,1,synthetic,Marche sur les pointes synthétique,generated_toe_walk.csv
16.54,-57.48043240400044,23.60089427272205,-0.6804952937350804,1,synthetic,Marche sur les pointes synthétique,generated_toe_walk.csv
16.56,-55.282190942818694,23.50684488630983,1.3805639704207462,1,synthetic,Marche sur les pointes synthétique,generated_toe_walk.csv
16.580000000000002,-52.59881339241612,23.606022179510383,3.2587196176153954,1,synthetic,Marche sur les pointes synthétique,generated_toe_walk.csv
16.6,-50.53389676696169,23.401868847419873,3.978967369295696,1,synthetic,Marche sur les pointes synthétique,generated_toe_walk.csv
16.62,-45.70737352411391,22.76378207817124,4.348719038381132,1,synthetic,Marche sur les pointes synthétique,generated_toe_walk.csv
16.64,-40.67332108020503,22.16187805575903,4.116645720860511,1,synthetic,Marche sur les pointes synthétique,generated_toe_walk.csv
16.66,-35.60025356553694,22.208559361435373,3.568842419627999,1,synthetic,Marche sur les pointes synthétique,generated_toe_walk.csv
16.68,-30.203604315509242,22.033032803733875,3.4430100335705003,1,synthetic,Marche sur les pointes synthétique,generated_toe_walk.csv
16.7,-23.945883513104388,22.16697601675112,2.6149708004824537,1,synthetic,Marche sur les pointes synthétique,generated_toe_walk.csv
16.72,-17.974543551463615,22.035518454287242,2.084304102448446,1,synthetic,Marche sur les pointes synthétique,generated_toe_walk.csv
16.740000000000002,-12.83897688537249,22.741374813411962,1.2743133513002185,1,synthetic,Marche sur les pointes synthétique,generated_toe_walk.csv
16.76,-7.0381544023920855,22.287371190525068,-0.19719378855622485,1,synthetic,Marche sur les pointes synthétique,generated_toe_walk.csv
16.78,-1.6515212155352796,22.289937292687565,-1.1301688005528039,1,synthetic,Marche sur les pointes synthétique,generated_toe_walk.csv
16.8,2.8591829878709314,20.987250897016256,-1.5759713862153177,1,synthetic,Marche sur les pointes synthétique,generated_toe_walk.csv
16.82,7.058341143933082,20.482045158698018,-1.8922987937230291,1,synthetic,Marche sur les pointes synthétique,generated_toe_walk.csv
16.84,10.686395599433652,19.713926417019433,-2.3163405632221536,1,synthetic,Marche sur les pointes synthétique,generated_toe_walk.csv
16.86,13.511259059863374,19.18126165976569,-1.1724490995035135,1,synthetic,Marche sur les pointes synthétique,generated_toe_walk.csv
16.88,14.668964761515724,18.62677578306485,-1.524812674987747,1,synthetic,Marche sur les pointes synthétique,generated_toe_walk.csv
16.9,15.022828459010736,18.371548929334107,-1.195129707905838,1,synthetic,Marche sur les pointes synthétique,generated_toe_walk.csv
16.92,15.321733136305399,17.70168672793859,-2.2532858888944096,1,synthetic,Marche sur les pointes synthétique,generated_toe_walk.csv
16.94,13.131710313456985,17.82552621847294,-1.5904395587707432,1,synthetic,Marche sur les pointes synthétique,generated_toe_walk.csv
16.96,9.789649007887984,17.954209415891373,-1.2231697071471894,1,synthetic,Marche sur les pointes synthétique,generated_toe_walk.csv
16.98,8.299347046821676,17.007852295496033,-0.6124560421609888,1,synthetic,Marche sur les pointes synthétique,generated_toe_walk.csv
17.0,7.3198874356920385,17.16117047753144,0.7959485529191757,1,synthetic,Marche sur les pointes synthétique,generated_toe_walk.csv
17.02,4.707512545093256,17.260981187458835,1.1910510810341741,1,synthetic,Marche sur les pointes synthétique,generated_toe_walk.csv
17.04,5.5368621234451325,17.524827996396436,1.511879212326444,1,synthetic,Marche sur les pointes synthétique,generated_toe_walk.csv
17.06,6.644517316556769,17.042427788898493,1.7740645326286695,1,synthetic,Marche sur les pointes synthétique,generated_toe_walk.csv
17.080000000000002,6.94287606586167,17.21278941982303,0.9346933330781739,1,synthetic,Marche sur les pointes synthétique,generated_toe_walk.csv
17.1,6.801906766267345,17.733733617978636,1.0230087535556487,1,synthetic,Marche sur les pointes synthétique,generated_toe_walk.csv
17.12,6.434187432184147,17.538158498659417,1.0449660491107111,1,synthetic,Marche sur les pointes synthétique,generated_toe_walk.csv
17.14,6.644448683982193,17.065314554771444,1.5554203586191546,1,synthetic,Marche sur les pointes synthétique,generated_toe_walk.csv
17.16,7.273252993243131,17.065438970650188,1.0857034908751555,1,synthetic,Marche sur les pointes synthétique,generated_toe_walk.csv
17.18,6.930949791057015,17.564765487622118,1.135887778194327,1,synthetic,Marche sur les pointes synthétique,generated_toe_walk.csv
17.2,6.638257831803464,17.362050566538446,1.0362310253969762,1,synthetic,Marche sur les pointes synthétique,generated_toe_walk.csv
17.22,6.787411485092084,17.16591809232618,0.7562878934668247,1,synthetic,Marche sur les pointes synthétique,generated_toe_walk.csv
17.240000000000002,5.957285791786872,17.290453518671296,1.2372621839397393,1,synthetic,Marche sur les pointes synthétique,generated_toe_walk.csv
17.26,6.116883581329329,17.48479436621297,0.6459123630067402,1,synthetic,Marche sur les pointes synthétique,generated_toe_walk.csv
17.28,5.879302611441037,17.366415492666345,0.20234484178680223,1,synthetic,Marche sur les pointes synthétique,generated_toe_walk.csv
17.3,5.9082599304464765,17.390027622653758,0.65715071619017,1,synthetic,Marche sur les pointes synthétique,generated_toe_walk.csv
17.32,5.877278340333818,17.444064087244254,0.6382022209184155,1,synthetic,Marche sur les pointes synthétique,generated_toe_walk.csv
17.34,5.9103115082547975,17.12514644162926,0.12639208370781974,1,synthetic,Marche sur les pointes synthétique,generated_toe_walk.csv
17.36,5.738429001147011,18.1519377383846,-0.029163186390358642,1,synthetic,Marche sur les pointes synthétique,generated_toe_walk.csv
17.38,5.248699450355162,18.08031756052861,-0.10971353860430927,1,synthetic,Marche sur les pointes synthétique,generated_toe_walk.csv
17.400000000000002,5.163008783142479,18.251637385049982,-0.18702037061286148,1,synthetic,Marche sur les pointes synthétique,generated_toe_walk.csv
17.42,3.391888709892659,17.83903499190663,-0.7007321651281347,1,synthetic,Marche sur les pointes synthétique,generated_toe_walk.csv
17.44,2.511432095441996,17.97900148690974,-0.6257797782603547,1,synthetic,Marche sur les pointes synthétique,generated_toe_walk.csv
17.46,1.3083930594110682,18.1541038375306,-1.296495624746307,1,synthetic,Marche sur les pointes synthétique,generated_toe_walk.csv
17.48,-0.7953165468232765,18.230644754954078,-1.049858073279721,1,synthetic,Marche sur les pointes synthétique,generated_toe_walk.csv
17.5,-2.8592313781538046,17.43256692173074,-2.3835078452367164,1,synthetic,Marche sur les pointes synthétique,generated_toe_walk.csv
17.52,-5.63276360449731,18.124748450886887,-2.132526319733774,1,synthetic,Marche sur les pointes synthétique,generated_toe_walk.csv
17.54,-10.13027787750781,17.881554615811808,-2.8196370483690565,1,synthetic,Marche sur les pointes synthétique,generated_toe_walk.csv
17.56,-15.168983941415425,18.613826283304228,-3.5018718189102382,1,synthetic,Marche sur les pointes synthétique,generated_toe_walk.csv
17.580000000000002,-21.811682993777797,19.224273552911093,-4.585972368527646,1,synthetic,Marche sur les pointes synthétique,generated_toe_walk.csv
17.6,-31.374858894627657,21.105748632698422,-4.706433175059063,1,synthetic,Marche sur les pointes synthétique,generated_toe_walk.csv
17.62,-40.92939235099484,22.1990760358497,-5.62211083709019,1,synthetic,Marche sur les pointes synthétique,generated_toe_walk.csv
17.64,-47.18794614309305,22.97227114661705,-5.835820876652061,1,synthetic,Marche sur les pointes synthétique,generated_toe_walk.csv
17.66,-51.69579227113713,24.09323858567672,-4.771456101197681,1,synthetic,Marche sur les pointes synthétique,generated_toe_walk.csv
17.68,-54.57922835186303,24.43861535972464,-3.118708705137701,1,synthetic,Marche sur les pointes synthétique,generated_toe_walk.csv
17.7,-55.56629414405207,24.64108010151225,-0.9155226368393279,1,synthetic,Marche sur les pointes synthétique,generated_toe_walk.csv
17.72,-53.5657518023992,24.540420929470898,0.9612106906155209,1,synthetic,Marche sur les pointes synthétique,generated_toe_walk.csv
17.740000000000002,-51.29666949363334,24.335408935799556,2.6703695831735246,1,synthetic,Marche sur les pointes synthétique,generated_toe_walk.csv
17.76,-49.59235702281009,24.189150137076215,3.874676731633947,1,synthetic,Marche sur les pointes synthétique,generated_toe_walk.csv
17.78,-46.1030359280864,23.72483287147441,3.9645645364893847,1,synthetic,Marche sur les pointes synthétique,generated_toe_walk.csv
17.8,-41.022326247492394,22.68226203827481,4.423092024232623,1,synthetic,Marche sur les pointes synthétique,generated_toe_walk.csv
17.82,-36.22562299913262,22.32854177475696,3.408650312732377,1,synthetic,Marche sur les pointes synthétique,generated_toe_walk.csv
17.84,-30.998008787022737,22.70545518816783,3.3054828261792197,1,synthetic,Marche sur les pointes synthétique,generated_toe_walk.csv
17.86,-25.132443734182402,22.665399887062364,3.152134895523435,1,synthetic,Marche sur les pointes synthétique,generated_toe_walk.csv
17.88,-19.244537862052724,23.00727735222745,2.1105600682695096,1,synthetic,Marche sur les pointes synthétique,generated_toe_walk.csv
17.900000000000002,-14.020039934807947,22.876904629001885,1.7582300667598996,1,synthetic,Marche sur les pointes synthétique,generated_toe_walk.csv
17.92,-8.610352677153816,22.42129485005661,0.7121490109302784,1,synthetic,Marche sur les pointes synthétique,generated_toe_walk.csv
17.94,-3.6949436610797264,22.191017224312827,-0.18535913699734938,1,synthetic,Marche sur les pointes synthétique,generated_toe_walk.csv
17.96,0.8654531537836857,21.535422377549583,-0.443457563008807,1,synthetic,Marche sur les pointes synthétique,generated_toe_walk.csv
17.98,4.3474870931240215,21.68584692204114,-1.6292440624863826,1,synthetic,Marche sur les pointes synthétique,generated_toe_walk.csv
18.0,7.916301517090944,20.667356389043103,-1.5720677940539844,1,synthetic,Marche sur les pointes synthétique,generated_toe_walk.csv
18.02,9.509620036533189,19.63819869368509,-1.7400951902000812,1,synthetic,Marche sur les pointes synthétique,generated_toe_walk.csv
18.04,11.663144286563895,18.84438458148177,-1.036184319591996,1,synthetic,Marche sur les pointes synthétique,generated_toe_walk.csv
18.06,11.822211831727753,18.84921187622747,-0.5120582173871318,1,synthetic,Marche sur les pointes synthétique,generated_toe_walk.csv
18.08,12.800387977243146,18.728697298696883,-0.9697982670080839,1,synthetic,Marche sur les pointes synthétique,generated_toe_walk.csv
18.1,12.010083468865943,19.282195421487987,-1.1457767111737707,1,synthetic,Marche sur les pointes synthétique,generated_toe_walk.csv
18.12,10.384840017357543,19.21860835884805,-1.5509006272829402,1,synthetic,Marche sur les pointes synthétique,generated_toe_walk.csv
18.14,8.729675527350295,19.23450758827065,-0.5644830064289117,1,synthetic,Marche sur les pointes synthétique,generated_toe_walk.csv
18.16,7.010003213729214,20.153164326840955,-0.8113431204850466,1,synthetic,Marche sur les pointes synthétique,generated_toe_walk.csv
18.18,5.654858020071406,19.253925230553463,-0.35650348577372964,1,synthetic,Marche sur les pointes synthétique,generated_toe_walk.csv
18.2,5.507508055396554,19.198129515251555,1.0292576720030397,1,synthetic,Marche sur les pointes synthétique,generated_toe_walk.csv
18.22,5.624231813403828,19.47659271731014,0.6395062679173518,1,synthetic,Marche sur les pointes synthétique,generated_toe_walk.csv
18.24,6.472510399055157,18.571214480861055,0.5672021364157865,1,synthetic,Marche sur les pointes synthétique,generated_toe_walk.csv
18.26,6.246728447184953,19.27132736924895,0.5709504236863635,1,synthetic,Marche sur les pointes synthétique,generated_toe_walk.csv
18.28,6.419100728038104,19.13022179467313,0.6639355176530592,1,synthetic,Marche sur les pointes synthétique,generated_toe_walk.csv
18.3,6.507945941921438,19.119763662303274,0.4626998458242491,1,synthetic,Marche sur les pointes synthétique,generated_toe_walk.csv
18.32,6.253170488843866,19.27726377600204,0.17779695264702933,1,synthetic,Marche sur les pointes synthétique,generated_toe_walk.csv
18.34,6.707217261726577,18.891217152048046,0.6972093931805303,1,synthetic,Marche sur les pointes synthétique,generated_toe_walk.csv
18.36,5.8147811402152145,18.6237725507035,0.8489533729794893,1,synthetic,Marche sur les pointes synthétique,generated_toe_walk.csv
18.38,6.417300144623063,19.886033848804377,0.8835873044878738,1,synthetic,Marche sur les pointes synthétique,generated_toe_walk.csv
18.4,6.461017746971852,19.279505598886452,0.7182209117094045,1,synthetic,Marche sur les pointes synthétique,generated_toe_walk.csv
18.42,6.038504908471621,19.675247514757885,1.2722161155250817,1,synthetic,Marche sur les pointes synthétique,generated_toe_walk.csv
18.44,5.99993997202093,19.793743053246946,0.46486178819857593,1,synthetic,Marche sur les pointes synthétique,generated_toe_walk.csv
18.46,6.383554591133622,19.609007951379773,0.6173363928701513,1,synthetic,Marche sur les pointes synthétique,generated_toe_walk.csv
18.48,5.902947411220593,19.73016976500145,0.519954770038674,1,synthetic,Marche sur les pointes synthétique,generated_toe_walk.csv
18.5,5.229038686314964,19.889348777721786,0.012015973704868177,1,synthetic,Marche sur les pointes synthétique,generated_toe_walk.csv
18.52,5.13999901894768,20.24644913595579,-0.16808345903816296,1,synthetic,Marche sur les pointes synthétique,generated_toe_walk.csv
18.54,5.425893696586833,20.03120542808657,0.21518007532683095,1,synthetic,Marche sur les pointes synthétique,generated_toe_walk.csv
18.56,4.324498583611931,20.36682501634879,0.06381582969690824,1,synthetic,Marche sur les pointes synthétique,generated_toe_walk.csv
18.58,4.209449445468956,19.984414753904414,-0.23360803829959165,1,synthetic,Marche sur les pointes synthétique,generated_toe_walk.csv
18.6,3.256524870390618,19.98492248875539,-0.8832743239360382,1,synthetic,Marche sur les pointes synthétique,generated_toe_walk.csv
18.62,1.4867427779082956,20.118248478432314,-0.6629082607887951,1,synthetic,Marche sur les pointes synthétique,generated_toe_walk.csv
18.64,0.05835755549236814,20.1359686677961,-0.6818550597271656,1,synthetic,Marche sur les pointes synthétique,generated_toe_walk.csv
18.66,-2.550503474848875,20.067892278071735,-0.8076582919074904,1,synthetic,Marche sur les pointes synthétique,generated_toe_walk.csv
18.68,-5.454126843939465,20.398225502505916,-0.9355166132631145,1,synthetic,Marche sur les pointes synthétique,generated_toe_walk.csv
18.7,-9.83757343855136,20.1376645309264,-1.5238446794955598,1,synthetic,Marche sur les pointes synthétique,generated_toe_walk.csv
18.72,-15.312911357441056,20.341299649618467,-1.8913804164939325,1,synthetic,Marche sur les pointes synthétique,generated_toe_walk.csv
18.74,-23.589608320211365,21.645457969037768,-2.189975052097349,1,synthetic,Marche sur les pointes synthétique,generated_toe_walk.csv
18.76,-32.72135730090342,22.214913763129534,-3.9829137759276065,1,synthetic,Marche sur les pointes synthétique,generated_toe_walk.csv
18.78,-41.63308614373683,23.281330707067884,-3.1790779771181623,1,synthetic,Marche sur les pointes synthétique,generated_toe_walk.csv
18.8,-47.53176686164563,23.892510921384797,-3.0747141173856134,1,synthetic,Marche sur les pointes synthétique,generated_toe_walk.csv
18.82,-52.30701488761492,24.12854536971405,-1.5200866311288381,1,synthetic,Marche sur les pointes synthétique,generated_toe_walk.csv
18.84,-54.871681900305305,24.417706358294662,-0.057413408422065104,1,synthetic,Marche sur les pointes synthétique,generated_toe_walk.csv
18.86,-54.05130196794773,24.841400650204104,1.5574340983350456,1,synthetic,Marche sur les pointes synthétique,generated_toe_walk.csv
18.88,-51.50031025604383,24.358085825861334,3.2005180711454297,1,synthetic,Marche sur les pointes synthétique,generated_toe_walk.csv
18.9,-49.57146232973824,23.95013020268236,4.50493120158222,1,synthetic,Marche sur les pointes synthétique,generated_toe_walk.csv
18.92,-46.91332092696148,23.812911005084466,4.4660415967009595,1,synthetic,Marche sur les pointes synthétique,generated_toe_walk.csv
18.94,-41.666413246254784,22.927884023052112,4.577322793658163,1,synthetic,Marche sur les pointes synthétique,generated_toe_walk.csv
18.96,-37.04771130822485,22.12536135861803,3.905922641683964,1,synthetic,Marche sur les pointes synthétique,generated_toe_walk.csv
18.98,-32.19437625465484,21.606022734413607,4.146140786184525,1,synthetic,Marche sur les pointes synthétique,generated_toe_walk.csv
19.0,-27.436317938683597,22.203618271427498,2.9859296296336177,1,synthetic,Marche sur les pointes synthétique,generated_toe_walk.csv
19.02,-21.734756081957386,22.82434321194477,3.225420204724294,1,synthetic,Marche sur les pointes synthétique,generated_toe_walk.csv
19.04,-16.372234657437524,22.650966735175373,1.8118344345192632,1,synthetic,Marche sur les pointes synthétique,generated_toe_walk.csv
19.06,-11.062458274807748,22.784254299186394,1.336672017814561,1,synthetic,Marche sur les pointes synthétique,generated_toe_walk.csv
19.08,-5.917083944331419,22.32985013555731,0.5645593061407298,1,synthetic,Marche sur les pointes synthétique,generated_toe_walk.csv
19.1,-0.2491872131474344,22.337230336872413,-1.0896653472469375,1,synthetic,Marche sur les pointes synthétique,generated_toe_walk.csv
19.12,5.192147105254588,21.35969997792982,-1.8395936148276621,1,synthetic,Marche sur les pointes synthétique,generated_toe_walk.csv
19.14,9.224868009244032,20.84524350207762,-1.9885649741130695,1,synthetic,Marche sur les pointes synthétique,generated_toe_walk.csv
19.16,12.880052408245414,20.573862218691655,-1.969418542853481,1,synthetic,Marche sur les pointes synthétique,generated_toe_walk.csv
19.18,16.665689976108705,19.60617885358133,-1.9348116691638366,1,synthetic,Marche sur les pointes synthétique,generated_toe_walk.csv
19.2,18.108776626428924,19.930176489032945,-2.261363004235769,1,synthetic,Marche sur les pointes synthétique,generated_toe_walk.csv
19.22,18.354624519027414,20.1687851098731,-2.1048669438337444,1,synthetic,Marche sur les pointes synthétique,generated_toe_walk.csv
19.24,17.731183521084148,20.870212973612993,-2.632621343827616,1,synthetic,Marche sur les pointes synthétique,generated_toe_walk.csv
19.26,16.38314456811343,20.347716311617344,-2.3133776209104235,1,synthetic,Marche sur les pointes synthétique,generated_toe_walk.csv
19.28,12.393677605572899,20.703706783489604,-1.406101913953294,1,synthetic,Marche sur les pointes synthétique,generated_toe_walk.csv
19.3,9.516012574097592,20.23982539047749,-1.2900134815493605,1,synthetic,Marche sur les pointes synthétique,generated_toe_walk.csv
19.32,7.410363411883851,19.98179847664064,-0.6869360823710207,1,synthetic,Marche sur les pointes synthétique,generated_toe_walk.csv
19.34,5.9038864145759105,19.019585366453253,-0.6013334627738581,1,synthetic,Marche sur les pointes synthétique,generated_toe_walk.csv
19.36,5.202773854103051,19.3851265302802,0.16515842464344457,1,synthetic,Marche sur les pointes synthétique,generated_toe_walk.csv
19.38,5.666420285135368,19.94581246657076,-0.25459737370138247,1,synthetic,Marche sur les pointes synthétique,generated_toe_walk.csv
19.4,6.223351441977768,19.736950176360633,0.14136415331512142,1,synthetic,Marche sur les pointes synthétique,generated_toe_walk.csv
19.42,6.097191602100022,19.649870301985427,0.38768658021842145,1,synthetic,Marche sur les pointes synthétique,generated_toe_walk.csv
19.44,6.286988751699704,20.410506331067776,-0.1819840231574975,1,synthetic,Marche sur les pointes synthétique,generated_toe_walk.csv
19.46,6.238918091200269,19.89217663812686,-0.3663093175495898,1,synthetic,Marche sur les pointes synthétique,generated_toe_walk.csv
19.48,5.910465246065718,19.40151888039001,-0.5857270163901686,1,synthetic,Marche sur les pointes synthétique,generated_toe_walk.csv
19.5,6.204055081177289,19.738662547736237,-0.3237767683729864,1,synthetic,Marche sur les pointes synthétique,generated_toe_walk.csv
19.52,5.813357184351117,19.8012836632848,-0.7767486057868187,1,synthetic,Marche sur les pointes synthétique,generated_toe_walk.csv
19.54,6.422840815026715,20.313320561679546,-0.5403920835810676,1,synthetic,Marche sur les pointes synthétique,generated_toe_walk.csv
19.56,5.899993452914824,19.58392769883863,0.3058262789683142,1,synthetic,Marche sur les pointes synthétique,generated_toe_walk.csv
19.58,6.156196659559223,19.99568511791611,-0.5856412693566702,1,synthetic,Marche sur les pointes synthétique,generated_toe_walk.csv
19.6,5.791211953546671,20.192215538518525,-0.2745654334264011,1,synthetic,Marche sur les pointes synthétique,generated_toe_walk.csv
19.62,6.2797402598384915,19.705998729339292,-0.4373426294680043,1,synthetic,Marche sur les pointes synthétique,generated_toe_walk.csv
19.64,6.156434401743811,20.029758759834174,0.3632810640888834,1,synthetic,Marche sur les pointes synthétique,generated_toe_walk.csv
19.66,7.000161903458958,19.473631679755197,-0.046642847429835904,1,synthetic,Marche sur les pointes synthétique,generated_toe_walk.csv
19.68,6.517507187154819,20.177520845578954,-0.3595286923180145,1,synthetic,Marche sur les pointes synthétique,generated_toe_walk.csv
19.7,6.559622329896738,19.574685563758983,-0.3855254919739826,1,synthetic,Marche sur les pointes synthétique,generated_toe_walk.csv
19.72,5.634355625026169,20.197454342681496,0.25224367059637104,1,synthetic,Marche sur les pointes synthétique,generated_toe_walk.csv
19.74,5.278046855958451,20.89877676409862,0.06554782036752504,1,synthetic,Marche sur les pointes synthétique,generated_toe_walk.csv
19.76,4.865236347980728,20.567293171537585,0.00739094377820923,1,synthetic,Marche sur les pointes synthétique,generated_toe_walk.csv
19.78,3.4248069164832073,20.481981992734546,-0.3850920106142558,1,synthetic,Marche sur les pointes synthétique,generated_toe_walk.csv
19.8,2.6706434088036963,20.48835795637336,-0.31804420590596155,1,synthetic,Marche sur les pointes synthétique,generated_toe_walk.csv
19.82,0.15487578776350425,21.010104254581293,-0.49656900662738246,1,synthetic,Marche sur les pointes synthétique,generated_toe_walk.csv
19.84,-2.463129609734324,20.447191064704107,-1.0714030215493513,1,synthetic,Marche sur les pointes synthétique,generated_toe_walk.csv
19.86,-6.28682307091144,20.578016326015796,-2.2070808168473532,1,synthetic,Marche sur les pointes synthétique,generated_toe_walk.csv
19.88,-11.775977518076445,20.397889831957407,-2.9496345126204577,1,synthetic,Marche sur les pointes synthétique,generated_toe_walk.csv
19.9,-18.521529788927136,20.969585713816443,-3.506866145588188,1,synthetic,Marche sur les pointes synthétique,generated_toe_walk.csv
19.92,-27.943435154644632,21.64731828979998,-3.764162230905271,1,synthetic,Marche sur les pointes synthétique,generated_toe_walk.csv
19.94,-38.19810753640623,23.194105245302065,-5.0204659279626505,1,synthetic,Marche sur les pointes synthétique,generated_toe_walk.csv
19.96,-47.51046491972241,23.78865243156335,-5.021118924691762,1,synthetic,Marche sur les pointes synthétique,generated_toe_walk.csv
19.98,-53.6352723456158,24.309584721042732,-3.9833575892603337,1,synthetic,Marche sur les pointes synthétique,generated_toe_walk.csv
20.0,-57.032428995532165,24.50782550876921,-2.714030007534634,1,synthetic,Marche sur les pointes synthétique,generated_toe_walk.csv
20.02,-59.245839330528,24.46130468697206,-0.877939360902553,1,synthetic,Marche sur les pointes synthétique,generated_toe_walk.csv
20.04,-58.45487321286961,23.779120769899098,2.0563192883352674,1,synthetic,Marche sur les pointes synthétique,generated_toe_walk.csv
20.06,-55.550912956680165,22.912731664604173,3.7599609559453757,1,synthetic,Marche sur les pointes synthétique,generated_toe_walk.csv
20.08,-53.5961569137859,23.786541822687226,4.932785455150516,1,synthetic,Marche sur les pointes synthétique,generated_toe_walk.csv
20.1,-51.28539135673474,23.50406104423304,5.248650622797526,1,synthetic,Marche sur les pointes synthétique,generated_toe_walk.csv
20.12,-45.6549406125572,22.823561170500497,5.339315922225245,1,synthetic,Marche sur les pointes synthétique,generated_toe_walk.csv
20.14,-39.63545864660907,21.30270805822915,4.544548916335262,1,synthetic,Marche sur les pointes synthétique,generated_toe_walk.csv
20.16,-33.85342369057284,21.27179607084689,3.9746053390395364,1,synthetic,Marche sur les pointes synthétique,generated_toe_walk.csv
20.18,-28.596978518212225,21.910602453077825,3.005482650576234,1,synthetic,Marche sur les pointes synthétique,generated_toe_walk.csv
20.2,-22.31910683573658,21.621121150515417,2.8988023938320593,1,synthetic,Marche sur les pointes synthétique,generated_toe_walk.csv
20.22,-17.171501802334387,22.052727376513154,2.0833174291615912,1,synthetic,Marche sur les pointes synthétique,generated_toe_walk.csv
20.24,-11.349629335025108,22.087637505652015,1.660352769358783,1,synthetic,Marche sur les pointes synthétique,generated_toe_walk.csv
20.26,-5.333379705304911,22.257026702502465,0.7241989277288735,1,synthetic,Marche sur les pointes synthétique,generated_toe_walk.csv
20.28,-0.8375075344104255,21.16602431869054,0.2957506994227045,1,synthetic,Marche sur les pointes synthétique,generated_toe_walk.csv
20.3,3.7578874687116715,20.962832765841632,-0.2731311996068099,1,synthetic,Marche sur les pointes synthétique,generated_toe_walk.csv
20.32,7.528417429075526,20.683068451743367,-0.36403471491553846,1,synthetic,Marche sur les pointes synthétique,generated_toe_walk.csv
20.34,9.791449212372356,19.690011013636333,-0.25939459947723364,1,synthetic,Marche sur les pointes synthétique,generated_toe_walk.csv
20.36,11.897192734619257,18.812179643675695,-0.1272472421838108,1,synthetic,Marche sur les pointes synthétique,generated_toe_walk.csv
20.38,13.1411043271105,19.11342868254753,-0.36792613687022335,1,synthetic,Marche sur les pointes synthétique,generated_toe_walk.csv
20.4,12.26173497040847,19.282382288750583,-0.5437192510787557,1,synthetic,Marche sur les pointes synthétique,generated_toe_walk.csv
20.42,9.630403607473669,19.060758538698582,-0.5857269010893097,1,synthetic,Marche sur les pointes synthétique,generated_toe_walk.csv
20.44,8.29574177566568,19.565161029407225,0.1267381329678818,1,synthetic,Marche sur les pointes synthétique,generated_toe_walk.csv
20.46,6.6863087424478005,19.73969150427108,-0.1287066942277567,1,synthetic,Marche sur les pointes synthétique,generated_toe_walk.csv
20.48,5.417348639314685,19.27023022844706,-0.10084465559148381,1,synthetic,Marche sur les pointes synthétique,generated_toe_walk.csv
20.5,5.50104871957974,19.313637976814768,0.45930422044701,1,synthetic,Marche sur les pointes synthétique,generated_toe_walk.csv
20.52,5.6962389229463035,18.677293787084352,1.0326761164976404,1,synthetic,Marche sur les pointes synthétique,generated_toe_walk.csv
20.54,5.920925533208103,19.38075955304338,0.9778183468371893,1,synthetic,Marche sur les pointes synthétique,generated_toe_walk.csv
20.56,6.467029414659625,19.06728789594037,1.43890577662566,1,synthetic,Marche sur les pointes synthétique,generated_toe_walk.csv
20.58,6.7363474500666625,18.957474782583553,1.9482280392040632,1,synthetic,Marche sur les pointes synthétique,generated_toe_walk.csv
20.6,6.399507942321244,19.12943908716334,1.4644814072137926,1,synthetic,Marche sur les pointes synthétique,generated_toe_walk.csv
20.62,6.470072060275003,19.668715957646207,1.5250393375526634,1,synthetic,Marche sur les pointes synthétique,generated_toe_walk.csv
20.64,6.836986844404632,19.18855066561431,2.1583926171503736,1,synthetic,Marche sur les pointes synthétique,generated_toe_walk.csv
20.66,6.536346482379221,19.258380285358907,2.518152486310763,1,synthetic,Marche sur les pointes synthétique,generated_toe_walk.csv
20.68,6.391981502863052,19.18125065039154,2.83390000998732,1,synthetic,Marche sur les pointes synthétique,generated_toe_walk.csv
20.7,6.32175313970828,19.15724262863898,2.16071739569839,1,synthetic,Marche sur les pointes synthétique,generated_toe_walk.csv
20.72,6.580103845137708,19.707975397937545,2.423978520111935,1,synthetic,Marche sur les pointes synthétique,generated_toe_walk.csv
20.74,6.57997915135471,20.111465802344714,2.3964194541282273,1,synthetic,Marche sur les pointes synthétique,generated_toe_walk.csv
20.76,6.601745063320892,19.89875661619321,2.9233653237846324,1,synthetic,Marche sur les pointes synthétique,generated_toe_walk.csv
20.78,6.316748927826037,19.707828707526996,2.5915039379830294,1,synthetic,Marche sur les pointes synthétique,generated_toe_walk.csv
20.8,6.745718604392289,19.84815800159846,2.2285201006404445,1,synthetic,Marche sur les pointes synthétique,generated_toe_walk.csv
20.82,6.699565509878569,19.583345429282076,2.205292834898158,1,synthetic,Marche sur les pointes synthétique,generated_toe_walk.csv
20.84,6.9135856495515835,19.60234979242921,1.62229992235043,1,synthetic,Marche sur les pointes synthétique,generated_toe_walk.csv
20.86,7.086216792610762,19.463006788968766,1.3736764092008416,1,synthetic,Marche sur les pointes synthétique,generated_toe_walk.csv
20.88,6.760050355192728,20.299187470070084,1.14281688681532,1,synthetic,Marche sur les pointes synthétique,generated_toe_walk.csv
20.9,6.172341126207206,19.83048769922464,0.7434568698855297,1,synthetic,Marche sur les pointes synthétique,generated_toe_walk.csv
20.92,5.298494090356523,19.759068677108704,0.5584615901894563,1,synthetic,Marche sur les pointes synthétique,generated_toe_walk.csv
20.94,4.129633211526143,19.797037683658694,0.45793359161477154,1,synthetic,Marche sur les pointes synthétique,generated_toe_walk.csv
20.96,2.86581725353979,20.003603076980855,0.1455351234822984,1,synthetic,Marche sur les pointes synthétique,generated_toe_walk.csv
20.98,0.680419584544044,19.687009770425107,0.19095823607185172,1,synthetic,Marche sur les pointes synthétique,generated_toe_walk.csv
21.0,-1.9230703418161212,19.729938496185962,-0.349827759324021,1,synthetic,Marche sur les pointes synthétique,generated_toe_walk.csv
21.02,-5.6601705337836785,19.665816424416132,-0.974776811686876,1,synthetic,Marche sur les pointes synthétique,generated_toe_walk.csv
21.04,-10.409904822581733,20.102183844681875,-2.0333770893811276,1,synthetic,Marche sur les pointes synthétique,generated_toe_walk.csv
21.06,-17.08214375623783,19.77702681754363,-2.3925794183781774,1,synthetic,Marche sur les pointes synthétique,generated_toe_walk.csv
21.08,-25.03761036914137,21.022649743742182,-2.741137315217666,1,synthetic,Marche sur les pointes synthétique,generated_toe_walk.csv
21.1,-34.847144333613954,21.873353820105045,-3.31225443089224,1,synthetic,Marche sur les pointes synthétique,generated_toe_walk.csv
21.12,-43.265093591770444,22.802844329105135,-3.6665382307643233,1,synthetic,Marche sur les pointes synthétique,generated_toe_walk.csv
21.14,-48.359369948691395,23.812125665783054,-2.790839636319102,1,synthetic,Marche sur les pointes synthétique,generated_toe_walk.csv
21.16,-52.422280269700394,24.025624718990525,-1.4060284845746782,1,synthetic,Marche sur les pointes synthétique,generated_toe_walk.csv
21.18,-53.95937757570126,24.162009623317317,-0.0034069407238580818,1,synthetic,Marche sur les pointes synthétique,generated_toe_walk.csv
21.2,-53.415640772687674,24.3432877155994,1.996892114323774,1,synthetic,Marche sur les pointes synthétique,generated_toe_walk.csv
21.22,-51.16195138369341,24.159638315657183,3.376689538663319,1,synthetic,Marche sur les pointes synthétique,generated_toe_walk.csv
21.24,-50.72837275671178,24.568939244462552,3.8693270140879883,1,synthetic,Marche sur les pointes synthétique,generated_toe_walk.csv
21.26,-47.35512912464025,23.653165967299767,3.8679322720069598,1,synthetic,Marche sur les pointes synthétique,generated_toe_walk.csv
21.28,-42.51499919436261,23.20728874642306,3.781109465511083,1,synthetic,Marche sur les pointes synthétique,generated_toe_walk.csv
21.3,-37.18858330941224,22.468610028855394,3.348230419033003,1,synthetic,Marche sur les pointes synthétique,generated_toe_walk.csv
21.32,-31.70464008747228,22.302560687401037,2.344175262863752,1,synthetic,Marche sur les pointes synthétique,generated_toe_walk.csv
21.34,-26.637830861989627,22.213946552819024,1.4205119497949985,1,synthetic,Marche sur les pointes synthétique,generated_toe_walk.csv
21.36,-20.875079503488717,22.127105847024296,1.005671023545242,1,synthetic,Marche sur les pointes synthétique,generated_toe_walk.csv
21.38,-14.835012734078475,22.398191641813085,0.5247749981235083,1,synthetic,Marche sur les pointes synthétique,generated_toe_walk.csv
21.4,-8.952761293587876,22.561841204574684,-1.0819666609618785,1,synthetic,Marche sur les pointes synthétique,generated_toe_walk.csv
21.42,-4.05464783435283,21.761963282224148,-1.2990236434514795,1,synthetic,Marche sur les pointes synthétique,generated_toe_walk.csv
21.44,0.9722669797409955,21.278519695863,-2.534481381272808,1,synthetic,Marche sur les pointes synthétique,generated_toe_walk.csv
21.46,6.408673166984013,20.758860332852315,-2.7801696197400543,1,synthetic,Marche sur les pointes synthétique,generated_toe_walk.csv
21.48,10.10775492098112,19.61651802286692,-3.058676395971221,1,synthetic,Marche sur les pointes synthétique,generated_toe_walk.csv
21.5,12.784367890860112,19.400804261917024,-2.4313712910893606,1,synthetic,Marche sur les pointes synthétique,generated_toe_walk.csv
21.52,13.490791175946606,18.892491934505188,-2.3071530589247535,1,synthetic,Marche sur les pointes synthétique,generated_toe_walk.csv
21.54,14.017348658004432,17.858266813625537,-2.0423000906717177,1,synthetic,Marche sur les pointes synthétique,generated_toe_walk.csv
21.56,13.618729452831792,18.516389829606545,-2.7838376813071593,1,synthetic,Marche sur les pointes synthétique,generated_toe_walk.csv
21.58,11.260927941544203,18.535441366370083,-1.7772829962183838,1,synthetic,Marche sur les pointes synthétique,generated_toe_walk.csv
21.6,8.643059468708472,19.125417056003034,-1.9521079665227472,1,synthetic,Marche sur les pointes synthétique,generated_toe_walk.csv
21.62,7.24189134721137,19.19143301232381,-1.2264716231860138,1,synthetic,Marche sur les pointes synthétique,generated_toe_walk.csv
21.64,6.0475240131653845,18.386487341197455,-0.3581019920739614,1,synthetic,Marche sur les pointes synthétique,generated_toe_walk.csv
21.66,4.553222539926515,18.254035582003045,0.2552846767441876,1,synthetic,Marche sur les pointes synthétique,generated_toe_walk.csv
21.68,5.077766713767409,18.31979674776966,0.7008607964758212,1,synthetic,Marche sur les pointes synthétique,generated_toe_walk.csv
21.7,5.853486688615581,18.262291262042464,0.49444866378551644,1,synthetic,Marche sur les pointes synthétique,generated_toe_walk.csv
21.72,5.772312345749916,18.545560915972757,0.5447309845611028,1,synthetic,Marche sur les pointes synthétique,generated_toe_walk.csv
21.74,6.20084693501086,18.669751664170075,0.18998311620863773,1,synthetic,Marche sur les pointes synthétique,generated_toe_walk.csv
21.76,6.080391712523874,18.598792871107904,0.5481248161949162,1,synthetic,Marche sur les pointes synthétique,generated_toe_walk.csv
21.78,6.0055153647494235,18.770830834550736,0.4881004241316358,1,synthetic,Marche sur les pointes synthétique,generated_toe_walk.csv
21.8,6.466112766167974,18.747631829307046,-0.09784282960811667,1,synthetic,Marche sur les pointes synthétique,generated_toe_walk.csv
21.82,6.037165983423548,18.474115234092963,-0.3407215107862663,1,synthetic,Marche sur les pointes synthétique,generated_toe_walk.csv
21.84,5.748241443167404,18.398883048593515,-0.19081287908598116,1,synthetic,Marche sur les pointes synthétique,generated_toe_walk.csv
21.86,6.081366272298555,18.347481020621586,-0.6266039436870718,1,synthetic,Marche sur les pointes synthétique,generated_toe_walk.csv
21.88,5.4670402185627385,18.854582756489837,-0.5105572490128114,1,synthetic,Marche sur les pointes synthétique,generated_toe_walk.csv
21.9,5.530079684850694,18.9203408054774,-0.41067719514674816,1,synthetic,Marche sur les pointes synthétique,generated_toe_walk.csv
21.92,5.474367669941546,19.009497136474632,-0.4992880835157411,1,synthetic,Marche sur les pointes synthétique,generated_toe_walk.csv
21.94,5.311228436784807,18.671477106039216,-0.266553365657824,1,synthetic,Marche sur les pointes synthétique,generated_toe_walk.csv
21.96,5.398137450354883,18.73371584439377,-0.5523129617026971,1,synthetic,Marche sur les pointes synthétique,generated_toe_walk.csv
21.98,5.530179130528918,19.020528617389385,-0.9648991646560159,1,synthetic,Marche sur les pointes synthétique,generated_toe_walk.csv
22.0,5.060737642202291,19.42883847367524,-0.904086563310008,1,synthetic,Marche sur les pointes synthétique,generated_toe_walk.csv
22.02,5.217015694458861,19.286431806679115,-0.5151919015427573,1,synthetic,Marche sur les pointes synthétique,generated_toe_walk.csv
22.04,5.124241339788763,19.367452131866795,-0.15597356601892787,1,synthetic,Marche sur les pointes synthétique,generated_toe_walk.csv
22.06,4.635682798225828,19.16535978954046,-0.8674316698396284,1,synthetic,Marche sur les pointes synthétique,generated_toe_walk.csv
22.08,3.8737868972938565,19.620546477931235,-1.1677284994011747,1,synthetic,Marche sur les pointes synthétique,generated_toe_walk.csv
22.1,3.362667004933188,19.692366309895775,-0.7458938050639149,1,synthetic,Marche sur les pointes synthétique,generated_toe_walk.csv
22.12,1.2771004673890332,19.262466598685233,-1.5246320723677609,1,synthetic,Marche sur les pointes synthétique,generated_toe_walk.csv
22.14,-1.1568972487092792,20.05937097468034,-1.7746023714845154,1,synthetic,Marche sur les pointes synthétique,generated_toe_walk.csv
22.16,-4.299690849326215,19.2782548173827,-2.2371308236793457,1,synthetic,Marche sur les pointes synthétique,generated_toe_walk.csv
22.18,-8.72852617434451,20.00573693620569,-3.5241293747135147,1,synthetic,Marche sur les pointes synthétique,generated_toe_walk.csv
22.2,-14.539571775818027,20.16289966965733,-4.193531057635024,1,synthetic,Marche sur les pointes synthétique,generated_toe_walk.csv
22.22,-22.452082830751916,21.03379907052814,-5.1727131376002715,1,synthetic,Marche sur les pointes synthétique,generated_toe_walk.csv
22.24,-31.752316662412582,21.98068821227362,-5.960959143759342,1,synthetic,Marche sur les pointes synthétique,generated_toe_walk.csv
22.26,-42.42361667335027,23.608488504498307,-6.660633931112796,1,synthetic,Marche sur les pointes synthétique,generated_toe_walk.csv
22.28,-49.072533271866696,24.63390295111675,-7.179435301251135,1,synthetic,Marche sur les pointes synthétique,generated_toe_walk.csv
22.3,-53.13105153286193,24.671324797597965,-6.053024266327919,1,synthetic,Marche sur les pointes synthétique,generated_toe_walk.csv
22.32,-56.30850870137648,25.242425586609144,-5.269709080482386,1,synthetic,Marche sur les pointes synthétique,generated_toe_walk.csv
22.34,-56.04394418017397,25.548668614275037,-2.4623319103915224,1,synthetic,Marche sur les pointes synthétique,generated_toe_walk.csv
22.36,-53.719162784147336,24.696258776481706,-0.22203792154188376,1,synthetic,Marche sur les pointes synthétique,generated_toe_walk.csv
22.38,-51.73097408058677,24.205516304590642,1.6789298181918817,1,synthetic,Marche sur les pointes synthétique,generated_toe_walk.csv
22.4,-48.97584793455087,23.84771189859697,2.4362382571521666,1,synthetic,Marche sur les pointes synthétique,generated_toe_walk.csv
22.42,-45.4689524053151,23.354112824538028,3.4813441509619873,1,synthetic,Marche sur les pointes synthétique,generated_toe_walk.csv
22.44,-40.222543975139594,22.059465521048956,3.3993404999542602,1,synthetic,Marche sur les pointes synthétique,generated_toe_walk.csv
22.46,-34.76933961431684,21.905358988868272,3.9663356483638603,1,synthetic,Marche sur les pointes synthétique,generated_toe_walk.csv
22.48,-29.231455214527152,21.889652216441522,3.083110258745749,1,synthetic,Marche sur les pointes synthétique,generated_toe_walk.csv
22.5,-22.988273445095352,21.416674251026787,2.543399102404252,1,synthetic,Marche sur les pointes synthétique,generated_toe_walk.csv
22.52,-16.95412175595395,21.261728551970315,1.7965043337039264,1,synthetic,Marche sur les pointes synthétique,generated_toe_walk.csv
22.54,-11.326836642672022,21.768479659344532,0.9915943957148055,1,synthetic,Marche sur les pointes synthétique,generated_toe_walk.csv
22.56,-5.415271756904138,21.599846339632183,-0.06880068885373009,1,synthetic,Marche sur les pointes synthétique,generated_toe_walk.csv
22.58,0.11736758129431166,20.75784268456449,-0.7332712327146858,1,synthetic,Marche sur les pointes synthétique,generated_toe_walk.csv
22.6,5.324656316627999,19.73598105782942,-1.7489480767640315,1,synthetic,Marche sur les pointes synthétique,generated_toe_walk.csv
22.62,9.826660659418906,18.795322340128386,-1.3533111882511437,1,synthetic,Marche sur les pointes synthétique,generated_toe_walk.csv
22.64,13.01462518892402,18.359676669034382,-1.638541752515224,1,synthetic,Marche sur les pointes synthétique,generated_toe_walk.csv
22.66,15.413618137316059,17.458455791836446,-1.1211430608542785,1,synthetic,Marche sur les pointes synthétique,generated_toe_walk.csv
22.68,16.37546084392774,16.89167225284843,-1.1489038878011053,1,synthetic,Marche sur les pointes synthétique,generated_toe_walk.csv
22.7,17.10119825620385,17.967084198817222,-1.0507606375700904,1,synthetic,Marche sur les pointes synthétique,generated_toe_walk.csv
22.72,14.584321490325923,18.084999136936894,-1.3465671340280065,1,synthetic,Marche sur les pointes synthétique,generated_toe_walk.csv
22.74,11.803753077018069,18.487322987131442,-1.739264835460011,1,synthetic,Marche sur les pointes synthétique,generated_toe_walk.csv
22.76,10.18032435031311,18.970823531632533,-1.3414576132412717,1,synthetic,Marche sur les pointes synthétique,generated_toe_walk.csv
22.78,8.364210082709238,19.044313764851527,-0.5957071674848498,1,synthetic,Marche sur les pointes synthétique,generated_toe_walk.csv
22.8,5.60146064475874,18.468674092541075,0.4746420120118823,1,synthetic,Marche sur les pointes synthétique,generated_toe_walk.csv
22.82,5.303469793063625,18.141739599355425,0.3961893023807477,1,synthetic,Marche sur les pointes synthétique,generated_toe_walk.csv
22.84,6.101024941977143,17.438907807905135,0.8708687361732522,1,synthetic,Marche sur les pointes synthétique,generated_toe_walk.csv
22.86,5.749767607429875,18.06766621848259,1.2118817430660767,1,synthetic,Marche sur les pointes synthétique,generated_toe_walk.csv
22.88,6.664920085235558,18.010196780130983,0.582699706806762,1,synthetic,Marche sur les pointes synthétique,generated_toe_walk.csv
22.9,6.60603390276826,18.45663028522708,0.8828887796883372,1,synthetic,Marche sur les pointes synthétique,generated_toe_walk.csv
22.92,6.8741598454007145,18.516048284903977,0.8665503069894236,1,synthetic,Marche sur les pointes synthétique,generated_toe_walk.csv
22.94,6.71162778456192,18.34874070727086,0.6537266901333189,1,synthetic,Marche sur les pointes synthétique,generated_toe_walk.csv
22.96,6.793091613742884,18.66583754815159,1.017183697002939,1,synthetic,Marche sur les pointes synthétique,generated_toe_walk.csv
22.98,7.242386495958589,18.284714345070533,1.4172839910961654,1,synthetic,Marche sur les pointes synthétique,generated_toe_walk.csv
23.0,6.5641575356560065,18.325507282810698,1.6188375682329552,1,synthetic,Marche sur les pointes synthétique,generated_toe_walk.csv
23.02,6.905720321118407,18.1241095922204,1.4079443886466558,1,synthetic,Marche sur les pointes synthétique,generated_toe_walk.csv
23.04,6.656051762090634,18.311461305308075,2.5124920306809297,1,synthetic,Marche sur les pointes synthétique,generated_toe_walk.csv
23.06,7.003050233311021,18.49381759802052,1.9485575343300319,1,synthetic,Marche sur les pointes synthétique,generated_toe_walk.csv
23.08,7.177854238199287,18.77504081342296,1.892999873910477,1,synthetic,Marche sur les pointes synthétique,generated_toe_walk.csv
23.1,7.243543392430229,18.287568778485728,1.8271885546475046,1,synthetic,Marche sur les pointes synthétique,generated_toe_walk.csv
23.12,7.1369818353301495,18.796760283656457,1.772852701930225,1,synthetic,Marche sur les pointes synthétique,generated_toe_walk.csv
23.14,6.677947145640742,19.317795825637607,2.261372516548334,1,synthetic,Marche sur les pointes synthétique,generated_toe_walk.csv
23.16,7.075831835003047,18.30570134329305,1.16967963423172,1,synthetic,Marche sur les pointes synthétique,generated_toe_walk.csv
23.18,7.098031269481434,18.70456419121582,1.8650821522883436,1,synthetic,Marche sur les pointes synthétique,generated_toe_walk.csv
23.2,6.82701964764207,18.858959427686827,1.4094965368379124,1,synthetic,Marche sur les pointes synthétique,generated_toe_walk.csv
23.22,6.676674671212945,19.20805925061103,1.5614780239433694,1,synthetic,Marche sur les pointes synthétique,generated_toe_walk.csv
23.24,5.473841081827604,19.529972524554836,1.3347090567920838,1,synthetic,Marche sur les pointes synthétique,generated_toe_walk.csv
23.26,3.9859318075008545,19.312633518294632,0.6332515449196785,1,synthetic,Marche sur les pointes synthétique,generated_toe_walk.csv
23.28,2.6608444988778084,18.899008979749357,0.33502677786957547,1,synthetic,Marche sur les pointes synthétique,generated_toe_walk.csv
23.3,0.8838624512973386,18.595583219546853,0.54207422993902,1,synthetic,Marche sur les pointes synthétique,generated_toe_walk.csv
23.32,-1.5516235400454763,18.758607139847616,-0.4087603336501626,1,synthetic,Marche sur les pointes synthétique,generated_toe_walk.csv
23.34,-5.974382078849835,18.726801001031223,-0.6702677616522462,1,synthetic,Marche sur les pointes synthétique,generated_toe_walk.csv
23.36,-10.728559048763481,19.035941781801025,-1.268995450697862,1,synthetic,Marche sur les pointes synthétique,generated_toe_walk.csv
23.38,-18.02307429958382,19.29039051445434,-1.5108638979290503,1,synthetic,Marche sur les pointes synthétique,generated_toe_walk.csv
23.4,-27.55896657501607,20.809312654071494,-1.9996568817823808,1,synthetic,Marche sur les pointes synthétique,generated_toe_walk.csv
23.42,-37.0734082979475,21.22616480880793,-2.499462376090176,1,synthetic,Marche sur les pointes synthétique,generated_toe_walk.csv
23.44,-45.35889053121477,22.335131983193335,-2.509988242814607,1,synthetic,Marche sur les pointes synthétique,generated_toe_walk.csv
23.46,-49.66493346146394,22.634541383339972,-1.5860023606148848,1,synthetic,Marche sur les pointes synthétique,generated_toe_walk.csv
23.48,-52.837203194320786,22.54074544775241,-0.7499973640881442,1,synthetic,Marche sur les pointes synthétique,generated_toe_walk.csv
23.5,-53.75084545630923,23.162049945697163,1.5692535822667628,1,synthetic,Marche sur les pointes synthétique,generated_toe_walk.csv
23.52,-52.34485160922972,22.956828812019694,2.6890298495735916,1,synthetic,Marche sur les pointes synthétique,generated_toe_walk.csv
23.54,-49.83310779634244,22.726567488398597,3.809629927716239,1,synthetic,Marche sur les pointes synthétique,generated_toe_walk.csv
23.56,-49.26743400895278,22.796526531343158,4.4008760349126295,1,synthetic,Marche sur les pointes synthétique,generated_toe_walk.csv
23.58,-45.686241887566965,22.0808167357915,4.266805712894307,1,synthetic,Marche sur les pointes synthétique,generated_toe_walk.csv
23.6,-41.25826050115878,22.406570170065923,4.335452928161161,1,synthetic,Marche sur les pointes synthétique,generated_toe_walk.csv
23.62,-36.1243624355759,21.629617754762346,3.9640198108749845,1,synthetic,Marche sur les pointes synthétique,generated_toe_walk.csv
23.64,-31.700978866678145,21.06336277928746,3.521435378625299,1,synthetic,Marche sur les pointes synthétique,generated_toe_walk.csv
23.66,-27.147698766687057,20.71988634892738,2.504093136121829,1,synthetic,Marche sur les pointes synthétique,generated_toe_walk.csv
23.68,-22.169816513888943,21.874647507419663,1.7543200909249659,1,synthetic,Marche sur les pointes synthétique,generated_toe_walk.csv
23.7,-16.703942094898036,21.62700111866813,1.1598957511238663,1,synthetic,Marche sur les pointes synthétique,generated_toe_walk.csv
23.72,-12.072604583220446,21.50621836876037,0.12344785815829512,1,synthetic,Marche sur les pointes synthétique,generated_toe_walk.csv
23.74,-6.861289845766747,20.83896485377906,-0.3976005863259376,1,synthetic,Marche sur les pointes synthétique,generated_toe_walk.csv
23.76,-4.251961549025568,20.086039226676657,0.03612902642265947,1,synthetic,Marche sur les pointes synthétique,generated_toe_walk.csv
23.78,0.1513328437908792,19.262396165866456,-0.7918396606409306,1,synthetic,Marche sur les pointes synthétique,generated_toe_walk.csv
23.8,2.6664438647115047,20.042622021833246,-0.6287932146385968,1,synthetic,Marche sur les pointes synthétique,generated_toe_walk.csv
23.82,6.206174507596524,19.479377277946238,-0.1373397570270456,1,synthetic,Marche sur les pointes synthétique,generated_toe_walk.csv
23.84,7.701858656486332,18.91088123978409,-0.15901284733632015,1,synthetic,Marche sur les pointes synthétique,generated_toe_walk.csv
23.86,9.739709867274108,20.06993885529342,-0.2684429736219785,1,synthetic,Marche sur les pointes synthétique,generated_toe_walk.csv
23.88,9.274524161066111,19.602945457342685,-1.5087514839516643,1,synthetic,Marche sur les pointes synthétique,generated_toe_walk.csv
23.9,9.111240845479571,20.874228579324978,-1.8114852536111665,1,synthetic,Marche sur les pointes synthétique,generated_toe_walk.csv
23.92,7.986727873965078,20.76528384740803,-0.4866359233389461,1,synthetic,Marche sur les pointes synthétique,generated_toe_walk.csv
23.94,7.075354573788198,20.432564812852803,-1.2030034493974915,1,synthetic,Marche sur les pointes synthétique,generated_toe_walk.csv
23.96,5.837896871451718,20.315327445218273,-0.5309132159063932,1,synthetic,Marche sur les pointes synthétique,generated_toe_walk.csv
23.98,4.93359594755764,19.76916740638555,0.5781159836603627,1,synthetic,Marche sur les pointes synthétique,generated_toe_walk.csv
24.0,5.444176968938726,19.782498239591455,0.24434245938868626,1,synthetic,Marche sur les pointes synthétique,generated_toe_walk.csv
24.02,5.3601996976011606,20.304571386089076,0.20449216226758482,1,synthetic,Marche sur les pointes synthétique,generated_toe_walk.csv
24.04,6.383437789748311,20.010105781586876,0.3995190710502907,1,synthetic,Marche sur les pointes synthétique,generated_toe_walk.csv
24.06,6.367323507498908,19.874769103202894,0.5455101622129833,1,synthetic,Marche sur les pointes synthétique,generated_toe_walk.csv
24.08,6.049058318901911,20.14307228968149,-0.015815209289630622,1,synthetic,Marche sur les pointes synthétique,generated_toe_walk.csv
24.1,6.15835086410595,19.281029230249608,-0.6210471441017054,1,synthetic,Marche sur les pointes synthétique,generated_toe_walk.csv
24.12,5.936964889696993,20.44940366673405,0.06333446589861552,1,synthetic,Marche sur les pointes synthétique,generated_toe_walk.csv
24.14,5.562462095952935,19.86907644805984,-0.9935437649720715,1,synthetic,Marche sur les pointes synthétique,generated_toe_walk.csv
24.16,6.153317121393862,19.540911251107918,-0.4717802600324653,1,synthetic,Marche sur les pointes synthétique,generated_toe_walk.csv
24.18,5.513233837905579,19.875941458286903,-0.6075338152107179,1,synthetic,Marche sur les pointes synthétique,generated_toe_walk.csv
24.2,5.286353618595952,19.86181566103205,-0.5868637932816538,1,synthetic,Marche sur les pointes synthétique,generated_toe_walk.csv
24.22,4.825871457232795,20.156008324479203,-0.37568446733317473,1,synthetic,Marche sur les pointes synthétique,generated_toe_walk.csv
24.24,5.011370593165304,20.302260487884553,-0.027309814823142653,1,synthetic,Marche sur les pointes synthétique,generated_toe_walk.csv
24.26,5.145141363631034,19.606705689827443,-0.4503462894640733,1,synthetic,Marche sur les pointes synthétique,generated_toe_walk.csv
24.28,5.0351843274039,20.78189625801835,-0.2869313406155697,1,synthetic,Marche sur les pointes synthétique,generated_toe_walk.csv
24.3,4.8612676407146465,21.04058403857189,0.17208486765828893,1,synthetic,Marche sur les pointes synthétique,generated_toe_walk.csv
24.32,4.772723484130967,20.338541695989306,0.15981247075073757,1,synthetic,Marche sur les pointes synthétique,generated_toe_walk.csv
24.34,4.136521402914531,21.19443151037571,0.222930773270158,1,synthetic,Marche sur les pointes synthétique,generated_toe_walk.csv
24.36,3.912446182957145,21.214529777458196,0.05696319206104315,1,synthetic,Marche sur les pointes synthétique,generated_toe_walk.csv
24.38,2.7087450500077015,21.188028396850815,-0.22528528611143733,1,synthetic,Marche sur les pointes synthétique,generated_toe_walk.csv
24.4,1.7786929265673432,21.367588569330987,-0.5075302239950817,1,synthetic,Marche sur les pointes synthétique,generated_toe_walk.csv
24.42,0.3271650068983591,20.41037930146117,-0.7726434891467199,1,synthetic,Marche sur les pointes synthétique,generated_toe_walk.csv
24.44,-1.27159076960741,20.938626913733305,-0.704456171107765,1,synthetic,Marche sur les pointes synthétique,generated_toe_walk.csv
24.46,-4.208482248578285,20.337674129500012,-0.9494842741713357,1,synthetic,Marche sur les pointes synthétique,generated_toe_walk.csv
24.48,-8.303491314225678,21.366571488214912,-1.3083392971726855,1,synthetic,Marche sur les pointes synthétique,generated_toe_walk.csv
24.5,-14.18221690713357,20.66607275090449,-2.8088175552483183,1,synthetic,Marche sur les pointes synthétique,generated_toe_walk.csv
24.52,-21.11128082516154,21.230291132895545,-3.3693509461413638,1,synthetic,Marche sur les pointes synthétique,generated_toe_walk.csv
24.54,-29.93220074059079,22.896151626471305,-4.3598924437925834,1,synthetic,Marche sur les pointes synthétique,generated_toe_walk.csv
24.56,-40.1761231344091,24.297072052254794,-5.361132592125945,1,synthetic,Marche sur les pointes synthétique,generated_toe_walk.csv
24.58,-50.58998138223714,24.779879086663954,-5.9105119045764445,1,synthetic,Marche sur les pointes synthétique,generated_toe_walk.csv
24.6,-57.487919004069845,24.194425786214655,-4.777906515261687,1,synthetic,Marche sur les pointes synthétique,generated_toe_walk.csv
24.62,-61.764912223917435,24.020786353820547,-4.024312931533879,1,synthetic,Marche sur les pointes synthétique,generated_toe_walk.csv
24.64,-63.02726197789809,24.3036942970833,-2.799311879440342,1,synthetic,Marche sur les pointes synthétique,generated_toe_walk.csv
24.66,-62.00902652619793,22.221176470136545,-0.9228048718593644,1,synthetic,Marche sur les pointes synthétique,generated_toe_walk.csv
24.68,-59.06107892181212,21.31028829708174,0.8159109484551957,1,synthetic,Marche sur les pointes synthétique,generated_toe_walk.csv
24.7,-55.995307057054255,21.593279906573137,1.8794732892080965,1,synthetic,Marche sur les pointes synthétique,generated_toe_walk.csv
24.72,-50.98988685415541,21.456523032680074,2.924206568364891,1,synthetic,Marche sur les pointes synthétique,generated_toe_walk.csv
24.74,-46.892805944846636,20.40659804381753,3.6849467042315514,1,synthetic,Marche sur les pointes synthétique,generated_toe_walk.csv
24.76,-40.790583104469015,19.600072457592688,4.160960231406542,1,synthetic,Marche sur les pointes synthétique,generated_toe_walk.csv
24.78,-34.688807017376064,20.200822387044713,3.8516456772095524,1,synthetic,Marche sur les pointes synthétique,generated_toe_walk.csv
24.8,-28.774441606357247,19.687891698645455,3.7064548696108046,1,synthetic,Marche sur les pointes synthétique,generated_toe_walk.csv
24.82,-23.100968888988902,19.854914702741436,2.7106051746949933,1,synthetic,Marche sur les pointes synthétique,generated_toe_walk.csv
24.84,-17.294472913619245,19.936531440045854,1.5029224059834259,1,synthetic,Marche sur les pointes synthétique,generated_toe_walk.csv
24.86,-11.472591840075562,19.97807617159466,1.9731419396112513,1,synthetic,Marche sur les pointes synthétique,generated_toe_walk.csv
24.88,-6.37145632037009,20.32960563427861,0.7956204653743479,1,synthetic,Marche sur les pointes synthétique,generated_toe_walk.csv
24.9,-0.9036659104881407,20.106540888626327,-0.0023132017591658005,1,synthetic,Marche sur les pointes synthétique,generated_toe_walk.csv
24.92,4.148232103323895,19.706258475656842,-0.20089892167216938,1,synthetic,Marche sur les pointes synthétique,generated_toe_walk.csv
24.94,7.937550959395043,19.728563840765883,-1.602797155243348,1,synthetic,Marche sur les pointes synthétique,generated_toe_walk.csv
24.96,11.49950465882715,19.14692476200053,-2.2047440731084396,1,synthetic,Marche sur les pointes synthétique,generated_toe_walk.csv
24.98,14.201283989418288,19.75377803369788,-2.99874891415143,1,synthetic,Marche sur les pointes synthétique,generated_toe_walk.csv
25.0,16.58012085145116,19.582866022883344,-3.2825327894412126,1,synthetic,Marche sur les pointes synthétique,generated_toe_walk.csv
25.02,17.394720332519167,19.8832239823315,-4.278708591586422,1,synthetic,Marche sur les pointes synthétique,generated_toe_walk.csv
25.04,16.819965641907405,19.98474632817847,-5.570771309112422,1,synthetic,Marche sur les pointes synthétique,generated_toe_walk.csv
25.06,13.933215518580003,19.205037595081784,-4.121526679903437,1,synthetic,Marche sur les pointes synthétique,generated_toe_walk.csv
25.08,11.183227103320185,19.253852257910104,-3.7345571951084167,1,synthetic,Marche sur les pointes synthétique,generated_toe_walk.csv
25.1,9.238154184070185,18.979512203194222,-2.4802993858769806,1,synthetic,Marche sur les pointes synthétique,generated_toe_walk.csv
25.12,6.136084915700462,18.678460435295303,-1.507801513321573,1,synthetic,Marche sur les pointes synthétique,generated_toe_walk.csv
25.14,4.561491257675798,18.240406740227247,0.23535725451626893,1,synthetic,Marche sur les pointes synthétique,generated_toe_walk.csv
25.16,5.291973175712065,18.0204785739431,0.20891850813001434,1,synthetic,Marche sur les pointes synthétique,generated_toe_walk.csv
25.18,6.0715354291357535,17.73782117014782,0.8626299922499667,1,synthetic,Marche sur les pointes synthétique,generated_toe_walk.csv
25.2,5.944518682084454,18.036952336402663,0.4475630458819078,1,synthetic,Marche sur les pointes synthétique,generated_toe_walk.csv
25.22,5.968013066246201,17.708082059974824,1.0141400961576816,1,synthetic,Marche sur les pointes synthétique,generated_toe_walk.csv
25.24,6.167972953630528,17.639588146625968,1.1531507019879579,1,synthetic,Marche sur les pointes synthétique,generated_toe_walk.csv
25.26,5.370247061358747,17.941364616049214,1.2149445289256027,1,synthetic,Marche sur les pointes synthétique,generated_toe_walk.csv
25.28,6.960618728757408,17.995649477994927,1.219622949438885,1,synthetic,Marche sur les pointes synthétique,generated_toe_walk.csv
25.3,6.303978952868367,17.656639386604283,1.436218534448818,1,synthetic,Marche sur les pointes synthétique,generated_toe_walk.csv
25.32,6.320137091171693,17.362520611697903,1.4212919765515502,1,synthetic,Marche sur les pointes synthétique,generated_toe_walk.csv
25.34,5.858479366044603,17.980343491940957,1.6527526769583487,1,synthetic,Marche sur les pointes synthétique,generated_toe_walk.csv
25.36,6.173991206811371,18.15966044177443,1.8562494791609467,1,synthetic,Marche sur les pointes synthétique,generated_toe_walk.csv
25.38,6.657543991788971,17.823131378477715,2.0088050456994426,1,synthetic,Marche sur les pointes synthétique,generated_toe_walk.csv
25.4,6.609353090428481,17.87659561207225,1.3126714711524978,1,synthetic,Marche sur les pointes synthétique,generated_toe_walk.csv
25.42,6.13327201337085,17.339087141813987,1.314217539103118,1,synthetic,Marche sur les pointes synthétique,generated_toe_walk.csv
25.44,5.748689841036873,18.36590410405054,1.2160811613902984,1,synthetic,Marche sur les pointes synthétique,generated_toe_walk.csv
25.46,6.117942291154799,17.833007283702965,0.67758124149446,1,synthetic,Marche sur les pointes synthétique,generated_toe_walk.csv
25.48,5.876198538095597,18.453159902270162,0.7992770015349715,1,synthetic,Marche sur les pointes synthétique,generated_toe_walk.csv
25.5,6.036546582688019,18.164024357565104,0.5595483844953686,1,synthetic,Marche sur les pointes synthétique,generated_toe_walk.csv
25.52,5.103668205369597,18.42743948599664,0.3877838566228787,1,synthetic,Marche sur les pointes synthétique,generated_toe_walk.csv
25.54,4.965835169364915,18.57113156405969,0.42828330481098537,1,synthetic,Marche sur les pointes synthétique,generated_toe_walk.csv
25.56,4.390918593366238,18.253684158743106,0.4853326311578564,1,synthetic,Marche sur les pointes synthétique,generated_toe_walk.csv
25.58,3.2128462971983103,19.789687076297383,0.3400066881672449,1,synthetic,Marche sur les pointes synthétique,generated_toe_walk.csv
25.6,2.295381633676826,18.628239535970778,0.044225854136189915,1,synthetic,Marche sur les pointes synthétique,generated_toe_walk.csv
25.62,-0.15997233035634092,19.220027317366373,-0.12637243826407163,1,synthetic,Marche sur les pointes synthétique,generated_toe_walk.csv
25.64,-2.642344580322819,18.99963432903611,-0.9296210739377966,1,synthetic,Marche sur les pointes synthétique,generated_toe_walk.csv
25.66,-5.801052557251235,19.262804284940437,-1.566806025339213,1,synthetic,Marche sur les pointes synthétique,generated_toe_walk.csv
25.68,-10.096422450557789,20.05624236921183,-2.0057003831614106,1,synthetic,Marche sur les pointes synthétique,generated_toe_walk.csv
25.7,-16.482164890541235,19.679835072628105,-3.155674650552763,1,synthetic,Marche sur les pointes synthétique,generated_toe_walk.csv
25.72,-24.21625875464377,20.95011481718509,-3.972121923287931,1,synthetic,Marche sur les pointes synthétique,generated_toe_walk.csv
25.74,-33.210788534211666,22.44298632394082,-6.333735143657908,1,synthetic,Marche sur les pointes synthétique,generated_toe_walk.csv
25.76,-43.34939914683634,24.033748147061974,-7.56075239546938,1,synthetic,Marche sur les pointes synthétique,generated_toe_walk.csv
25.78,-51.97143978927525,24.127613154152463,-7.809255720125082,1,synthetic,Marche sur les pointes synthétique,generated_toe_walk.csv
25.8,-57.11907023601975,23.02306405277051,-7.797365731980946,1,synthetic,Marche sur les pointes synthétique,generated_toe_walk.csv
25.82,-59.90717389919841,22.858363036901874,-6.958567555537339,1,synthetic,Marche sur les pointes synthétique,generated_toe_walk.csv
25.84,-60.24404991514912,22.384716807294794,-4.411422001803968,1,synthetic,Marche sur les pointes synthétique,generated_toe_walk.csv
25.86,-58.72263764283822,21.059650946846446,-2.5065833470171373,1,synthetic,Marche sur les pointes synthétique,generated_toe_walk.csv
25.88,-55.787227908795586,21.21593099330637,-0.9980196148312255,1,synthetic,Marche sur les pointes synthétique,generated_toe_walk.csv
25.9,-52.34170481514216,21.38608141691813,0.16714402079013738,1,synthetic,Marche sur les pointes synthétique,generated_toe_walk.csv
25.92,-48.69613500982418,21.091838858710737,1.4141821057684776,1,synthetic,Marche sur les pointes synthétique,generated_toe_walk.csv
25.94,-43.41947631942605,19.946963049985843,1.9588519059841858,1,synthetic,Marche sur les pointes synthétique,generated_toe_walk.csv
25.96,-37.43160600345701,19.95888204784806,1.8975700596761553,1,synthetic,Marche sur les pointes synthétique,generated_toe_walk.csv
25.98,-32.15325693245134,20.147425341694795,2.5027723653972647,1,synthetic,Marche sur les pointes synthétique,generated_toe_walk.csv
26.0,-26.52278890766455,19.80226718246808,2.157865781945191,1,synthetic,Marche sur les pointes synthétique,generated_toe_walk.csv
26.02,-20.347806948617404,20.934339805572083,2.0079023371041966,1,synthetic,Marche sur les pointes synthétique,generated_toe_walk.csv
26.04,-13.854642292262387,20.960966916662013,0.7737344676364662,1,synthetic,Marche sur les pointes synthétique,generated_toe_walk.csv
26.06,-8.142382525547369,21.489720619059078,-0.044582741932710876,1,synthetic,Marche sur les pointes synthétique,generated_toe_walk.csv
26.08,-1.823547141583111,22.276437779067916,-1.0195161234136663,1,synthetic,Marche sur les pointes synthétique,generated_toe_walk.csv
26.1,3.2665285626232787,20.92140348888383,-2.18624707714888,1,synthetic,Marche sur les pointes synthétique,generated_toe_walk.csv
26.12,8.417649457259241,20.944140285871015,-1.5363531501833974,1,synthetic,Marche sur les pointes synthétique,generated_toe_walk.csv
26.14,12.260457463866896,20.633011657640736,-3.2053728492712135,1,synthetic,Marche sur les pointes synthétique,generated_toe_walk.csv
26.16,15.087183103413407,20.275292279109888,-3.0941625588080495,1,synthetic,Marche sur les pointes synthétique,generated_toe_walk.csv
26.18,16.989511502301298,20.037959814749527,-3.223656211254413,1,synthetic,Marche sur les pointes synthétique,generated_toe_walk.csv
26.2,17.890755539970346,19.903029006257935,-4.092108372203761,1,synthetic,Marche sur les pointes synthétique,generated_toe_walk.csv
26.22,16.674415000732818,20.647704439344878,-3.98831649961328,1,synthetic,Marche sur les pointes synthétique,generated_toe_walk.csv
26.24,13.823659105036395,19.235170127297927,-4.067989656559476,1,synthetic,Marche sur les pointes synthétique,generated_toe_walk.csv
26.26,10.74697366729474,19.34609329587365,-3.4406192600241603,1,synthetic,Marche sur les pointes synthétique,generated_toe_walk.csv
26.28,8.085128177183163,19.906580384359845,-2.5972693765081,1,synthetic,Marche sur les pointes synthétique,generated_toe_walk.csv
26.3,5.744324491122066,19.237703600084142,-1.5098136890515084,1,synthetic,Marche sur les pointes synthétique,generated_toe_walk.csv
26.32,4.864801354400845,18.53973498553234,-0.38355307761881086,1,synthetic,Marche sur les pointes synthétique,generated_toe_walk.csv
26.34,5.16796689819855,18.30878717524217,0.16807501576312636,1,synthetic,Marche sur les pointes synthétique,generated_toe_walk.csv
26.36,4.349376427516551,18.342775829638764,0.7055383410674874,1,synthetic,Marche sur les pointes synthétique,generated_toe_walk.csv
26.38,5.802374273276464,19.117989141887854,1.1114913485705813,1,synthetic,Marche sur les pointes synthétique,generated_toe_walk.csv
26.4,6.053968937987517,18.477138361142696,0.8054186976995409,1,synthetic,Marche sur les pointes synthétique,generated_toe_walk.csv
26.42,6.153353660730367,17.992729533769463,0.7173541403445782,1,synthetic,Marche sur les pointes synthétique,generated_toe_walk.csv
26.44,5.8656858674812415,18.37708467436383,0.5700287237695393,1,synthetic,Marche sur les pointes synthétique,generated_toe_walk.csv
26.46,5.815036063073998,18.14157263534466,0.5210208581815774,1,synthetic,Marche sur les pointes synthétique,generated_toe_walk.csv
26.48,5.276868306795179,18.830316402232,-0.010485952910626484,1,synthetic,Marche sur les pointes synthétique,generated_toe_walk.csv
26.5,5.078633405653045,18.540693498611848,-0.3938030892363723,1,synthetic,Marche sur les pointes synthétique,generated_toe_walk.csv
26.52,4.859355455550193,18.936306223971197,-1.124575980558959,1,synthetic,Marche sur les pointes synthétique,generated_toe_walk.csv
26.54,3.935599770893026,18.72699855108137,-0.5233367292415197,1,synthetic,Marche sur les pointes synthétique,generated_toe_walk.csv
26.56,3.5010190196004385,19.416684527446975,-1.7475958140660164,1,synthetic,Marche sur les pointes synthétique,generated_toe_walk.csv
26.58,3.256866735095737,19.08123181604114,-1.189762968726002,1,synthetic,Marche sur les pointes synthétique,generated_toe_walk.csv
26.6,2.208773511428795,19.216320547404596,-1.6659088724649904,1,synthetic,Marche sur les pointes synthétique,generated_toe_walk.csv
26.62,2.0087286916070584,19.020852980082736,-1.758083760373762,1,synthetic,Marche sur les pointes synthétique,generated_toe_walk.csv
26.64,0.8736980207535898,19.421648534645332,-2.0915874037048265,1,synthetic,Marche sur les pointes synthétique,generated_toe_walk.csv
26.66,0.6451770380824646,19.911476264029538,-2.099695382842659,1,synthetic,Marche sur les pointes synthétique,generated_toe_walk.csv
26.68,-0.22160314685584034,19.885904934612245,-2.1877561214991355,1,synthetic,Marche sur les pointes synthétique,generated_toe_walk.csv
26.7,-1.280188889538192,21.005751067626967,-2.142391414101608,1,synthetic,Marche sur les pointes synthétique,generated_toe_walk.csv
26.72,-2.460276545877153,20.434030846646994,-2.144991167889181,1,synthetic,Marche sur les pointes synthétique,generated_toe_walk.csv
26.74,-3.6470004916354974,20.35216563284236,-2.1123162993235325,1,synthetic,Marche sur les pointes synthétique,generated_toe_walk.csv
26.76,-5.868133061035731,20.99028817501582,-3.110518064788301,1,synthetic,Marche sur les pointes synthétique,generated_toe_walk.csv
26.78,-7.63688743087352,20.665260715749785,-3.146684510568834,1,synthetic,Marche sur les pointes synthétique,generated_toe_walk.csv
26.8,-10.476850475191808,21.223069731727527,-3.6360578277409457,1,synthetic,Marche sur les pointes synthétique,generated_toe_walk.csv
26.82,-14.218305694494292,21.538145556565112,-4.839819414925841,1,synthetic,Marche sur les pointes synthétique,generated_toe_walk.csv
26.84,-20.09444769957983,22.05488132602799,-7.048241030178896,1,synthetic,Marche sur les pointes synthétique,generated_toe_walk.csv
26.86,-26.76835799436077,23.894123322752872,-8.732205673758227,1,synthetic,Marche sur les pointes synthétique,generated_toe_walk.csv
26.88,-34.82925051104831,25.647017142763644,-10.630969900814652,1,synthetic,Marche sur les pointes synthétique,generated_toe_walk.csv
26.9,-44.03443666583133,26.759218891471054,-11.941681657876696,1,synthetic,Marche sur les pointes synthétique,generated_toe_walk.csv
26.92,-52.31049625740053,26.024155703833006,-13.280971256316487,1,synthetic,Marche sur les pointes synthétique,generated_toe_walk.csv
26.94,-57.3896577249738,25.37726666388576,-12.023442711303066,1,synthetic,Marche sur les pointes synthétique,generated_toe_walk.csv
26.96,-60.66838372235653,25.140845151177132,-11.018756697217185,1,synthetic,Marche sur les pointes synthétique,generated_toe_walk.csv
26.98,-61.17943980902941,23.87450262642773,-7.459627281381454,1,synthetic,Marche sur les pointes synthétique,generated_toe_walk.csv
27.0,-59.59545757540124,23.217865186152864,-5.080914608156762,1,synthetic,Marche sur les pointes synthétique,generated_toe_walk.csv
27.02,-56.92771890816646,23.383709719401804,-2.3863886392006752,1,synthetic,Marche sur les pointes synthétique,generated_toe_walk.csv
27.04,-53.0802894850198,23.42547377511715,0.3860478908760989,1,synthetic,Marche sur les pointes synthétique,generated_toe_walk.csv
27.06,-48.37486173564011,22.199050808324294,2.138098367996445,1,synthetic,Marche sur les pointes synthétique,generated_toe_walk.csv
27.08,-44.22164783542934,22.0814969666362,3.065583714426136,1,synthetic,Marche sur les pointes synthétique,generated_toe_walk.csv
27.1,-38.33414868576844,21.520249305736375,3.6405739824245784,1,synthetic,Marche sur les pointes synthétique,generated_toe_walk.csv
27.12,-32.679912597939484,21.661981905626185,3.650268516548853,1,synthetic,Marche sur les pointes synthétique,generated_toe_walk.csv
27.14,-27.94434352699598,22.53964965152899,2.8697220007108526,1,synthetic,Marche sur les pointes synthétique,generated_toe_walk.csv
27.16,-21.905168416641782,22.05392993631093,2.667508516803203,1,synthetic,Marche sur les pointes synthétique,generated_toe_walk.csv
27.18,-15.474538084401747,21.473756761031805,1.9729186756747485,1,synthetic,Marche sur les pointes synthétique,generated_toe_walk.csv
27.2,-9.848424473982165,21.97280284454042,1.0510277673210024,1,synthetic,Marche sur les pointes synthétique,generated_toe_walk.csv
27.22,-4.153068849235288,21.688644048730456,0.08930159807235871,1,synthetic,Marche sur les pointes synthétique,generated_toe_walk.csv
27.24,1.4564029641076959,21.380574686956574,-0.8394326910991335,1,synthetic,Marche sur les pointes synthétique,generated_toe_walk.csv
27.26,6.982153006268799,21.424602466253205,-1.8929537795651197,1,synthetic,Marche sur les pointes synthétique,generated_toe_walk.csv
27.28,11.454306333269033,20.798359965061213,-2.497588619030157,1,synthetic,Marche sur les pointes synthétique,generated_toe_walk.csv
27.3,16.520704357234465,20.783035416945125,-3.529328505187872,1,synthetic,Marche sur les pointes synthétique,generated_toe_walk.csv
27.32,18.51862215099252,20.57833543601336,-3.85928451964147,1,synthetic,Marche sur les pointes synthétique,generated_toe_walk.csv
27.34,19.93193960316295,21.17932071116404,-4.052505458766438,1,synthetic,Marche sur les pointes synthétique,generated_toe_walk.csv
27.36,21.028836480760177,20.9449895812774,-4.510398542080571,1,synthetic,Marche sur les pointes synthétique,generated_toe_walk.csv
27.38,22.16168912090749,21.578833633506008,-5.578998444210583,1,synthetic,Marche sur les pointes synthétique,generated_toe_walk.csv
27.4,20.154922892007484,21.66752992961584,-5.536722135644027,1,synthetic,Marche sur les pointes synthétique,generated_toe_walk.csv
27.42,16.866767890232463,20.97476237216169,-4.195988419353975,1,synthetic,Marche sur les pointes synthétique,generated_toe_walk.csv
27.44,13.871495867741846,20.83098109899517,-3.7630627434421826,1,synthetic,Marche sur les pointes synthétique,generated_toe_walk.csv
27.46,11.166994359454106,20.512402964242685,-2.30072426409647,1,synthetic,Marche sur les pointes synthétique,generated_toe_walk.csv
27.48,7.065654362036301,18.916516762951908,-1.5436727891283553,1,synthetic,Marche sur les pointes synthétique,generated_toe_walk.csv
27.5,5.275046121635126,19.391466955836446,-1.2933539816873103,1,synthetic,Marche sur les pointes synthétique,generated_toe_walk.csv
27.52,5.154446811061936,18.636378714688384,-1.0554021013476735,1,synthetic,Marche sur les pointes synthétique,generated_toe_walk.csv
27.54,5.050610267545821,18.299112753012118,-0.9921503277036259,1,synthetic,Marche sur les pointes synthétique,generated_toe_walk.csv
27.56,5.833052934396112,18.600706979711752,-0.45678350466685924,1,synthetic,Marche sur les pointes synthétique,generated_toe_walk.csv
27.58,5.3724646680509975,18.737834585294863,-0.6728734636642716,1,synthetic,Marche sur les pointes synthétique,generated_toe_walk.csv
27.6,5.267399603178125,18.223315628632168,-1.090795519995667,1,synthetic,Marche sur les pointes synthétique,generated_toe_walk.csv
27.62,5.799696000636583,18.269815692449107,-1.7654252083843245,1,synthetic,Marche sur les pointes synthétique,generated_toe_walk.csv
27.64,4.889049965227813,18.418167089239024,-1.781216056930111,1,synthetic,Marche sur les pointes synthétique,generated_toe_walk.csv
27.66,4.776161595264745,18.430175936334255,-1.9754889635882256,1,synthetic,Marche sur les pointes synthétique,generated_toe_walk.csv
27.68,5.222766551775531,18.802571021475043,-1.9763303538325794,1,synthetic,Marche sur les pointes synthétique,generated_toe_walk.csv
27.7,4.786835797880201,18.618300821481746,-2.7231876031700235,1,synthetic,Marche sur les pointes synthétique,generated_toe_walk.csv
27.72,5.3354854839071955,18.82000150307252,-1.711630855601985,1,synthetic,Marche sur les pointes synthétique,generated_toe_walk.csv
27.74,5.7331215289385495,19.040284477138385,-1.12741850893781,1,synthetic,Marche sur les pointes synthétique,generated_toe_walk.csv
27.76,5.228852929984708,18.851674803199796,-1.545256447902652,1,synthetic,Marche sur les pointes synthétique,generated_toe_walk.csv
27.78,5.5460093426087775,19.36836137104261,-1.171798981897425,1,synthetic,Marche sur les pointes synthétique,generated_toe_walk.csv
27.8,6.289312016304701,18.881336547267054,-0.9316901969653442,1,synthetic,Marche sur les pointes synthétique,generated_toe_walk.csv
27.82,5.558897407024509,18.92770504035064,-1.1759344215264655,1,synthetic,Marche sur les pointes synthétique,generated_toe_walk.csv
27.84,5.623459435030576,19.867146560522258,-0.6822052147821523,1,synthetic,Marche sur les pointes synthétique,generated_toe_walk.csv
27.86,5.73579300419819,19.82519316734155,-0.9878144634606097,1,synthetic,Marche sur les pointes synthétique,generated_toe_walk.csv
27.88,5.2338537140841614,19.561229072511455,-0.8493812429194989,1,synthetic,Marche sur les pointes synthétique,generated_toe_walk.csv
27.9,4.521017284949836,19.960250492824255,-0.5822839207674749,1,synthetic,Marche sur les pointes synthétique,generated_toe_walk.csv
27.92,4.432726927441777,19.982295840535382,-0.6227064876449454,1,synthetic,Marche sur les pointes synthétique,generated_toe_walk.csv
27.94,2.6649652788200866,19.881799902690148,-0.6162516431633249,1,synthetic,Marche sur les pointes synthétique,generated_toe_walk.csv
27.96,1.4193913230657125,20.367493420883402,-1.0919634002132408,1,synthetic,Marche sur les pointes synthétique,generated_toe_walk.csv
27.98,-0.8408671150221159,20.342661952464923,-0.9699189911339943,1,synthetic,Marche sur les pointes synthétique,generated_toe_walk.csv
28.0,-3.5232160234998675,20.746181527615395,-2.140632284764392,1,synthetic,Marche sur les pointes synthétique,generated_toe_walk.csv
28.02,-7.523792930403422,20.04959034109303,-2.563842548607365,1,synthetic,Marche sur les pointes synthétique,generated_toe_walk.csv
28.04,-11.594389230821237,21.304935130817928,-4.233503788665546,1,synthetic,Marche sur les pointes synthétique,generated_toe_walk.csv
28.06,-18.036610868705537,21.726313476013488,-5.921572648943433,1,synthetic,Marche sur les pointes synthétique,generated_toe_walk.csv
28.08,-25.130956812995755,22.288160378542162,-7.438851805701309,1,synthetic,Marche sur les pointes synthétique,generated_toe_walk.csv
28.1,-34.897911442870516,24.382567011577915,-9.689986203205125,1,synthetic,Marche sur les pointes synthétique,generated_toe_walk.csv
28.12,-44.273923178099786,25.52370899422408,-10.788035407497683,1,synthetic,Marche sur les pointes synthétique,generated_toe_walk.csv
28.14,-51.71103612417049,24.776685990868422,-11.333629246457999,1,synthetic,Marche sur les pointes synthétique,generated_toe_walk.csv
28.16,-57.280607937578644,24.525535689518016,-10.905158004009591,1,synthetic,Marche sur les pointes synthétique,generated_toe_walk.csv
28.18,-60.6094866864034,25.048756694725437,-9.676101577590991,1,synthetic,Marche sur les pointes synthétique,generated_toe_walk.csv
28.2,-60.848654156777116,22.883537841855254,-7.601092676361459,1,synthetic,Marche sur les pointes synthétique,generated_toe_walk.csv
28.22,-59.06712761891458,22.014138750260923,-5.520944776884569,1,synthetic,Marche sur les pointes synthétique,generated_toe_walk.csv
28.24,-55.86177153788316,21.61337483612505,-3.451890451774481,1,synthetic,Marche sur les pointes synthétique,generated_toe_walk.csv
28.26,-53.00766852516592,22.33954156932065,-0.9598091807508832,1,synthetic,Marche sur les pointes synthétique,generated_toe_walk.csv
28.28,-47.52092180312696,21.96478855160299,0.7028214562592952,1,synthetic,Marche sur les pointes synthétique,generated_toe_walk.csv
28.3,-42.00065657727209,21.48588087111982,1.8951540894849823,1,synthetic,Marche sur les pointes synthétique,generated_toe_walk.csv
28.32,-36.725049217745585,21.78960337995458,2.286672160598155,1,synthetic,Marche sur les pointes synthétique,generated_toe_walk.csv
28.34,-31.010544249523083,21.7641451496305,2.3058222772022114,1,synthetic,Marche sur les pointes synthétique,generated_toe_walk.csv
28.36,-25.695511166714674,22.3785814641908,2.4179969649644133,1,synthetic,Marche sur les pointes synthétique,generated_toe_walk.csv
28.38,-19.732324354645087,22.042313147565576,1.1645694611060537,1,synthetic,Marche sur les pointes synthétique,generated_toe_walk.csv
28.4,-13.921327715730165,22.647457865181156,0.6760646822947697,1,synthetic,Marche sur les pointes synthétique,generated_toe_walk.csv
28.42,-7.702657242166291,22.247897884118707,0.09363469060139784,1,synthetic,Marche sur les pointes synthétique,generated_toe_walk.csv
28.44,-1.8835629562868546,21.718462036556833,-1.4083308506783023,1,synthetic,Marche sur les pointes synthétique,generated_toe_walk.csv
28.46,2.760046490085661,21.990636709211344,-2.3132735839678986,1,synthetic,Marche sur les pointes synthétique,generated_toe_walk.csv
28.48,9.247485242416252,21.27076131044079,-2.8605063005173936,1,synthetic,Marche sur les pointes synthétique,generated_toe_walk.csv
28.5,13.734797180293551,21.68461971041596,-3.5907223891974405,1,synthetic,Marche sur les pointes synthétique,generated_toe_walk.csv
28.52,17.499520103834104,21.537313848051525,-4.065760545225726,1,synthetic,Marche sur les pointes synthétique,generated_toe_walk.csv
28.54,19.382099843468513,21.77325452519513,-4.423068062374274,1,synthetic,Marche sur les pointes synthétique,generated_toe_walk.csv
28.56,20.937796303183507,22.386164471036434,-5.490504458821216,1,synthetic,Marche sur les pointes synthétique,generated_toe_walk.csv
28.58,21.767580559039313,22.583732388383556,-5.671763369157439,1,synthetic,Marche sur les pointes synthétique,generated_toe_walk.csv
28.6,19.955804686140315,22.232693846110948,-5.527162863100683,1,synthetic,Marche sur les pointes synthétique,generated_toe_walk.csv
28.62,16.44272526504019,21.761328203942124,-4.859364270597971,1,synthetic,Marche sur les pointes synthétique,generated_toe_walk.csv
28.64,14.0053963750269,21.50602407649717,-3.642896283357835,1,synthetic,Marche sur les pointes synthétique,generated_toe_walk.csv
28.66,11.015353504792731,20.83112673907332,-2.621418669826858,1,synthetic,Marche sur les pointes synthétique,generated_toe_walk.csv
28.68,7.460739247347812,20.045555085446907,-1.1660827115748071,1,synthetic,Marche sur les pointes synthétique,generated_toe_walk.csv
28.7,5.181888904491974,19.60519611830194,-1.3509109113238107,1,synthetic,Marche sur les pointes synthétique,generated_toe_walk.csv
28.72,6.105880415306747,19.038511125584538,-0.9032056367345945,1,synthetic,Marche sur les pointes synthétique,generated_toe_walk.csv
28.74,4.949133289872127,19.60929052735472,-1.2160706219995674,1,synthetic,Marche sur les pointes synthétique,generated_toe_walk.csv
28.76,4.974120710272914,19.629998533531957,-1.4055977720585442,1,synthetic,Marche sur les pointes synthétique,generated_toe_walk.csv
28.78,5.328123837299524,20.009980130878198,-1.6519222407600305,1,synthetic,Marche sur les pointes synthétique,generated_toe_walk.csv
28.8,5.123906308409989,19.819551055367526,-1.7111655911196801,1,synthetic,Marche sur les pointes synthétique,generated_toe_walk.csv
28.82,5.372682717391075,20.140744190213827,-2.431612727007829,1,synthetic,Marche sur les pointes synthétique,generated_toe_walk.csv
28.84,5.470790274051753,20.384134933539375,-2.066650790248456,1,synthetic,Marche sur les pointes synthétique,generated_toe_walk.csv
28.86,5.164283199237875,19.91099935202952,-1.6586226627114389,1,synthetic,Marche sur les pointes synthétique,generated_toe_walk.csv
28.88,5.663481973726725,19.77330317396511,-2.781021096495518,1,synthetic,Marche sur les pointes synthétique,generated_toe_walk.csv
28.9,6.023535073215032,20.345708499721923,-1.7142706885163115,1,synthetic,Marche sur les pointes synthétique,generated_toe_walk.csv
28.92,6.026641352772467,19.98615838567536,-2.1869592887489087,1,synthetic,Marche sur les pointes synthétique,generated_toe_walk.csv
28.94,6.411343214120443,20.14583335422694,-1.7541056028647242,1,synthetic,Marche sur les pointes synthétique,generated_toe_walk.csv
28.96,6.2735385889743895,20.72360469385095,-2.1676325920941792,1,synthetic,Marche sur les pointes synthétique,generated_toe_walk.csv
28.98,6.054734609544912,20.537212059384967,-1.1146646682516859,1,synthetic,Marche sur les pointes synthétique,generated_toe_walk.csv
29.0,6.68241101860175,20.78403862838285,-1.8469204305993088,1,synthetic,Marche sur les pointes synthétique,generated_toe_walk.csv
29.02,6.4223031373553185,20.1368561966175,-1.3790640580583557,1,synthetic,Marche sur les pointes synthétique,generated_toe_walk.csv
29.04,6.790523388938598,20.640879007819965,-0.7315364656508028,1,synthetic,Marche sur les pointes synthétique,generated_toe_walk.csv
29.06,6.09495743682928,21.05352754322194,-1.3961278239705317,1,synthetic,Marche sur les pointes synthétique,generated_toe_walk.csv
29.08,5.370095748341833,20.44651839730821,-1.5431848526504104,1,synthetic,Marche sur les pointes synthétique,generated_toe_walk.csv
29.1,5.196327334107718,21.029705270693928,-0.6998614024595095,1,synthetic,Marche sur les pointes synthétique,generated_toe_walk.csv
29.12,4.999445721805444,21.24210172003186,-0.7248580707591202,1,synthetic,Marche sur les pointes synthétique,generated_toe_walk.csv
29.14,4.152939108801212,20.57148446499298,-0.6863108462139624,1,synthetic,Marche sur les pointes synthétique,generated_toe_walk.csv
29.16,2.6859215794614553,21.870376138667293,-0.726587947238869,1,synthetic,Marche sur les pointes synthétique,generated_toe_walk.csv
29.18,1.244166827769841,21.27059742485432,-1.170061904200613,1,synthetic,Marche sur les pointes synthétique,generated_toe_walk.csv
29.2,-1.8176945921822902,21.531682960520694,-0.8986452908026665,1,synthetic,Marche sur les pointes synthétique,generated_toe_walk.csv
29.22,-5.166825842293699,22.244800226281498,-1.8307191647639973,1,synthetic,Marche sur les pointes synthétique,generated_toe_walk.csv
29.24,-9.396424647035747,21.610086875973433,-3.7390727144604172,1,synthetic,Marche sur les pointes synthétique,generated_toe_walk.csv
29.26,-15.912149075704013,22.883293522660654,-4.619331902694562,1,synthetic,Marche sur les pointes synthétique,generated_toe_walk.csv
29.28,-24.139857027821492,23.446463336410897,-6.108375624169274,1,synthetic,Marche sur les pointes synthétique,generated_toe_walk.csv
29.3,-33.3164015813617,25.099642241417925,-7.0132049001595,1,synthetic,Marche sur les pointes synthétique,generated_toe_walk.csv
29.32,-42.16664330992397,25.519287698185405,-8.284360442190437,1,synthetic,Marche sur les pointes synthétique,generated_toe_walk.csv
29.34,-48.25404939044881,25.773933854316347,-7.3537739832492335,1,synthetic,Marche sur les pointes synthétique,generated_toe_walk.csv
29.36,-51.528573695932366,24.777631699036963,-6.876885314722962,1,synthetic,Marche sur les pointes synthétique,generated_toe_walk.csv
29.38,-54.13923739234878,25.0741603505564,-5.556581595312637,1,synthetic,Marche sur les pointes synthétique,generated_toe_walk.csv
29.4,-52.875842944238116,24.141002237212945,-3.1736067374927304,1,synthetic,Marche sur les pointes synthétique,generated_toe_walk.csv
29.42,-50.18236472134753,23.404099703314653,-1.2529819464194316,1,synthetic,Marche sur les pointes synthétique,generated_toe_walk.csv
29.44,-48.933935421829695,23.459779399550474,1.1832427616165142,1,synthetic,Marche sur les pointes synthétique,generated_toe_walk.csv
29.46,-45.33839017991793,23.24303295283988,1.6180355387411989,1,synthetic,Marche sur les pointes synthétique,generated_toe_walk.csv
29.48,-40.493902345068214,23.101371115030997,2.157409409756626,1,synthetic,Marche sur les pointes synthétique,generated_toe_walk.csv
29.5,-35.783388672495285,22.5745310653174,2.6159649665688294,1,synthetic,Marche sur les pointes synthétique,generated_toe_walk.csv
29.52,-30.671287874856148,22.389427797911328,2.9607843092114416,1,synthetic,Marche sur les pointes synthétique,generated_toe_walk.csv
29.54,-25.242623511823798,22.257340054620204,1.90860893188178,1,synthetic,Marche sur les pointes synthétique,generated_toe_walk.csv
29.56,-20.22181230626477,22.777593670179492,1.1472081052078698,1,synthetic,Marche sur les pointes synthétique,generated_toe_walk.csv
29.58,-14.197509952248103,22.933479516836204,1.312330465672092,1,synthetic,Marche sur les pointes synthétique,generated_toe_walk.csv
29.6,-8.636883332663663,22.6688393400764,0.2399993196101678,1,synthetic,Marche sur les pointes synthétique,generated_toe_walk.csv
29.62,-3.6701571887209408,22.807671106545996,-0.9295148988662196,1,synthetic,Marche sur les pointes synthétique,generated_toe_walk.csv
29.64,1.6753688999280187,21.312881043706806,-1.4810810268901762,1,synthetic,Marche sur les pointes synthétique,generated_toe_walk.csv
29.66,6.490513801979267,22.02049129856351,-1.5008719213318014,1,synthetic,Marche sur les pointes synthétique,generated_toe_walk.csv
29.68,11.26674266606996,20.660020911332847,-2.7681210833816667,1,synthetic,Marche sur les pointes synthétique,generated_toe_walk.csv
29.7,14.324734887304658,20.018110637827128,-1.5540268285802057,1,synthetic,Marche sur les pointes synthétique,generated_toe_walk.csv
29.72,16.747776177114503,19.85229900290422,-2.046665663788516,1,synthetic,Marche sur les pointes synthétique,generated_toe_walk.csv
29.74,17.40303044429895,21.08637347340573,-2.125091077486269,1,synthetic,Marche sur les pointes synthétique,generated_toe_walk.csv
29.76,17.579216812826218,21.75175558044581,-2.8903844744221137,1,synthetic,Marche sur les pointes synthétique,generated_toe_walk.csv
29.78,18.397814178131423,22.034333189131164,-2.1308744299279563,1,synthetic,Marche sur les pointes synthétique,generated_toe_walk.csv
29.8,15.804311777543127,21.884748837658183,-2.932027900318375,1,synthetic,Marche sur les pointes synthétique,generated_toe_walk.csv
29.82,11.643696027365728,21.611963596421564,-1.7683429733601037,1,synthetic,Marche sur les pointes synthétique,generated_toe_walk.csv
29.84,9.553752961272915,20.837435726140697,-2.0708336673054824,1,synthetic,Marche sur les pointes synthétique,generated_toe_walk.csv
29.86,7.50987114839496,20.465012601299016,-0.27909563174090285,1,synthetic,Marche sur les pointes synthétique,generated_toe_walk.csv
29.88,4.3936507174657375,19.746820663456106,0.40283013452404604,1,synthetic,Marche sur les pointes synthétique,generated_toe_walk.csv
29.9,4.693602576203158,19.580739804462898,-0.3474231821286776,1,synthetic,Marche sur les pointes synthétique,generated_toe_walk.csv
29.92,5.231029599927318,19.148611485069885,-0.9124605196970197,1,synthetic,Marche sur les pointes synthétique,generated_toe_walk.csv
29.94,5.382849342389136,20.08893601437393,-0.7162437663852382,1,synthetic,Marche sur les pointes synthétique,generated_toe_walk.csv
29.96,5.415200203505165,19.662090278490336,-0.9970302894956613,1,synthetic,Marche sur les pointes synthétique,generated_toe_walk.csv
29.98,5.180042733233741,19.604554154239594,-1.4573409816718101,1,synthetic,Marche sur les pointes synthétique,generated_toe_walk.csv
30.0,5.017938331355265,20.431714852676095,-2.5492489437746717,1,synthetic,Marche sur les pointes synthétique,generated_toe_walk.csv
30.02,4.705088629956045,20.318266673260712,-2.69978048308794,1,synthetic,Marche sur les pointes synthétique,generated_toe_walk.csv
30.04,4.843186492051706,19.69089654608227,-3.6380888146012085,1,synthetic,Marche sur les pointes synthétique,generated_toe_walk.csv
30.06,5.424016322474336,19.930112700541446,-3.056477952731977,1,synthetic,Marche sur les pointes synthétique,generated_toe_walk.csv
30.08,4.939334963392182,20.429213023725566,-3.9795463131356934,1,synthetic,Marche sur les pointes synthétique,generated_toe_walk.csv
30.1,5.396260332544088,20.283971899613736,-3.5194743581349126,1,synthetic,Marche sur les pointes synthétique,generated_toe_walk.csv
30.12,4.8020160117583535,20.71831427938534,-3.9127186081982384,1,synthetic,Marche sur les pointes synthétique,generated_toe_walk.csv
30.14,5.0245382500464,21.63648363881365,-3.7178971141320547,1,synthetic,Marche sur les pointes synthétique,generated_toe_walk.csv
30.16,4.932267866379171,21.814225017440922,-2.8128837912890736,1,synthetic,Marche sur les pointes synthétique,generated_toe_walk.csv
30.18,4.983227516428006,20.971785613349226,-3.203188676898661,1,synthetic,Marche sur les pointes synthétique,generated_toe_walk.csv
30.2,5.270720911868946,21.281626212848177,-2.201989802551458,1,synthetic,Marche sur les pointes synthétique,generated_toe_walk.csv
30.22,4.321714988002616,21.369658272001573,-2.3852719102426847,1,synthetic,Marche sur les pointes synthétique,generated_toe_walk.csv
30.24,4.932828117481332,21.16789877236138,-2.2849507532515956,1,synthetic,Marche sur les pointes synthétique,generated_toe_walk.csv
30.26,4.505992260056686,20.90264275659255,-2.052324992066732,1,synthetic,Marche sur les pointes synthétique,generated_toe_walk.csv
30.28,3.74801352171922,21.834114182358697,-1.2584419853803444,1,synthetic,Marche sur les pointes synthétique,generated_toe_walk.csv
30.3,2.974462173706523,21.62464318628354,-1.4783747250727939,1,synthetic,Marche sur les pointes synthétique,generated_toe_walk.csv
30.32,1.906009089150675,21.95653906743944,-1.5331699624079824,1,synthetic,Marche sur les pointes synthétique,generated_toe_walk.csv
30.34,0.8883396775818356,22.12166427893102,-2.0096165543478413,1,synthetic,Marche sur les pointes synthétique,generated_toe_walk.csv
30.36,-0.8720252456659824,21.727168625961497,-1.5447067112510915,1,synthetic,Marche sur les pointes synthétique,generated_toe_walk.csv
30.38,-3.218265000318739,22.525066827394436,-2.1466941640153734,1,synthetic,Marche sur les pointes synthétique,generated_toe_walk.csv
30.4,-5.716541748192994,22.161114437336227,-3.1983504896270065,1,synthetic,Marche sur les pointes synthétique,generated_toe_walk.csv
30.42,-9.082403554140978,22.4776014497926,-4.132858912868352,1,synthetic,Marche sur les pointes synthétique,generated_toe_walk.csv
30.44,-14.008582957996369,22.79823324352535,-6.622614027885282,1,synthetic,Marche sur les pointes synthétique,generated_toe_walk.csv
30.46,-20.364635648218343,23.8103628899697,-7.219663787539519,1,synthetic,Marche sur les pointes synthétique,generated_toe_walk.csv
30.48,-28.344744185081176,25.044936482528428,-8.59351154265147,1,synthetic,Marche sur les pointes synthétique,generated_toe_walk.csv
30.5,-37.44165718409072,26.0454923193818,-9.853857572381811,1,synthetic,Marche sur les pointes synthétique,generated_toe_walk.csv
30.52,-44.78118184495652,26.662984153026343,-10.80145523688249,1,synthetic,Marche sur les pointes synthétique,generated_toe_walk.csv
30.54,-49.97587886537827,25.8459323747178,-10.209547282662252,1,synthetic,Marche sur les pointes synthétique,generated_toe_walk.csv
30.56,-52.98003363190343,25.46593559514752,-9.375080261590588,1,synthetic,Marche sur les pointes synthétique,generated_toe_walk.csv
30.58,-54.12527900914167,25.32306872048756,-7.3149156960833315,1,synthetic,Marche sur les pointes synthétique,generated_toe_walk.csv
30.6,-53.12474478663355,24.395705984517086,-5.028949399874968,1,synthetic,Marche sur les pointes synthétique,generated_toe_walk.csv
30.62,-51.16486435628845,23.829042234898683,-1.9660217030925142,1,synthetic,Marche sur les pointes synthétique,generated_toe_walk.csv
30.64,-48.90946561496298,23.86877601267684,-0.2552283829278141,1,synthetic,Marche sur les pointes synthétique,generated_toe_walk.csv
30.66,-45.84867122647875,22.77928441616001,1.2482488897219486,1,synthetic,Marche sur les pointes synthétique,generated_toe_walk.csv
30.68,-41.03818556235163,22.03167112881376,2.7447228433460946,1,synthetic,Marche sur les pointes synthétique,generated_toe_walk.csv
30.7,-36.078982915568425,21.596586229387913,2.829126816371244,1,synthetic,Marche sur les pointes synthétique,generated_toe_walk.csv
30.72,-31.239536474190388,21.669265535110505,2.888470916349014,1,synthetic,Marche sur les pointes synthétique,generated_toe_walk.csv
30.74,-26.201739908279993,21.45499576829586,2.272203667420334,1,synthetic,Marche sur les pointes synthétique,generated_toe_walk.csv
30.76,-20.849633577787237,21.038670801419233,2.25852369825119,1,synthetic,Marche sur les pointes synthétique,generated_toe_walk.csv
30.78,-14.471406782647225,20.654271924609013,2.1305080105507557,1,synthetic,Marche sur les pointes synthétique,generated_toe_walk.csv
30.8,-9.450720472513677,21.2079996683914,1.222702483537359,1,synthetic,Marche sur les pointes synthétique,generated_toe_walk.csv
30.82,-4.3853378223583706,20.693211516850837,0.38538969009732515,1,synthetic,Marche sur les pointes synthétique,generated_toe_walk.csv
30.84,1.0054298340889374,19.6540519437658,-0.19778430440326872,1,synthetic,Marche sur les pointes synthétique,generated_toe_walk.csv
30.86,5.981711312099498,19.901973026323795,-0.5444199329635888,1,synthetic,Marche sur les pointes synthétique,generated_toe_walk.csv
30.88,9.28174999188103,19.234668910192234,-0.7859587266882677,1,synthetic,Marche sur les pointes synthétique,generated_toe_walk.csv
30.9,13.341194910456522,19.435186589980418,-1.2613529676718238,1,synthetic,Marche sur les pointes synthétique,generated_toe_walk.csv
30.92,15.066301714873607,19.986533331079947,-2.3165236202497654,1,synthetic,Marche sur les pointes synthétique,generated_toe_walk.csv
30.94,16.821201927471297,19.92759482897122,-1.6798634859585109,1,synthetic,Marche sur les pointes synthétique,generated_toe_walk.csv
30.96,17.182270137263355,19.947822462993788,-2.0313730130005445,1,synthetic,Marche sur les pointes synthétique,generated_toe_walk.csv
30.98,15.301307131329704,19.04911369867386,-1.9262210790412346,1,synthetic,Marche sur les pointes synthétique,generated_toe_walk.csv
31.0,12.870488887407857,19.282491616284563,-1.212769581139895,1,synthetic,Marche sur les pointes synthétique,generated_toe_walk.csv
31.02,10.850222387690875,18.932202581315227,-1.872076767231934,1,synthetic,Marche sur les pointes synthétique,generated_toe_walk.csv
31.04,8.257714652913458,18.297557103575745,-0.2915813143207557,1,synthetic,Marche sur les pointes synthétique,generated_toe_walk.csv
31.06,6.162397963222752,17.82006386656939,-0.3965046066669494,1,synthetic,Marche sur les pointes synthétique,generated_toe_walk.csv
31.08,5.441232537954406,17.95704783115697,-0.6307916945401852,1,synthetic,Marche sur les pointes synthétique,generated_toe_walk.csv
31.1,6.363883421436414,18.19844580530189,-1.1096804540464478,1,synthetic,Marche sur les pointes synthétique,generated_toe_walk.csv
31.12,5.63978714242185,17.37667974522931,-0.8890518527093663,1,synthetic,Marche sur les pointes synthétique,generated_toe_walk.csv
31.14,6.0656332497146614,17.8993324051149,-1.0917437095676412,1,synthetic,Marche sur les pointes synthétique,generated_toe_walk.csv
31.16,5.3634548207522785,17.98605651405211,-1.2074229679874093,1,synthetic,Marche sur les pointes synthétique,generated_toe_walk.csv
31.18,6.09436077428284,17.814898760467262,-1.4603313233704964,1,synthetic,Marche sur les pointes synthétique,generated_toe_walk.csv
31.2,5.1661424067193265,18.425794999232902,-1.6332354651657415,1,synthetic,Marche sur les pointes synthétique,generated_toe_walk.csv
31.22,5.380348316929291,18.09697385478279,-2.064716519299915,1,synthetic,Marche sur les pointes synthétique,generated_toe_walk.csv
31.24,5.691269137838987,18.435381364707045,-1.4897352177963523,1,synthetic,Marche sur les pointes synthétique,generated_toe_walk.csv
31.26,5.429432237908073,18.38865642960999,-2.0995495737135,1,synthetic,Marche sur les pointes synthétique,generated_toe_walk.csv
31.28,5.376737615893819,18.14513260595139,-2.3407848889101537,1,synthetic,Marche sur les pointes synthétique,generated_toe_walk.csv
31.3,5.181095642626389,18.85762390304291,-2.4392511176823275,1,synthetic,Marche sur les pointes synthétique,generated_toe_walk.csv
31.32,5.335825580309252,18.678116873540212,-2.7194820966493576,1,synthetic,Marche sur les pointes synthétique,generated_toe_walk.csv
31.34,4.947543971905798,18.40484837257208,-2.5449006365800417,1,synthetic,Marche sur les pointes synthétique,generated_toe_walk.csv
31.36,5.559739658170692,18.40056399437862,-2.6704047663023336,1,synthetic,Marche sur les pointes synthétique,generated_toe_walk.csv
31.38,5.626066895490713,18.150962653086708,-1.9850749751617385,1,synthetic,Marche sur les pointes synthétique,generated_toe_walk.csv
31.4,5.51524477445328,18.493501540585704,-1.8948804972022681,1,synthetic,Marche sur les pointes synthétique,generated_toe_walk.csv
31.42,4.958411269013629,18.576403418298508,-1.5757773786348155,1,synthetic,Marche sur les pointes synthétique,generated_toe_walk.csv
31.44,4.881365035485866,18.876661017473978,-1.77755860120522,1,synthetic,Marche sur les pointes synthétique,generated_toe_walk.csv
31.46,3.9895517210756544,18.86579020743061,-1.2997526776432513,1,synthetic,Marche sur les pointes synthétique,generated_toe_walk.csv
31.48,3.280914539229971,19.362354068942956,-1.2568598395297093,1,synthetic,Marche sur les pointes synthétique,generated_toe_walk.csv
31.5,2.0009944389230436,19.30391301768879,-0.7812818451855075,1,synthetic,Marche sur les pointes synthétique,generated_toe_walk.csv
31.52,0.5717248576837209,18.95847669351412,-1.7534640289051813,1,synthetic,Marche sur les pointes synthétique,generated_toe_walk.csv
31.54,-1.3237776831136372,19.358278625156768,-2.1831622431196873,1,synthetic,Marche sur les pointes synthétique,generated_toe_walk.csv
31.56,-4.007628408493311,19.344665158219577,-1.9722190361922083,1,synthetic,Marche sur les pointes synthétique,generated_toe_walk.csv
31.58,-5.828138237790005,19.40413898429815,-3.0416116956164885,1,synthetic,Marche sur les pointes synthétique,generated_toe_walk.csv
31.6,-9.61863712569541,20.100147080273516,-4.6585331273434925,1,synthetic,Marche sur les pointes synthétique,generated_toe_walk.csv
31.62,-13.552623355819867,21.171282124032377,-5.0254963977361875,1,synthetic,Marche sur les pointes synthétique,generated_toe_walk.csv
31.64,-20.71566461763748,21.405293396703264,-6.2500270980938915,1,synthetic,Marche sur les pointes synthétique,generated_toe_walk.csv
31.66,-27.674165063462414,22.181284137877725,-7.67340956317036,1,synthetic,Marche sur les pointes synthétique,generated_toe_walk.csv
31.68,-36.48620149197138,24.23508600629072,-9.835734713777933,1,synthetic,Marche sur les pointes synthétique,generated_toe_walk.csv
31.7,-42.87934113122972,25.883758673492423,-9.705713119351351,1,synthetic,Marche sur les pointes synthétique,generated_toe_walk.csv
31.72,-47.20119225288864,24.699540562718344,-9.396878462214254,1,synthetic,Marche sur les pointes synthétique,generated_toe_walk.csv
31.74,-49.69679168393052,25.067053383187684,-7.920170848482838,1,synthetic,Marche sur les pointes synthétique,generated_toe_walk.csv
31.76,-50.764052668582785,25.013263147854982,-6.320747821918246,1,synthetic,Marche sur les pointes synthétique,generated_toe_walk.csv
31.78,-49.1568421425441,24.781441309356733,-2.8341860724546457,1,synthetic,Marche sur les pointes synthétique,generated_toe_walk.csv
31.8,-47.49373184490713,24.683440480530322,-1.14114446643085,1,synthetic,Marche sur les pointes synthétique,generated_toe_walk.csv
31.82,-46.02619990779661,24.279466605134644,0.8520515272192604,1,synthetic,Marche sur les pointes synthétique,generated_toe_walk.csv
31.84,-42.85697262613681,24.454659896060033,2.170421071466838,1,synthetic,Marche sur les pointes synthétique,generated_toe_walk.csv
31.86,-38.545503367050166,23.299890046689193,2.838610579566099,1,synthetic,Marche sur les pointes synthétique,generated_toe_walk.csv
31.88,-34.113056225654844,23.486262867280924,3.1628869335471212,1,synthetic,Marche sur les pointes synthétique,generated_toe_walk.csv
31.9,-28.99338457006171,23.184176378994913,2.962217127562101,1,synthetic,Marche sur les pointes synthétique,generated_toe_walk.csv
31.92,-24.37068329118319,23.89422221778629,2.9444314347060043,1,synthetic,Marche sur les pointes synthétique,generated_toe_walk.csv
31.94,-19.113735065977508,23.756872662888124,2.460955115310071,1,synthetic,Marche sur les pointes synthétique,generated_toe_walk.csv
31.96,-14.165337124348394,23.989319567695393,1.2939361917635646,1,synthetic,Marche sur les pointes synthétique,generated_toe_walk.csv
31.98,-9.197186148918965,23.413865489419553,1.6304486504683868,1,synthetic,Marche sur les pointes synthétique,generated_toe_walk.csv
32.0,-5.3173950544223825,23.486204217874427,0.5290315370243186,1,synthetic,Marche sur les pointes synthétique,generated_toe_walk.csv
32.02,-0.4076617506907504,23.06303797246247,-0.039790301930419034,1,synthetic,Marche sur les pointes synthétique,generated_toe_walk.csv
32.04,2.797459633598082,22.43013018492105,-0.40436531000486403,1,synthetic,Marche sur les pointes synthétique,generated_toe_walk.csv
32.06,6.83575278438741,21.78630695563443,-0.8006352591444967,1,synthetic,Marche sur les pointes synthétique,generated_toe_walk.csv
32.08,10.13049148551817,21.038365258773304,-0.7689643510618673,1,synthetic,Marche sur les pointes synthétique,generated_toe_walk.csv
32.1,11.787821046721385,20.638198066884794,-0.8868220713132668,1,synthetic,Marche sur les pointes synthétique,generated_toe_walk.csv
32.12,14.415213605389457,20.327053956631982,-0.066240315336558,1,synthetic,Marche sur les pointes synthétique,generated_toe_walk.csv
32.14,15.397411366722823,19.86841675892367,0.13571132344669803,1,synthetic,Marche sur les pointes synthétique,generated_toe_walk.csv
32.160000000000004,15.897772887330344,20.009127288056362,-0.5172479591295688,1,synthetic,Marche sur les pointes synthétique,generated_toe_walk.csv
32.18,13.448089050443475,20.31515781658441,-0.9698746675771085,1,synthetic,Marche sur les pointes synthétique,generated_toe_walk.csv
32.2,11.226750089635548,19.760429442756845,0.09532818904869433,1,synthetic,Marche sur les pointes synthétique,generated_toe_walk.csv
32.22,9.459076320827997,19.877058280459693,-0.1361304909890279,1,synthetic,Marche sur les pointes synthétique,generated_toe_walk.csv
32.24,7.713786618098755,19.85751052778365,-0.29532915552663075,1,synthetic,Marche sur les pointes synthétique,generated_toe_walk.csv
32.26,6.156345523575793,19.381561505590735,0.25777280166954375,1,synthetic,Marche sur les pointes synthétique,generated_toe_walk.csv
32.28,5.822788056083198,19.25934071566677,1.078674078986197,1,synthetic,Marche sur les pointes synthétique,generated_toe_walk.csv
32.3,6.107620446997132,19.269569552892463,0.9567832186613114,1,synthetic,Marche sur les pointes synthétique,generated_toe_walk.csv
32.32,6.831572278655594,19.885794471490133,0.018172700016442805,1,synthetic,Marche sur les pointes synthétique,generated_toe_walk.csv
32.34,6.35536476717275,19.373602969922906,-0.3663620021318482,1,synthetic,Marche sur les pointes synthétique,generated_toe_walk.csv
32.36,6.274767879124482,19.485329472129212,-0.8814892943561787,1,synthetic,Marche sur les pointes synthétique,generated_toe_walk.csv
32.38,6.128378386236372,19.9412747240402,-1.544258720402209,1,synthetic,Marche sur les pointes synthétique,generated_toe_walk.csv
32.4,6.169142044260194,20.366926145404236,-1.724406346232263,1,synthetic,Marche sur les pointes synthétique,generated_toe_walk.csv
32.42,6.0717681595761706,20.413006225460602,-1.7337417260029702,1,synthetic,Marche sur les pointes synthétique,generated_toe_walk.csv
32.44,5.5817134530899555,20.087649819812317,-2.1872238520113503,1,synthetic,Marche sur les pointes synthétique,generated_toe_walk.csv
32.46,5.525139892709555,20.387453132290332,-1.7437814396640685,1,synthetic,Marche sur les pointes synthétique,generated_toe_walk.csv
32.480000000000004,5.956185470814315,20.339339023444847,-2.310475000136064,1,synthetic,Marche sur les pointes synthétique,generated_toe_walk.csv
32.5,5.676635152512163,20.254779713893825,-1.7276843023102104,1,synthetic,Marche sur les pointes synthétique,generated_toe_walk.csv
32.52,5.192845343209095,20.46487606966706,-1.7047401686110015,1,synthetic,Marche sur les pointes synthétique,generated_toe_walk.csv
32.54,4.93285824250813,20.487492831960488,-1.76092618690216,1,synthetic,Marche sur les pointes synthétique,generated_toe_walk.csv
32.56,4.587112357460278,20.396059683482378,-1.5497886836150232,1,synthetic,Marche sur les pointes synthétique,generated_toe_walk.csv
32.58,4.655036604692457,20.929605251537076,-1.33746114623381,1,synthetic,Marche sur les pointes synthétique,generated_toe_walk.csv
32.6,3.8726993104402396,20.366518745313336,-0.5130683585999904,1,synthetic,Marche sur les pointes synthétique,generated_toe_walk.csv
32.62,3.628943422415596,20.97898616330542,-1.0387109551913243,1,synthetic,Marche sur les pointes synthétique,generated_toe_walk.csv
32.64,2.9106109313722195,21.287723298939994,-0.27881760340046235,1,synthetic,Marche sur les pointes synthétique,generated_toe_walk.csv
32.660000000000004,2.2106512846360347,21.373030556467082,-0.2316646471453676,1,synthetic,Marche sur les pointes synthétique,generated_toe_walk.csv
32.68,1.6086381525985851,20.880408038332277,-0.6381046556768568,1,synthetic,Marche sur les pointes synthétique,generated_toe_walk.csv
32.7,0.6893971448680751,20.765761185206905,-0.14876965845517542,1,synthetic,Marche sur les pointes synthétique,generated_toe_walk.csv
32.72,-0.6390248949011796,20.328348481548236,-1.572055213173443,1,synthetic,Marche sur les pointes synthétique,generated_toe_walk.csv
32.74,-1.8495512653728827,20.739756127335035,-1.1012358672175964,1,synthetic,Marche sur les pointes synthétique,generated_toe_walk.csv
32.76,-3.6598663489515064,21.409513829963455,-1.5722423042094034,1,synthetic,Marche sur les pointes synthétique,generated_toe_walk.csv
32.78,-6.238577997868395,20.157092966024504,-2.1578482240534043,1,synthetic,Marche sur les pointes synthétique,generated_toe_walk.csv
32.8,-9.675980358678217,20.227467780757262,-2.5762187387170408,1,synthetic,Marche sur les pointes synthétique,generated_toe_walk.csv
32.82,-14.03165294700448,21.299919564821057,-3.794971119518097,1,synthetic,Marche sur les pointes synthétique,generated_toe_walk.csv
32.84,-19.61893614876285,21.9096484491396,-4.709156434474412,1,synthetic,Marche sur les pointes synthétique,generated_toe_walk.csv
32.86,-27.00419243700631,22.233830942940788,-5.489334041707081,1,synthetic,Marche sur les pointes synthétique,generated_toe_walk.csv
32.88,-35.6470746427825,24.478443980386654,-6.943530568137647,1,synthetic,Marche sur les pointes synthétique,generated_toe_walk.csv
32.9,-43.19793807797124,25.86453142721665,-7.649651701281349,1,synthetic,Marche sur les pointes synthétique,generated_toe_walk.csv
32.92,-48.28957969478796,25.613198015002638,-6.801807182534422,1,synthetic,Marche sur les pointes synthétique,generated_toe_walk.csv
32.94,-51.30778727142477,26.782106827059263,-5.753722812130879,1,synthetic,Marche sur les pointes synthétique,generated_toe_walk.csv
32.96,-53.63356937103694,26.552493147982965,-3.866182379188269,1,synthetic,Marche sur les pointes synthétique,generated_toe_walk.csv
32.980000000000004,-54.32659163553441,26.555207441776375,-1.1331968052947408,1,synthetic,Marche sur les pointes synthétique,generated_toe_walk.csv
33.0,-52.96618424929623,25.51988049011755,0.5825101333401499,1,synthetic,Marche sur les pointes synthétique,generated_toe_walk.csv
33.02,-52.12418906576338,25.02046645530511,2.0655712698692987,1,synthetic,Marche sur les pointes synthétique,generated_toe_walk.csv
33.04,-50.58741616713324,23.990456887733288,3.07599468302641,1,synthetic,Marche sur les pointes synthétique,generated_toe_walk.csv
33.06,-47.72640340093357,23.09085454289801,3.4334198890273857,1,synthetic,Marche sur les pointes synthétique,generated_toe_walk.csv
33.08,-42.93036613158639,22.36302417562308,3.602329058189326,1,synthetic,Marche sur les pointes synthétique,generated_toe_walk.csv
33.1,-39.11123919368254,21.968154290066714,3.171521654719499,1,synthetic,Marche sur les pointes synthétique,generated_toe_walk.csv
33.12,-34.31040491077311,21.69330971462149,4.003404206251476,1,synthetic,Marche sur les pointes synthétique,generated_toe_walk.csv
33.14,-28.35932639627124,21.812660609823237,3.6800604644645354,1,synthetic,Marche sur les pointes synthétique,generated_toe_walk.csv
33.160000000000004,-23.056178613468187,22.24130934404032,3.420783739480358,1,synthetic,Marche sur les pointes synthétique,generated_toe_walk.csv
33.18,-18.21723392433535,21.85132002005068,3.1492722550575922,1,synthetic,Marche sur les pointes synthétique,generated_toe_walk.csv
33.2,-12.612790551047931,22.228980940399584,1.799852728398129,1,synthetic,Marche sur les pointes synthétique,generated_toe_walk.csv
33.22,-6.938315327843433,22.54345255875389,2.095455644610952,1,synthetic,Marche sur les pointes synthétique,generated_toe_walk.csv
33.24,-1.9585046559575936,22.400269369977718,0.7394540603770984,1,synthetic,Marche sur les pointes synthétique,generated_toe_walk.csv
33.26,3.0933945392762143,22.558142982102968,0.5214500718513304,1,synthetic,Marche sur les pointes synthétique,generated_toe_walk.csv
33.28,7.878592097311331,22.52760845762782,-0.5433956659385903,1,synthetic,Marche sur les pointes synthétique,generated_toe_walk.csv
33.3,11.309418774642111,21.591961195759318,-0.30490060021809096,1,synthetic,Marche sur les pointes synthétique,generated_toe_walk.csv
33.32,14.38500871900131,21.331122766066574,-0.829699533550895,1,synthetic,Marche sur les pointes synthétique,generated_toe_walk.csv
33.34,15.739671834172718,20.104274737186014,-0.756498432539368,1,synthetic,Marche sur les pointes synthétique,generated_toe_walk.csv
33.36,17.257594408846295,21.028916671808794,-0.4168838269093812,1,synthetic,Marche sur les pointes synthétique,generated_toe_walk.csv
33.38,17.420859157242162,21.678925175892033,-0.6489794284256674,1,synthetic,Marche sur les pointes synthétique,generated_toe_walk.csv
33.4,14.57639256010308,21.449130787980067,-1.3809802099361483,1,synthetic,Marche sur les pointes synthétique,generated_toe_walk.csv
33.42,12.289418536189524,22.69285787802739,-1.38059666077455,1,synthetic,Marche sur les pointes synthétique,generated_toe_walk.csv
33.44,10.773332068867726,21.945913301068448,-0.7898392201574321,1,synthetic,Marche sur les pointes synthétique,generated_toe_walk.csv
33.46,7.671094395840203,22.844259734973658,-0.5055493028316624,1,synthetic,Marche sur les pointes synthétique,generated_toe_walk.csv
33.480000000000004,5.662419386398254,22.110226500687116,0.13476272963629146,1,synthetic,Marche sur les pointes synthétique,generated_toe_walk.csv
33.5,6.206423116122583,21.856550053797857,0.06973534162981046,1,synthetic,Marche sur les pointes synthétique,generated_toe_walk.csv
33.52,5.986241863924073,21.802309374549857,0.024231795924280375,1,synthetic,Marche sur les pointes synthétique,generated_toe_walk.csv
33.54,5.749562457328908,21.870005043675924,0.14956220803101794,1,synthetic,Marche sur les pointes synthétique,generated_toe_walk.csv
33.56,7.055284225643751,21.69362043592612,0.19808938577332827,1,synthetic,Marche sur les pointes synthétique,generated_toe_walk.csv
33.58,6.923776112607226,21.664463944996626,0.1787927608942918,1,synthetic,Marche sur les pointes synthétique,generated_toe_walk.csv
33.6,6.219307838092658,22.045764944300373,-0.10563542489927286,1,synthetic,Marche sur les pointes synthétique,generated_toe_walk.csv
33.62,6.652728446716787,22.573047199966894,-0.18495606033517825,1,synthetic,Marche sur les pointes synthétique,generated_toe_walk.csv
33.64,6.03321005829362,22.508236713499368,-0.7281163496968719,1,synthetic,Marche sur les pointes synthétique,generated_toe_walk.csv
33.660000000000004,6.712756226484537,22.86715267535586,-1.0348311482860675,1,synthetic,Marche sur les pointes synthétique,generated_toe_walk.csv
33.68,6.307262281047164,22.34421331116221,-0.8603056449401308,1,synthetic,Marche sur les pointes synthétique,generated_toe_walk.csv
33.7,6.115871310627709,22.465628790796174,-1.1356737109920905,1,synthetic,Marche sur les pointes synthétique,generated_toe_walk.csv
33.72,6.469321770720722,22.50793710969968,-1.2014394478741615,1,synthetic,Marche sur les pointes synthétique,generated_toe_walk.csv
33.74,6.038919956301296,22.67762473395414,-1.0997013817324643,1,synthetic,Marche sur les pointes synthétique,generated_toe_walk.csv
33.76,5.90745605543329,22.786297293837844,-0.5422175694296778,1,synthetic,Marche sur les pointes synthétique,generated_toe_walk.csv
33.78,6.203657077624196,23.18797256770704,-0.23524785724962288,1,synthetic,Marche sur les pointes synthétique,generated_toe_walk.csv
33.8,5.812620147969688,22.883943449858513,-0.15546830103683024,1,synthetic,Marche sur les pointes synthétique,generated_toe_walk.csv
33.82,6.127305289413631,22.743037619212412,-0.9458352255211088,1,synthetic,Marche sur les pointes synthétique,generated_toe_walk.csv
33.84,5.784733604016481,23.126864271498942,-0.09360878467833245,1,synthetic,Marche sur les pointes synthétique,generated_toe_walk.csv
33.86,5.913865593007319,22.525559647866327,-0.7508894990792685,1,synthetic,Marche sur les pointes synthétique,generated_toe_walk.csv
33.88,5.631337029397081,22.41545450864324,-0.5463704167581536,1,synthetic,Marche sur les pointes synthétique,generated_toe_walk.csv
33.9,5.358620965691054,23.0655896164203,-0.3298208137167631,1,synthetic,Marche sur les pointes synthétique,generated_toe_walk.csv
33.92,4.27765264724428,22.95628399101833,-0.9878366298256223,1,synthetic,Marche sur les pointes synthétique,generated_toe_walk.csv
33.94,4.305861751258532,22.964979734356593,-1.0636116415888766,1,synthetic,Marche sur les pointes synthétique,generated_toe_walk.csv
33.96,2.5203427130041822,23.20209190778447,-1.0749215082640018,1,synthetic,Marche sur les pointes synthétique,generated_toe_walk.csv
33.980000000000004,1.3584550385019463,22.78359223395784,-0.5667439928185437,1,synthetic,Marche sur les pointes synthétique,generated_toe_walk.csv
34.0,-1.766439510603659,22.799560531404524,-1.0433182054999905,1,synthetic,Marche sur les pointes synthétique,generated_toe_walk.csv
34.02,-5.303862260171496,22.960266442749298,-2.0283146063181894,1,synthetic,Marche sur les pointes synthétique,generated_toe_walk.csv
34.04,-10.447248284836398,23.26804268506439,-2.253111978350091,1,synthetic,Marche sur les pointes synthétique,generated_toe_walk.csv
34.06,-16.903452434071955,23.828822061560142,-2.8651493109294446,1,synthetic,Marche sur les pointes synthétique,generated_toe_walk.csv
34.08,-26.2311303823249,24.27998771364397,-3.56803698353017,1,synthetic,Marche sur les pointes synthétique,generated_toe_walk.csv
34.1,-36.11089103560239,25.511313417619103,-4.611858681193403,1,synthetic,Marche sur les pointes synthétique,generated_toe_walk.csv
34.12,-45.73819257968014,25.192666247470793,-3.9647580126863184,1,synthetic,Marche sur les pointes synthétique,generated_toe_walk.csv
34.14,-51.6853641160616,25.807239511493115,-3.8754160549462724,1,synthetic,Marche sur les pointes synthétique,generated_toe_walk.csv
34.160000000000004,-55.283445468427665,24.970072893227826,-2.259469720276389,1,synthetic,Marche sur les pointes synthétique,generated_toe_walk.csv
34.18,-57.31008298091624,25.513844843628508,-1.248057547112641,1,synthetic,Marche sur les pointes synthétique,generated_toe_walk.csv
34.2,-57.333586388383495,25.409315046739298,1.3968415870349307,1,synthetic,Marche sur les pointes synthétique,generated_toe_walk.csv
34.22,-54.30930492647529,24.235169402264845,2.844685985105893,1,synthetic,Marche sur les pointes synthétique,generated_toe_walk.csv
34.24,-52.158337852873956,24.30930955644822,4.178462196601332,1,synthetic,Marche sur les pointes synthétique,generated_toe_walk.csv
34.26,-48.18490540216551,24.786934649336477,3.3742707357375488,1,synthetic,Marche sur les pointes synthétique,generated_toe_walk.csv
34.28,-43.821919274233,23.162407758282935,4.395544221036474,1,synthetic,Marche sur les pointes synthétique,generated_toe_walk.csv
34.300000000000004,-37.212535750561415,22.81221696879695,4.291573696954294,1,synthetic,Marche sur les pointes synthétique,generated_toe_walk.csv
34.32,-32.1136409402853,22.45906449368976,3.5588459949123754,1,synthetic,Marche sur les pointes synthétique,generated_toe_walk.csv
34.34,-26.661767201150052,22.352117309036757,3.621550029319508,1,synthetic,Marche sur les pointes synthétique,generated_toe_walk.csv
34.36,-21.040165811884993,22.216657373623963,3.411987139604512,1,synthetic,Marche sur les pointes synthétique,generated_toe_walk.csv
34.38,-15.01438764035688,21.98503834639938,2.411911310168548,1,synthetic,Marche sur les pointes synthétique,generated_toe_walk.csv
34.4,-9.087251640016335,22.385402421421865,1.590673269786095,1,synthetic,Marche sur les pointes synthétique,generated_toe_walk.csv
34.42,-4.077285586663641,21.670077401996004,0.9657776372204881,1,synthetic,Marche sur les pointes synthétique,generated_toe_walk.csv
34.44,2.1106359731173923,21.9349503597743,0.005772993612173594,1,synthetic,Marche sur les pointes synthétique,generated_toe_walk.csv
34.46,6.210344796291711,21.228576005745417,-0.34637086808728523,1,synthetic,Marche sur les pointes synthétique,generated_toe_walk.csv
34.480000000000004,10.86841935417199,21.31476650437523,-1.0657468223911861,1,synthetic,Marche sur les pointes synthétique,generated_toe_walk.csv
34.5,13.679457293404102,20.683350120520416,-1.741925364064802,1,synthetic,Marche sur les pointes synthétique,generated_toe_walk.csv
34.52,16.873663919434556,20.766757719656134,-2.036211289977068,1,synthetic,Marche sur les pointes synthétique,generated_toe_walk.csv
34.54,18.198965471506583,21.69830769933921,-1.7148107500758598,1,synthetic,Marche sur les pointes synthétique,generated_toe_walk.csv
34.56,19.069417805801365,21.62245232708392,-2.114685214033194,1,synthetic,Marche sur les pointes synthétique,generated_toe_walk.csv
34.58,17.845133504818705,22.14759982887838,-2.5494568899311636,1,synthetic,Marche sur les pointes synthétique,generated_toe_walk.csv
34.6,15.104267678693192,23.080550635915237,-2.2195564458626995,1,synthetic,Marche sur les pointes synthétique,generated_toe_walk.csv
34.62,12.79407792609033,23.06932335076035,-1.4595068080489604,1,synthetic,Marche sur les pointes synthétique,generated_toe_walk.csv
34.64,10.428084839749674,22.919048220968868,-1.816139208430061,1,synthetic,Marche sur les pointes synthétique,generated_toe_walk.csv
34.660000000000004,7.163250450611952,22.687265966435227,-1.0788617166921954,1,synthetic,Marche sur les pointes synthétique,generated_toe_walk.csv
34.68,6.1965575897347875,23.096806297460233,0.09710429324302024,1,synthetic,Marche sur les pointes synthétique,generated_toe_walk.csv
34.7,6.090909364883831,21.955709665078082,0.5868596727013825,1,synthetic,Marche sur les pointes synthétique,generated_toe_walk.csv
34.72,5.798278820795393,22.02399835923308,0.2126167638391121,1,synthetic,Marche sur les pointes synthétique,generated_toe_walk.csv
34.74,6.328269077795655,22.123505491983973,0.3776625308259073,1,synthetic,Marche sur les pointes synthétique,generated_toe_walk.csv
34.76,6.477451356412372,21.75482754582284,0.8460417315850469,1,synthetic,Marche sur les pointes synthétique,generated_toe_walk.csv
34.78,6.321793891404816,22.092004848658082,1.1465245608434484,1,synthetic,Marche sur les pointes synthétique,generated_toe_walk.csv
34.800000000000004,7.256847526570974,22.290876408265664,0.7227327914214052,1,synthetic,Marche sur les pointes synthétique,generated_toe_walk.csv
34.82,6.4070665871218555,21.91332515244403,0.048637588095361894,1,synthetic,Marche sur les pointes synthétique,generated_toe_walk.csv
34.84,7.019514013526908,22.565321133964503,1.1089963319792586,1,synthetic,Marche sur les pointes synthétique,generated_toe_walk.csv
34.86,6.784750226631599,21.923867116505086,0.8350499052509504,1,synthetic,Marche sur les pointes synthétique,generated_toe_walk.csv
34.88,5.828135732267693,22.261516373136097,0.7211498925595156,1,synthetic,Marche sur les pointes synthétique,generated_toe_walk.csv
34.9,6.446175761938915,22.44334808027565,0.5089712332453327,1,synthetic,Marche sur les pointes synthétique,generated_toe_walk.csv
34.92,6.631856143593713,23.329056073734545,1.1978656252617919,1,synthetic,Marche sur les pointes synthétique,generated_toe_walk.csv
34.94,6.56390794599133,21.89012917187817,0.8460359742050092,1,synthetic,Marche sur les pointes synthétique,generated_toe_walk.csv
34.96,6.037445923482611,22.53338995073354,0.8300242492410962,1,synthetic,Marche sur les pointes synthétique,generated_toe_walk.csv
34.980000000000004,6.395916235937581,23.25468098188321,0.7305096448632473,1,synthetic,Marche sur les pointes synthétique,generated_toe_walk.csv
35.0,5.933180359399329,22.368137942441468,0.6754710978816331,1,synthetic,Marche sur les pointes synthétique,generated_toe_walk.csv
35.02,5.960466974779746,22.948261648603463,0.6973858521311664,1,synthetic,Marche sur les pointes synthétique,generated_toe_walk.csv
35.04,6.05854699162323,22.76212312705424,0.8812746181716071,1,synthetic,Marche sur les pointes synthétique,generated_toe_walk.csv
35.06,5.9986042307455625,22.35677889267596,-0.04422878679146952,1,synthetic,Marche sur les pointes synthétique,generated_toe_walk.csv
35.08,6.056689960741852,22.983185085120382,0.15201135999905985,1,synthetic,Marche sur les pointes synthétique,generated_toe_walk.csv
35.1,5.200077901331216,22.661143317469328,-0.08240778709430407,1,synthetic,Marche sur les pointes synthétique,generated_toe_walk.csv
35.12,4.654911283364482,22.989295736529552,0.4055182521825191,1,synthetic,Marche sur les pointes synthétique,generated_toe_walk.csv
35.14,2.976955045295102,22.51396015624984,-0.3659900566168299,1,synthetic,Marche sur les pointes synthétique,generated_toe_walk.csv
35.160000000000004,1.6037453295385469,23.148071286840466,-0.9676608167303866,1,synthetic,Marche sur les pointes synthétique,generated_toe_walk.csv
35.18,-0.12364482015054556,22.14453561699692,-0.7408690140304178,1,synthetic,Marche sur les pointes synthétique,generated_toe_walk.csv
35.2,-2.093003703160348,22.768185698714802,-1.2367251407875695,1,synthetic,Marche sur les pointes synthétique,generated_toe_walk.csv
35.22,-6.7781106489934935,23.226676176908228,-1.5606201690273747,1,synthetic,Marche sur les pointes synthétique,generated_toe_walk.csv
35.24,-12.128936619075414,23.242719011255343,-1.9175175720591695,1,synthetic,Marche sur les pointes synthétique,generated_toe_walk.csv
35.26,-18.852118486117977,23.442474070089922,-2.6755283126661427,1,synthetic,Marche sur les pointes synthétique,generated_toe_walk.csv
35.28,-27.42552951320191,24.096967745864767,-3.49960987552869,1,synthetic,Marche sur les pointes synthétique,generated_toe_walk.csv
35.300000000000004,-37.67945413606192,25.206722762323327,-2.9886835454849643,1,synthetic,Marche sur les pointes synthétique,generated_toe_walk.csv
35.32,-44.29512768364091,26.865909991639523,-3.6309217154015854,1,synthetic,Marche sur les pointes synthétique,generated_toe_walk.csv
35.34,-48.82956365829113,26.24744307092668,-3.2083801436359467,1,synthetic,Marche sur les pointes synthétique,generated_toe_walk.csv
35.36,-51.22930565843617,26.57678730861572,-1.75047518458803,1,synthetic,Marche sur les pointes synthétique,generated_toe_walk.csv
35.38,-52.42471316840163,26.534730737914966,-0.12993203783132606,1,synthetic,Marche sur les pointes synthétique,generated_toe_walk.csv
35.4,-50.94189348321133,25.76050339296273,0.5700631391537281,1,synthetic,Marche sur les pointes synthétique,generated_toe_walk.csv
35.42,-49.71400760366813,25.224285974889472,2.120428088661127,1,synthetic,Marche sur les pointes synthétique,generated_toe_walk.csv
35.44,-48.92075023072098,24.184394632366182,2.961394035844092,1,synthetic,Marche sur les pointes synthétique,generated_toe_walk.csv
35.46,-45.81096242213653,23.26428256358529,2.9851422918741073,1,synthetic,Marche sur les pointes synthétique,generated_toe_walk.csv
35.480000000000004,-41.810141739563974,22.5552132917906,3.5502011089618652,1,synthetic,Marche sur les pointes synthétique,generated_toe_walk.csv
35.5,-37.82865470995696,22.270898792514483,3.1401068046012526,1,synthetic,Marche sur les pointes synthétique,generated_toe_walk.csv
35.52,-33.55498132794598,22.530014639815743,3.3026766799485903,1,synthetic,Marche sur les pointes synthétique,generated_toe_walk.csv
35.54,-28.23009941581888,22.638244496124077,3.34397715168905,1,synthetic,Marche sur les pointes synthétique,generated_toe_walk.csv
35.56,-23.17418850337382,22.953780620080245,3.2732692429856978,1,synthetic,Marche sur les pointes synthétique,generated_toe_walk.csv
35.58,-17.39537969503898,22.949736375652797,2.7193988346431177,1,synthetic,Marche sur les pointes synthétique,generated_toe_walk.csv
35.6,-12.951511035042879,23.75472238986685,1.771864231268087,1,synthetic,Marche sur les pointes synthétique,generated_toe_walk.csv
35.62,-6.621102521577852,23.550629108802447,0.9843303149512783,1,synthetic,Marche sur les pointes synthétique,generated_toe_walk.csv
35.64,-1.1138870037168493,23.4271962249458,-0.4170959768208527,1,synthetic,Marche sur les pointes synthétique,generated_toe_walk.csv
35.660000000000004,4.251912654250998,23.519307392417534,-0.051533675927680656,1,synthetic,Marche sur les pointes synthétique,generated_toe_walk.csv
35.68,8.64761066776653,23.187073815837493,-1.612180860904688,1,synthetic,Marche sur les pointes synthétique,generated_toe_walk.csv
35.7,12.46082202040555,22.33676130855427,-2.057963399533833,1,synthetic,Marche sur les pointes synthétique,generated_toe_walk.csv
35.72,15.638778335048897,22.31553693650151,-2.1801861740430537,1,synthetic,Marche sur les pointes synthétique,generated_toe_walk.csv
35.74,18.046037124806848,22.52673034194535,-2.336356451104791,1,synthetic,Marche sur les pointes synthétique,generated_toe_walk.csv
35.76,18.408381922857615,21.960506222390435,-2.583291689575375,1,synthetic,Marche sur les pointes synthétique,generated_toe_walk.csv
35.78,18.10603737542861,21.974629379820257,-2.948419428363067,1,synthetic,Marche sur les pointes synthétique,generated_toe_walk.csv
35.800000000000004,16.23963549913438,21.085265932408188,-3.125316921190335,1,synthetic,Marche sur les pointes synthétique,generated_toe_walk.csv
35.82,13.835771797714782,20.410306512080478,-2.0828025589932784,1,synthetic,Marche sur les pointes synthétique,generated_toe_walk.csv
35.84,10.878585926061032,20.190062641320647,-1.5795039859982785,1,synthetic,Marche sur les pointes synthétique,generated_toe_walk.csv
35.86,7.8607593032598855,20.28652316036725,-0.8151067701543608,1,synthetic,Marche sur les pointes synthétique,generated_toe_walk.csv
35.88,6.246656593581514,19.004272946666102,0.3442537694401397,1,synthetic,Marche sur les pointes synthétique,generated_toe_walk.csv
35.9,6.035065369469968,18.790457697453004,1.1433197627841214,1,synthetic,Marche sur les pointes synthétique,generated_toe_walk.csv
35.92,6.039748277173498,19.29498457523838,1.4948815052044409,1,synthetic,Marche sur les pointes synthétique,generated_toe_walk.csv
35.94,6.0012747839988565,18.78142917560385,1.0809220673967066,1,synthetic,Marche sur les pointes synthétique,generated_toe_walk.csv
35.96,6.264758956912636,18.691669782994094,0.7250928515024574,1,synthetic,Marche sur les pointes synthétique,generated_toe_walk.csv
35.980000000000004,6.84583866923989,18.9179029911827,1.1615236224554801,1,synthetic,Marche sur les pointes synthétique,generated_toe_walk.csv
36.0,6.338006597547442,18.874882012157038,1.0149966945387607,1,synthetic,Marche sur les pointes synthétique,generated_toe_walk.csv
36.02,6.0759171813715716,18.753237943069095,0.16924499871017779,1,synthetic,Marche sur les pointes synthétique,generated_toe_walk.csv
36.04,6.283427034238074,18.926298070525956,0.7621387665610169,1,synthetic,Marche sur les pointes synthétique,generated_toe_walk.csv
36.06,6.412610293633507,18.654610430685988,0.5135282518892968,1,synthetic,Marche sur les pointes synthétique,generated_toe_walk.csv
36.08,6.479813466440946,18.87618426621969,0.1539502102502549,1,synthetic,Marche sur les pointes synthétique,generated_toe_walk.csv
36.1,5.700000113524743,19.112484552182497,0.19791918567732897,1,synthetic,Marche sur les pointes synthétique,generated_toe_walk.csv
36.12,5.766479740887714,18.63311703967225,0.06691546944838159,1,synthetic,Marche sur les pointes synthétique,generated_toe_walk.csv
36.14,5.299796456362274,18.938874921860346,-0.0835531170486036,1,synthetic,Marche sur les pointes synthétique,generated_toe_walk.csv
36.16,5.477047269305346,18.716549513937572,-0.09895529728842567,1,synthetic,Marche sur les pointes synthétique,generated_toe_walk.csv
36.18,5.004019042350951,19.354512460142733,-0.6008182193964806,1,synthetic,Marche sur les pointes synthétique,generated_toe_walk.csv
36.2,4.75968123213032,19.404096083360212,-0.7250414751599238,1,synthetic,Marche sur les pointes synthétique,generated_toe_walk.csv
36.22,4.1690230698935355,19.614286859706013,-0.08411722197432336,1,synthetic,Marche sur les pointes synthétique,generated_toe_walk.csv
36.24,4.069584621664733,19.786296757011343,-1.1979216111019126,1,synthetic,Marche sur les pointes synthétique,generated_toe_walk.csv
36.26,3.734547020184551,19.95273352713502,-0.985287842820546,1,synthetic,Marche sur les pointes synthétique,generated_toe_walk.csv
36.28,2.3521965985478928,20.04806614494238,-1.0071283553545036,1,synthetic,Marche sur les pointes synthétique,generated_toe_walk.csv
36.3,3.097979898634921,19.79180205827704,-0.6550610276236358,1,synthetic,Marche sur les pointes synthétique,generated_toe_walk.csv
36.32,2.1589712784981967,20.47817990769445,-0.5440950505889888,1,synthetic,Marche sur les pointes synthétique,generated_toe_walk.csv
36.34,1.1792426076040299,20.058142004643578,-1.3049125418865954,1,synthetic,Marche sur les pointes synthétique,generated_toe_walk.csv
36.36,-0.05234255379384105,21.131311053427314,-0.6658780444120022,1,synthetic,Marche sur les pointes synthétique,generated_toe_walk.csv
36.38,-1.5932096663313238,20.569578747358957,-1.6412536881154458,1,synthetic,Marche sur les pointes synthétique,generated_toe_walk.csv
36.4,-3.820584409265426,20.711614074843204,-0.9561438573843762,1,synthetic,Marche sur les pointes synthétique,generated_toe_walk.csv
36.42,-7.551485387311853,20.247011858957073,-2.593102805542419,1,synthetic,Marche sur les pointes synthétique,generated_toe_walk.csv
36.44,-11.55451228059785,21.219425558377953,-3.0126809237531393,1,synthetic,Marche sur les pointes synthétique,generated_toe_walk.csv
36.46,-17.270736972642627,21.79388761997257,-4.689615796692526,1,synthetic,Marche sur les pointes synthétique,generated_toe_walk.csv
36.48,-24.682325529268642,21.692261859671003,-5.954541884864392,1,synthetic,Marche sur les pointes synthétique,generated_toe_walk.csv
36.5,-33.966102481409585,23.45883674939996,-8.128722071800222,1,synthetic,Marche sur les pointes synthétique,generated_toe_walk.csv
36.52,-42.42372543422727,24.609642080094734,-8.977660332508561,1,synthetic,Marche sur les pointes synthétique,generated_toe_walk.csv
36.54,-49.33990689117371,24.346554949581737,-9.544766215264062,1,synthetic,Marche sur les pointes synthétique,generated_toe_walk.csv
36.56,-53.18586952481842,24.788920134045622,-9.088734234502189,1,synthetic,Marche sur les pointes synthétique,generated_toe_walk.csv
36.58,-55.477523086823446,25.538840271575758,-7.595915119911017,1,synthetic,Marche sur les pointes synthétique,generated_toe_walk.csv
36.6,-56.21556400686413,23.85504568804386,-5.805060339600256,1,synthetic,Marche sur les pointes synthétique,generated_toe_walk.csv
36.62,-55.24969059362348,23.598054233403985,-3.6338316043128014,1,synthetic,Marche sur les pointes synthétique,generated_toe_walk.csv
36.64,-53.8444539699803,23.386921616926337,-1.830654955431553,1,synthetic,Marche sur les pointes synthétique,generated_toe_walk.csv
36.66,-52.10285866968735,23.693133822093554,0.12850438897969946,1,synthetic,Marche sur les pointes synthétique,generated_toe_walk.csv
36.68,-48.63627313093602,21.346717276847013,1.252332535196515,1,synthetic,Marche sur les pointes synthétique,generated_toe_walk.csv
36.7,-44.39463605226051,21.20703754525674,2.448825276936613,1,synthetic,Marche sur les pointes synthétique,generated_toe_walk.csv
36.72,-39.48728963002789,21.46550516447851,2.795535960688233,1,synthetic,Marche sur les pointes synthétique,generated_toe_walk.csv
36.74,-34.964430702853925,20.7251828035914,2.5998078973725147,1,synthetic,Marche sur les pointes synthétique,generated_toe_walk.csv
36.76,-29.160462532682256,21.26880183562328,3.0475449299889448,1,synthetic,Marche sur les pointes synthétique,generated_toe_walk.csv
36.78,-23.712813468027484,20.968624032277617,3.2313636133583,1,synthetic,Marche sur les pointes synthétique,generated_toe_walk.csv
36.8,-18.206708297066587,21.744667185643443,2.548850251779926,1,synthetic,Marche sur les pointes synthétique,generated_toe_walk.csv
36.82,-12.359755662979163,21.92638922806163,1.8838482468755644,1,synthetic,Marche sur les pointes synthétique,generated_toe_walk.csv
36.84,-7.78179167673947,22.086691798466042,2.4090429724105027,1,synthetic,Marche sur les pointes synthétique,generated_toe_walk.csv
36.86,-2.504118927567511,22.454853309595187,1.0791235944786803,1,synthetic,Marche sur les pointes synthétique,generated_toe_walk.csv
36.88,3.211812221894859,22.95546129881993,0.295633282164644,1,synthetic,Marche sur les pointes synthétique,generated_toe_walk.csv
36.9,7.624407428396536,23.475733026929642,0.029398631485123117,1,synthetic,Marche sur les pointes synthétique,generated_toe_walk.csv
36.92,12.224337421291619,22.965671176733757,-1.5896752680877078,1,synthetic,Marche sur les pointes synthétique,generated_toe_walk.csv
36.94,15.794273157133274,22.33955836772923,-1.6169167470916384,1,synthetic,Marche sur les pointes synthétique,generated_toe_walk.csv
36.96,18.306076029925226,23.086932419179945,-2.491552536384421,1,synthetic,Marche sur les pointes synthétique,generated_toe_walk.csv
36.98,19.370077760657054,21.292893354650747,-1.889232393150548,1,synthetic,Marche sur les pointes synthétique,generated_toe_walk.csv
37.0,20.435855918269382,21.618294500363078,-2.0280895390178855,1,synthetic,Marche sur les pointes synthétique,generated_toe_walk.csv
37.02,19.734706161313724,21.80949600368009,-2.501781505851258,1,synthetic,Marche sur les pointes synthétique,generated_toe_walk.csv
37.04,16.81733874337517,21.13178615776595,-2.441322776618905,1,synthetic,Marche sur les pointes synthétique,generated_toe_walk.csv
37.06,14.259855315504954,21.137513754647923,-1.9252767139068607,1,synthetic,Marche sur les pointes synthétique,generated_toe_walk.csv
37.08,11.355550871872428,20.624388040014246,-1.4133601821649093,1,synthetic,Marche sur les pointes synthétique,generated_toe_walk.csv
37.1,7.980779665422428,19.72385216341799,-0.126267817783344,1,synthetic,Marche sur les pointes synthétique,generated_toe_walk.csv
37.12,6.078433702518688,19.68448926890229,0.39356564678434053,1,synthetic,Marche sur les pointes synthétique,generated_toe_walk.csv
37.14,5.502209224582958,18.928184828028417,1.1141373807810306,1,synthetic,Marche sur les pointes synthétique,generated_toe_walk.csv
37.16,5.637476302275412,18.80837490916786,1.6602716871442982,1,synthetic,Marche sur les pointes synthétique,generated_toe_walk.csv
37.18,5.721592891200848,19.20511289333752,1.5651608295551989,1,synthetic,Marche sur les pointes synthétique,generated_toe_walk.csv
37.2,6.396423401967393,18.39392719432591,2.0047503490495844,1,synthetic,Marche sur les pointes synthétique,generated_toe_walk.csv
37.22,6.365315175911909,18.982204215231302,1.4464185895061998,1,synthetic,Marche sur les pointes synthétique,generated_toe_walk.csv
37.24,6.0341885699963935,19.1838582912721,1.6044114196441621,1,synthetic,Marche sur les pointes synthétique,generated_toe_walk.csv
37.26,6.313150792990632,19.180258778563125,0.6164746519074303,1,synthetic,Marche sur les pointes synthétique,generated_toe_walk.csv
37.28,6.2100290289437154,19.087125879164617,0.6846679220761029,1,synthetic,Marche sur les pointes synthétique,generated_toe_walk.csv
37.3,6.201381091108953,18.951901284866732,0.9116279684233792,1,synthetic,Marche sur les pointes synthétique,generated_toe_walk.csv
37.32,5.993675143444858,18.693057740890456,0.018962001690036923,1,synthetic,Marche sur les pointes synthétique,generated_toe_walk.csv
37.34,5.130307817418725,19.24568995885537,0.04772777858809579,1,synthetic,Marche sur les pointes synthétique,generated_toe_walk.csv
37.36,5.608810989807771,19.429311840568865,0.6612734078948826,1,synthetic,Marche sur les pointes synthétique,generated_toe_walk.csv
37.38,5.29496597815523,19.23339430367523,-0.17069235002778024,1,synthetic,Marche sur les pointes synthétique,generated_toe_walk.csv
37.4,5.187196705189918,19.16231345234606,0.11620958814491072,1,synthetic,Marche sur les pointes synthétique,generated_toe_walk.csv
37.42,4.4689440700977805,19.782899150373236,0.13687675633174337,1,synthetic,Marche sur les pointes synthétique,generated_toe_walk.csv
37.44,4.83317200161283,19.27118634781509,-0.31894695194570927,1,synthetic,Marche sur les pointes synthétique,generated_toe_walk.csv
37.46,4.510722306422498,19.798645091310824,-0.5285720761126269,1,synthetic,Marche sur les pointes synthétique,generated_toe_walk.csv
37.48,3.924914034657749,19.608056724641905,0.44905330446153485,1,synthetic,Marche sur les pointes synthétique,generated_toe_walk.csv
37.5,4.441305637262035,19.358022372102123,-0.1569768406657349,1,synthetic,Marche sur les pointes synthétique,generated_toe_walk.csv
37.52,3.619962491760724,20.4909277765129,0.20316898939858025,1,synthetic,Marche sur les pointes synthétique,generated_toe_walk.csv
37.54,3.1870888389485033,20.343838769806258,-0.10897156078426874,1,synthetic,Marche sur les pointes synthétique,generated_toe_walk.csv
37.56,3.1599989135590123,20.48579792930192,0.31144497529326187,1,synthetic,Marche sur les pointes synthétique,generated_toe_walk.csv
37.58,2.2162361983508894,20.040899806816128,-0.12734835705401243,1,synthetic,Marche sur les pointes synthétique,generated_toe_walk.csv
37.6,1.6619103361895142,20.54491086039785,-0.1495521028960322,1,synthetic,Marche sur les pointes synthétique,generated_toe_walk.csv
37.62,0.37159022242274786,20.731740351521108,-0.15266858476350129,1,synthetic,Marche sur les pointes synthétique,generated_toe_walk.csv
37.64,-0.9148017134237151,20.448265418893307,-0.2987700559788857,1,synthetic,Marche sur les pointes synthétique,generated_toe_walk.csv
37.66,-2.6929993746588736,21.149534638190318,-0.7575149218085766,1,synthetic,Marche sur les pointes synthétique,generated_toe_walk.csv
37.68,-5.576856452659396,20.05045441462611,-1.350465923377311,1,synthetic,Marche sur les pointes synthétique,generated_toe_walk.csv
37.7,-8.83373457823905,21.003076804958525,-2.0443116895992492,1,synthetic,Marche sur les pointes synthétique,generated_toe_walk.csv
37.72,-13.419912149873,20.543377835734322,-3.491423613384532,1,synthetic,Marche sur les pointes synthétique,generated_toe_walk.csv
37.74,-19.66126094147037,21.093426828990236,-4.396746795658143,1,synthetic,Marche sur les pointes synthétique,generated_toe_walk.csv
37.76,-26.16182325467586,21.905057513739134,-6.587885244797138,1,synthetic,Marche sur les pointes synthétique,generated_toe_walk.csv
37.78,-34.28233406947376,24.09953299956627,-7.969979127275627,1,synthetic,Marche sur les pointes synthétique,generated_toe_walk.csv
37.8,-42.37635116982541,24.5164243195652,-8.996325680873369,1,synthetic,Marche sur les pointes synthétique,generated_toe_walk.csv
37.82,-48.12415246588379,24.26152329769544,-9.4867550708862,1,synthetic,Marche sur les pointes synthétique,generated_toe_walk.csv
37.84,-51.974434195326445,24.071501837121453,-10.498300806314008,1,synthetic,Marche sur les pointes synthétique,generated_toe_walk.csv
37.86,-54.559719550263424,24.128901044770128,-8.341022328753265,1,synthetic,Marche sur les pointes synthétique,generated_toe_walk.csv
37.88,-55.518274010539045,23.32237964377141,-7.556886983642295,1,synthetic,Marche sur les pointes synthétique,generated_toe_walk.csv
37.9,-53.413342364051644,22.63178691562055,-4.624683212961918,1,synthetic,Marche sur les pointes synthétique,generated_toe_walk.csv
37.92,-51.55307843828777,22.96704949217747,-3.105836555545762,1,synthetic,Marche sur les pointes synthétique,generated_toe_walk.csv
37.94,-49.22027099099652,22.789984828348413,-1.318075341750799,1,synthetic,Marche sur les pointes synthétique,generated_toe_walk.csv
37.96,-45.51434721471917,21.436849278191275,-0.31755659570223044,1,synthetic,Marche sur les pointes synthétique,generated_toe_walk.csv
37.98,-41.14434306247264,21.557521269677192,1.233138437905467,1,synthetic,Marche sur les pointes synthétique,generated_toe_walk.csv
38.0,-35.784566000766496,22.217176039354822,1.7695247793243556,1,synthetic,Marche sur les pointes synthétique,generated_toe_walk.csv
38.02,-31.256743926601384,22.06807668111897,1.7099474963734638,1,synthetic,Marche sur les pointes synthétique,generated_toe_walk.csv
38.04,-26.01086091629943,22.671538517384473,1.7486885998850914,1,synthetic,Marche sur les pointes synthétique,generated_toe_walk.csv
38.06,-20.376184647747948,22.974078303035462,1.9618922244976829,1,synthetic,Marche sur les pointes synthétique,generated_toe_walk.csv
38.08,-14.919303452667949,23.383374168268684,1.499078902721928,1,synthetic,Marche sur les pointes synthétique,generated_toe_walk.csv
38.1,-9.178711437768598,23.8511881303028,0.642698606186388,1,synthetic,Marche sur les pointes synthétique,generated_toe_walk.csv
38.12,-3.7132490657402286,23.546524942548373,-0.5708683538873397,1,synthetic,Marche sur les pointes synthétique,generated_toe_walk.csv
38.14,1.4908125563998982,23.81572372174133,-1.2515407897570052,1,synthetic,Marche sur les pointes synthétique,generated_toe_walk.csv
38.16,6.493216218812087,23.188034614522778,-1.6549042371038214,1,synthetic,Marche sur les pointes synthétique,generated_toe_walk.csv
38.18,10.209131793449147,23.570560573265876,-2.211511251347592,1,synthetic,Marche sur les pointes synthétique,generated_toe_walk.csv
38.2,13.941916387047877,22.70442071094543,-2.440706268135496,1,synthetic,Marche sur les pointes synthétique,generated_toe_walk.csv
38.22,17.097513648139795,23.107981151189225,-2.9531433857924254,1,synthetic,Marche sur les pointes synthétique,generated_toe_walk.csv
38.24,18.01445138085406,23.03646730962921,-3.3896029739035,1,synthetic,Marche sur les pointes synthétique,generated_toe_walk.csv
38.26,19.47365526339442,22.218796508298816,-3.1978876848908104,1,synthetic,Marche sur les pointes synthétique,generated_toe_walk.csv
38.28,18.75646752930334,22.74225204035443,-3.1018021154223048,1,synthetic,Marche sur les pointes synthétique,generated_toe_walk.csv
38.3,15.271882093619434,22.118316156858572,-3.0995455040415205,1,synthetic,Marche sur les pointes synthétique,generated_toe_walk.csv
38.32,13.11654151416067,22.316455187003534,-2.3765050817041486,1,synthetic,Marche sur les pointes synthétique,generated_toe_walk.csv
38.34,11.200431955242497,21.55044086807852,-2.5650053310211383,1,synthetic,Marche sur les pointes synthétique,generated_toe_walk.csv
38.36,7.434817334968591,21.212618394941657,-1.8961696929589964,1,synthetic,Marche sur les pointes synthétique,generated_toe_walk.csv
38.38,6.195248068267468,20.88335889186916,-1.620930689095394,1,synthetic,Marche sur les pointes synthétique,generated_toe_walk.csv
38.4,5.880947668365199,21.260908538024673,-0.6379895582520678,1,synthetic,Marche sur les pointes synthétique,generated_toe_walk.csv
38.42,5.721438911429713,20.212390173678028,-0.8250567001853085,1,synthetic,Marche sur les pointes synthétique,generated_toe_walk.csv
38.44,5.835393972218338,20.872105351982377,-0.6178366844517241,1,synthetic,Marche sur les pointes synthétique,generated_toe_walk.csv
38.46,5.896608625778644,20.589738320806525,-0.7133465989553651,1,synthetic,Marche sur les pointes synthétique,generated_toe_walk.csv
38.48,6.060289985453238,20.460137966374184,-0.5226480782466264,1,synthetic,Marche sur les pointes synthétique,generated_toe_walk.csv
38.5,5.5727962200131005,20.55710916280062,0.4299775981904386,1,synthetic,Marche sur les pointes synthétique,generated_toe_walk.csv
38.52,5.956875512347783,20.925201422033435,0.6204245648007363,1,synthetic,Marche sur les pointes synthétique,generated_toe_walk.csv
38.54,5.570679500984909,20.93280356368984,1.1187618796600192,1,synthetic,Marche sur les pointes synthétique,generated_toe_walk.csv
38.56,5.973153551301664,21.229099122303783,0.900439817555167,1,synthetic,Marche sur les pointes synthétique,generated_toe_walk.csv
38.58,5.880641974370005,20.561549312026617,1.1904684389320992,1,synthetic,Marche sur les pointes synthétique,generated_toe_walk.csv
38.6,5.60590982062359,20.215473716826484,1.8769952715593325,1,synthetic,Marche sur les pointes synthétique,generated_toe_walk.csv
38.62,5.8847291420750425,20.652346924024396,1.9009430917164858,1,synthetic,Marche sur les pointes synthétique,generated_toe_walk.csv
38.64,5.708643592846054,20.808737583257983,1.6293238846396154,1,synthetic,Marche sur les pointes synthétique,generated_toe_walk.csv
38.66,5.724564804442672,20.785727300593372,1.8442668688928165,1,synthetic,Marche sur les pointes synthétique,generated_toe_walk.csv
38.68,6.389844581766624,21.353458282774266,2.3708723351131678,1,synthetic,Marche sur les pointes synthétique,generated_toe_walk.csv
38.7,5.525472452269255,21.74535399337473,2.0791378311562507,1,synthetic,Marche sur les pointes synthétique,generated_toe_walk.csv
38.72,6.193386506548748,21.26535966662464,2.4659947160578124,1,synthetic,Marche sur les pointes synthétique,generated_toe_walk.csv
38.74,6.095127051147762,20.710081582781992,2.8789410616058104,1,synthetic,Marche sur les pointes synthétique,generated_toe_walk.csv
38.76,5.45896839369732,21.701492016882636,2.5414042924680507,1,synthetic,Marche sur les pointes synthétique,generated_toe_walk.csv
38.78,5.5318770668483666,21.34135027546617,2.558870704872444,1,synthetic,Marche sur les pointes synthétique,generated_toe_walk.csv
38.8,4.91218778737948,21.71322267810546,2.3741850456362585,1,synthetic,Marche sur les pointes synthétique,generated_toe_walk.csv
38.82,3.516673492383299,22.10402286205975,2.9041942823474645,1,synthetic,Marche sur les pointes synthétique,generated_toe_walk.csv
38.84,3.0396939240319005,22.09452408113855,2.0171057889619433,1,synthetic,Marche sur les pointes synthétique,generated_toe_walk.csv
38.86,1.7819185808157245,22.024317989664876,1.9675697110447876,1,synthetic,Marche sur les pointes synthétique,generated_toe_walk.csv
38.88,-0.14324090021268057,22.151067467300102,2.000369891609608,1,synthetic,Marche sur les pointes synthétique,generated_toe_walk.csv
38.9,-1.7035656225342741,22.28015387174577,1.1488980928589854,1,synthetic,Marche sur les pointes synthétique,generated_toe_walk.csv
38.92,-4.135231671805529,22.251666714603946,1.295068925031709,1,synthetic,Marche sur les pointes synthétique,generated_toe_walk.csv
38.94,-7.816545942075861,22.736295475860725,0.0792683948604532,1,synthetic,Marche sur les pointes synthétique,generated_toe_walk.csv
38.96,-12.416342659930564,21.329045982359325,-0.40702038968914317,1,synthetic,Marche sur les pointes synthétique,generated_toe_walk.csv
38.98,-17.0341709231606,22.311450646845103,-1.6293198824246815,1,synthetic,Marche sur les pointes synthétique,generated_toe_walk.csv
39.0,-24.02441285931669,22.86179505815842,-2.7007429610527933,1,synthetic,Marche sur les pointes synthétique,generated_toe_walk.csv
39.02,-32.41073042677442,23.961779619055793,-3.9567221920181774,1,synthetic,Marche sur les pointes synthétique,generated_toe_walk.csv
39.04,-40.63379717027786,24.825463461712825,-5.550074576104761,1,synthetic,Marche sur les pointes synthétique,generated_toe_walk.csv
39.06,-48.69177642598689,25.389224496852133,-5.6729725393849275,1,synthetic,Marche sur les pointes synthétique,generated_toe_walk.csv
39.08,-53.28070192846434,24.357501864321474,-5.391603303049177,1,synthetic,Marche sur les pointes synthétique,generated_toe_walk.csv
39.1,-55.737733233332044,24.743453303527257,-3.7740462117970823,1,synthetic,Marche sur les pointes synthétique,generated_toe_walk.csv
39.12,-58.13517034660968,25.18690853163566,-2.583930705492798,1,synthetic,Marche sur les pointes synthétique,generated_toe_walk.csv
39.14,-56.55198526566701,24.24078364816688,-0.8822205526558846,1,synthetic,Marche sur les pointes synthétique,generated_toe_walk.csv
39.16,-55.28501525775538,23.874270754409654,0.04637899579367205,1,synthetic,Marche sur les pointes synthétique,generated_toe_walk.csv
39.18,-53.171620057640936,24.40647357464132,1.8392085124807585,1,synthetic,Marche sur les pointes synthétique,generated_toe_walk.csv
39.2,-50.91121042037739,24.500851279507856,2.6698045834569166,1,synthetic,Marche sur les pointes synthétique,generated_toe_walk.csv
39.22,-46.9870986670506,22.62817920517796,2.8584348669146107,1,synthetic,Marche sur les pointes synthétique,generated_toe_walk.csv
39.24,-42.680334012039296,23.545243229762423,3.5043101463023927,1,synthetic,Marche sur les pointes synthétique,generated_toe_walk.csv
39.26,-38.07202685101152,23.215404875284072,2.1883104308591554,1,synthetic,Marche sur les pointes synthétique,generated_toe_walk.csv
39.28,-33.33042408753914,22.964590315130717,2.07295693428118,1,synthetic,Marche sur les pointes synthétique,generated_toe_walk.csv
39.3,-27.802768039188905,23.64353340671187,2.0310229062177125,1,synthetic,Marche sur les pointes synthétique,generated_toe_walk.csv
39.32,-21.630126296713563,23.748630675155205,1.394869444260247,1,synthetic,Marche sur les pointes synthétique,generated_toe_walk.csv
39.34,-16.7191053591536,24.31993173734919,1.114231935582577,1,synthetic,Marche sur les pointes synthétique,generated_toe_walk.csv
39.36,-10.656383709328216,23.80186865323731,0.5598173107067154,1,synthetic,Marche sur les pointes synthétique,generated_toe_walk.csv
39.38,-4.909048739031917,24.324925558031822,-0.28987359112465594,1,synthetic,Marche sur les pointes synthétique,generated_toe_walk.csv
39.4,0.03507247597763896,23.72198302618253,-0.9577202527168297,1,synthetic,Marche sur les pointes synthétique,generated_toe_walk.csv
39.42,6.007921904484023,23.98477497629988,-1.4081886005386126,1,synthetic,Marche sur les pointes synthétique,generated_toe_walk.csv
39.44,9.956604680046686,23.877594782600294,-1.454577090294533,1,synthetic,Marche sur les pointes synthétique,generated_toe_walk.csv
39.46,13.923711664522834,23.370463764493355,-1.9072523723354622,1,synthetic,Marche sur les pointes synthétique,generated_toe_walk.csv
39.48,16.087491245020637,23.347526854466743,-1.9550940019599454,1,synthetic,Marche sur les pointes synthétique,generated_toe_walk.csv
39.5,16.492747321315488,22.737109363393344,-1.3203571660203943,1,synthetic,Marche sur les pointes synthétique,generated_toe_walk.csv
39.52,16.565102063967423,22.976988418014404,-1.39347408066125,1,synthetic,Marche sur les pointes synthétique,generated_toe_walk.csv
39.54,15.106238322135265,22.233192326548913,-1.5870663579801358,1,synthetic,Marche sur les pointes synthétique,generated_toe_walk.csv
39.56,12.639540546103934,21.812450298773896,-0.801495126196914,1,synthetic,Marche sur les pointes synthétique,generated_toe_walk.csv
39.58,10.485704255329964,21.625813540798077,-0.5296469006706015,1,synthetic,Marche sur les pointes synthétique,generated_toe_walk.csv
39.6,7.9883878375633985,21.36985693191759,-0.24295102614911376,1,synthetic,Marche sur les pointes synthétique,generated_toe_walk.csv
39.62,6.144259489236465,20.73445171578099,-0.059390725876839995,1,synthetic,Marche sur les pointes synthétique,generated_toe_walk.csv
39.64,5.471389256300091,21.02177164576703,0.5543108754996663,1,synthetic,Marche sur les pointes synthétique,generated_toe_walk.csv
39.66,5.876310628856194,20.74382766494508,0.3778225863705763,1,synthetic,Marche sur les pointes synthétique,generated_toe_walk.csv
39.68,6.357760941585943,20.94087046318346,-0.33056215381426407,1,synthetic,Marche sur les pointes synthétique,generated_toe_walk.csv
39.7,6.205086382473862,20.198231076917885,-0.28755340941035723,1,synthetic,Marche sur les pointes synthétique,generated_toe_walk.csv
39.72,6.250202214802688,20.345885493509662,0.2892823233272531,1,synthetic,Marche sur les pointes synthétique,generated_toe_walk.csv
39.74,6.3179941847362375,20.735421932503826,-0.6266018657050643,1,synthetic,Marche sur les pointes synthétique,generated_toe_walk.csv
39.76,6.907502260722085,20.557495830806555,-0.899749656872072,1,synthetic,Marche sur les pointes synthétique,generated_toe_walk.csv
39.78,5.585043226660619,20.867663023419947,-1.0060720456394208,1,synthetic,Marche sur les pointes synthétique,generated_toe_walk.csv
39.8,5.760841651788303,21.13655258273657,-0.4381115801187767,1,synthetic,Marche sur les pointes synthétique,generated_toe_walk.csv
39.82,6.077808447584195,21.3622070211508,-0.5733840821965617,1,synthetic,Marche sur les pointes synthétique,generated_toe_walk.csv
39.84,5.829312833308936,21.524510788649515,-0.8391338078774433,1,synthetic,Marche sur les pointes synthétique,generated_toe_walk.csv
39.86,6.008652187133849,21.390806585576303,-0.48347005788865977,1,synthetic,Marche sur les pointes synthétique,generated_toe_walk.csv
39.88,5.869530989742938,21.02341468395427,-0.3925780479569086,1,synthetic,Marche sur les pointes synthétique,generated_toe_walk.csv
39.9,5.9234488768646685,21.533525600411426,0.3633834549524603,1,synthetic,Marche sur les pointes synthétique,generated_toe_walk.csv
39.92,4.884748133666439,21.36629559066645,0.3625103438207797,1,synthetic,Marche sur les pointes synthétique,generated_toe_walk.csv
39.94,5.076129662301426,21.87565778695789,0.5615296158560819,1,synthetic,Marche sur les pointes synthétique,generated_toe_walk.csv
39.96,4.465892549963371,21.60341532102169,0.4767184896312963,1,synthetic,Marche sur les pointes synthétique,generated_toe_walk.csv
39.98,4.444998780543,22.535982259397482,1.077807189597444,1,synthetic,Marche sur les pointes synthétique,generated_toe_walk.csv
40.0,3.707573394600642,22.424821379479322,1.5609321458437115,1,synthetic,Marche sur les pointes synthétique,generated_toe_walk.csv
