time_s,yaw,pitch,roll,label,subject_id,scenario,source_file
0.0,7.108614844974311,18.811463419101173,-10.89889515467538,1,synthetic,Pronation synthétique,generated_pronation.csv
0.02,7.198421869534754,18.66200187977712,-10.21593783510369,1,synthetic,Pronation synthétique,generated_pronation.csv
0.04,7.026808651361044,18.44710324356504,-10.741881805177835,1,synthetic,Pronation synthétique,generated_pronation.csv
0.06,6.842518766612393,18.955394747126203,-10.90879228413483,1,synthetic,Pronation synthétique,generated_pronation.csv
0.08,6.974763162601578,18.564069182054997,-10.656275715823856,1,synthetic,Pronation synthétique,generated_pronation.csv
0.1,6.814517118822045,18.583979179238582,-11.04988175604047,1,synthetic,Pronation synthétique,generated_pronation.csv
0.12,7.131238836195992,18.327471803539858,-10.61857167359633,1,synthetic,Pronation synthétique,generated_pronation.csv
0.14,7.517030421290258,18.514133748564717,-10.546972842618302,1,synthetic,Pronation synthétique,generated_pronation.csv
0.16,6.969141243593605,18.953530797296423,-10.705809735019635,1,synthetic,Pronation synthétique,generated_pronation.csv
0.18,6.9317692490852645,18.28002938596588,-10.505324734621595,1,synthetic,Pronation synthétique,generated_pronation.csv
0.2,7.265656352223072,18.750040738096033,-10.775029196561277,1,synthetic,Pronation synthétique,generated_pronation.csv
0.22,7.22605922846454,18.99160479108425,-10.705124287741137,1,synthetic,Pronation synthétique,generated_pronation.csv
0.24,7.1503779661149,18.667076343350825,-11.152491262792312,1,synthetic,Pronation synthétique,generated_pronation.csv
0.26,6.839381242237789,18.855701884149312,-10.73639749452094,1,synthetic,Pronation synthétique,generated_pronation.csv
0.28,7.108833513044127,18.452090091282294,-11.017113450142338,1,synthetic,Pronation synthétique,generated_pronation.csv
0.3,7.325105754326814,19.18355044892876,-10.928201149219223,1,synthetic,Pronation synthétique,generated_pronation.csv
0.32,6.7122403654117395,19.124691827085186,-10.8313937305069,1,synthetic,Pronation synthétique,generated_pronation.csv
0.34,6.977042800509724,18.86933448457394,-10.78306775890716,1,synthetic,Pronation synthétique,generated_pronation.csv
0.36,6.5428814462338005,18.276870154379125,-11.345050571224416,1,synthetic,Pronation synthétique,generated_pronation.csv
0.38,6.725171644308264,18.493514341739715,-11.365509246737124,1,synthetic,Pronation synthétique,generated_pronation.csv
0.4,6.558605172451038,19.105016197592352,-10.999548625527918,1,synthetic,Pronation synthétique,generated_pronation.csv
0.42,7.039603466476916,19.332607145394977,-10.823956949068137,1,synthetic,Pronation synthétique,generated_pronation.csv
0.44,6.7286983702231735,18.91420959465505,-10.873380247381586,1,synthetic,Pronation synthétique,generated_pronation.csv
0.46,7.1893593235896285,19.205262427532986,-10.786967384365735,1,synthetic,Pronation synthétique,generated_pronation.csv
0.48,7.153610312460633,18.656111798861993,-10.679542425536555,1,synthetic,Pronation synthétique,generated_pronation.csv
0.5,7.049368613529737,18.78765977968815,-11.006348911902831,1,synthetic,Pronation synthétique,generated_pronation.csv
0.52,6.350694053797621,18.849337215588548,-11.171909054354419,1,synthetic,Pronation synthétique,generated_pronation.csv
0.54,6.946598854721907,18.981764300414987,-11.568400033281334,1,synthetic,Pronation synthétique,generated_pronation.csv
0.56,7.096311996778664,18.40243591153129,-11.537319155875213,1,synthetic,Pronation synthétique,generated_pronation.csv
0.58,7.149369117099348,19.148215008065918,-11.488029583533942,1,synthetic,Pronation synthétique,generated_pronation.csv
0.6,6.659379622542759,19.266626917656225,-11.242359867673967,1,synthetic,Pronation synthétique,generated_pronation.csv
0.62,6.977588129337173,18.529291328674155,-11.348723409615507,1,synthetic,Pronation synthétique,generated_pronation.csv
0.64,6.8269451250813935,18.468185877012193,-11.36810473241625,1,synthetic,Pronation synthétique,generated_pronation.csv
0.66,6.877194350375203,18.980855818829326,-11.507165745144865,1,synthetic,Pronation synthétique,generated_pronation.csv
0.68,7.437495917101305,18.6796947199432,-11.21257512187092,1,synthetic,Pronation synthétique,generated_pronation.csv
0.7000000000000001,6.87757539473852,18.167232899383503,-11.438057237616942,1,synthetic,Pronation synthétique,generated_pronation.csv
0.72,7.110071599223173,19.12142698654923,-11.344042020495188,1,synthetic,Pronation synthétique,generated_pronation.csv
0.74,7.3860965775943175,18.926375683313765,-11.45609983310837,1,synthetic,Pronation synthétique,generated_pronation.csv
0.76,6.946002286669479,18.737648464083826,-11.650333090432364,1,synthetic,Pronation synthétique,generated_pronation.csv
0.78,7.0866528368399715,19.516841189397365,-11.943419342728395,1,synthetic,Pronation synthétique,generated_pronation.csv
0.8,7.153133603928442,18.928301609377254,-11.440985915542896,1,synthetic,Pronation synthétique,generated_pronation.csv
0.8200000000000001,7.137051508122978,18.665798057347033,-11.663786206051098,1,synthetic,Pronation synthétique,generated_pronation.csv
0.84,6.7481967754731516,18.928735752502458,-11.823881860271385,1,synthetic,Pronation synthétique,generated_pronation.csv
0.86,7.137750501399977,18.59237417575637,-12.150007529264235,1,synthetic,Pronation synthétique,generated_pronation.csv
0.88,7.521638285955232,18.682391155725888,-11.32383408012393,1,synthetic,Pronation synthétique,generated_pronation.csv
0.9,6.649132026453774,19.032914674206882,-12.577109983771606,1,synthetic,Pronation synthétique,generated_pronation.csv
0.92,7.36970947669019,18.75754092482843,-12.392072174195672,1,synthetic,Pronation synthétique,generated_pronation.csv
0.94,7.144994658282679,18.795121039231624,-12.660236456868592,1,synthetic,Pronation synthétique,generated_pronation.csv
0.96,6.912784994729946,19.43580138777288,-13.04774023337101,1,synthetic,Pronation synthétique,generated_pronation.csv
0.98,7.702576360076342,19.194560644178747,-13.126990001035788,1,synthetic,Pronation synthétique,generated_pronation.csv
1.0,7.327543116852942,19.17594137904407,-12.577427981355674,1,synthetic,Pronation synthétique,generated_pronation.csv
1.02,6.737464515001507,19.091162609630526,-13.201983649512965,1,synthetic,Pronation synthétique,generated_pronation.csv
1.04,7.121800223482607,19.073023678181737,-13.288814899709513,1,synthetic,Pronation synthétique,generated_pronation.csv
1.06,7.27466009289566,19.36211391833126,-12.954052054592301,1,synthetic,Pronation synthétique,generated_pronation.csv
1.08,7.047414864424086,18.91834396577746,-12.937480902184928,1,synthetic,Pronation synthétique,generated_pronation.csv
1.1,7.311027412704602,19.481646886154415,-11.243793057017529,1,synthetic,Pronation synthétique,generated_pronation.csv
1.12,7.08728974900643,18.63908522872345,-10.773390220650988,1,synthetic,Pronation synthétique,generated_pronation.csv
1.14,7.305066548332724,18.848482458682657,-10.096068492985902,1,synthetic,Pronation synthétique,generated_pronation.csv
1.16,7.533333592325582,18.5114021437737,-9.189745157984177,1,synthetic,Pronation synthétique,generated_pronation.csv
1.18,6.893815691007623,18.820320855903365,-8.740429210955764,1,synthetic,Pronation synthétique,generated_pronation.csv
1.2,7.154976584747758,19.077036326370195,-8.382256073386397,1,synthetic,Pronation synthétique,generated_pronation.csv
1.22,6.953543756644679,19.354590151194913,-8.225445988471106,1,synthetic,Pronation synthétique,generated_pronation.csv
1.24,7.131651610651521,18.719632726527742,-8.673288368202389,1,synthetic,Pronation synthétique,generated_pronation.csv
1.26,6.737120859676603,18.920232613626368,-7.695542175222052,1,synthetic,Pronation synthétique,generated_pronation.csv
1.28,6.917821235932244,18.81019164662897,-7.103615025729631,1,synthetic,Pronation synthétique,generated_pronation.csv
1.3,7.025718744678864,18.694417417320274,-7.396268978590043,1,synthetic,Pronation synthétique,generated_pronation.csv
1.32,7.348177854754283,18.55932162788081,-7.725984450394348,1,synthetic,Pronation synthétique,generated_pronation.csv
1.34,7.414115210539205,18.93384036423153,-7.874026367718592,1,synthetic,Pronation synthétique,generated_pronation.csv
1.36,6.665960944486336,18.38995189922562,-7.438866402196635,1,synthetic,Pronation synthétique,generated_pronation.csv
1.38,6.81956304040393,18.93982216678182,-7.810835795096164,1,synthetic,Pronation synthétique,generated_pronation.csv
1.4,7.247660252644827,18.907562369030934,-7.26048088994874,1,synthetic,Pronation synthétique,generated_pronation.csv
1.42,6.449837229539259,18.698944885592606,-7.634686958476433,1,synthetic,Pronation synthétique,generated_pronation.csv
1.44,6.903005836705631,18.587303940153873,-7.2019643778561875,1,synthetic,Pronation synthétique,generated_pronation.csv
1.46,7.009822598489637,18.473818270601328,-7.09043517375924,1,synthetic,Pronation synthétique,generated_pronation.csv
1.48,7.4131018132174145,19.44919433469442,-8.164539871774439,1,synthetic,Pronation synthétique,generated_pronation.csv
1.5,7.239424220026869,18.488141704910916,-7.485135815572735,1,synthetic,Pronation synthétique,generated_pronation.csv
1.52,6.932530662073185,19.359982340716645,-7.873434222815238,1,synthetic,Pronation synthétique,generated_pronation.csv
1.54,6.917563403895225,19.07527778134115,-8.122823892506533,1,synthetic,Pronation synthétique,generated_pronation.csv
1.56,6.9528562668747815,18.788221400097914,-8.009491981641327,1,synthetic,Pronation synthétique,generated_pronation.csv
1.58,7.486765763930848,18.5495115851235,-7.948827401760983,1,synthetic,Pronation synthétique,generated_pronation.csv
1.6,6.906462558666616,19.209078819689466,-7.727808735327702,1,synthetic,Pronation synthétique,generated_pronation.csv
1.62,6.947768886492014,19.414637171412128,-8.572849313865097,1,synthetic,Pronation synthétique,generated_pronation.csv
1.64,7.150602546509166,18.614745783697863,-7.97292334835599,1,synthetic,Pronation synthétique,generated_pronation.csv
1.66,7.010072977738321,18.804757724104395,-7.776872709772796,1,synthetic,Pronation synthétique,generated_pronation.csv
1.68,6.987366499925464,19.21101636329622,-8.384336976517996,1,synthetic,Pronation synthétique,generated_pronation.csv
1.7,6.713044735317891,18.995876247514026,-8.514375088065284,1,synthetic,Pronation synthétique,generated_pronation.csv
1.72,7.04805259411398,19.497468640581097,-8.878126742052356,1,synthetic,Pronation synthétique,generated_pronation.csv
1.74,6.922152076122557,18.728068852782727,-9.36635839741038,1,synthetic,Pronation synthétique,generated_pronation.csv
1.76,7.4084702896158285,19.06422576688377,-9.060797085535917,1,synthetic,Pronation synthétique,generated_pronation.csv
1.78,7.258232427542878,18.5278782981868,-9.26910152711501,1,synthetic,Pronation synthétique,generated_pronation.csv
1.8,7.059379201881288,19.533434730008306,-9.378679433228438,1,synthetic,Pronation synthétique,generated_pronation.csv
1.82,7.2676346891626284,18.683594542813715,-9.00961463643203,1,synthetic,Pronation synthétique,generated_pronation.csv
1.84,6.964663097083462,18.24082376329005,-9.774942291985687,1,synthetic,Pronation synthétique,generated_pronation.csv
1.86,7.383667173632509,18.86809029135057,-10.061853939163921,1,synthetic,Pronation synthétique,generated_pronation.csv
1.88,7.0686721954566645,18.867845873245212,-9.931349448966554,1,synthetic,Pronation synthétique,generated_pronation.csv
1.9,7.2450717207779505,19.48791090920343,-11.011304935266347,1,synthetic,Pronation synthétique,generated_pronation.csv
1.92,6.684283992143067,18.81742258285902,-11.155595524838015,1,synthetic,Pronation synthétique,generated_pronation.csv
1.94,7.17732018508163,18.92165691621498,-11.139739810517513,1,synthetic,Pronation synthétique,generated_pronation.csv
1.96,6.566189000106563,19.106726940776426,-11.418523895696591,1,synthetic,Pronation synthétique,generated_pronation.csv
1.98,6.459802454707378,19.40708910222553,-11.228323313855695,1,synthetic,Pronation synthétique,generated_pronation.csv
2.0,6.97678470935305,18.915059933911802,-11.712415258367704,1,synthetic,Pronation synthétique,generated_pronation.csv
2.02,6.793434168729867,19.245099330827063,-11.302575519439149,1,synthetic,Pronation synthétique,generated_pronation.csv
2.04,7.113125179816865,19.087320983325423,-11.5381124595526,1,synthetic,Pronation synthétique,generated_pronation.csv
2.06,7.741542796794222,18.841671692085338,-11.965501803398416,1,synthetic,Pronation synthétique,generated_pronation.csv
2.08,6.821847440922216,18.95246516510148,-12.466220228365096,1,synthetic,Pronation synthétique,generated_pronation.csv
2.1,6.8878800810447665,18.93915475002665,-12.349275603953387,1,synthetic,Pronation synthétique,generated_pronation.csv
2.12,7.143130777969288,18.661918285207342,-12.424287466391252,1,synthetic,Pronation synthétique,generated_pronation.csv
2.14,7.232149535383178,19.30173546124007,-13.147724327959661,1,synthetic,Pronation synthétique,generated_pronation.csv
2.16,7.034527694428849,18.521762047616605,-12.834098215570329,1,synthetic,Pronation synthétique,generated_pronation.csv
2.18,7.029996934311816,19.29003530544394,-12.858827355805184,1,synthetic,Pronation synthétique,generated_pronation.csv
2.2,7.306497306204007,19.221928722133548,-13.092449479487867,1,synthetic,Pronation synthétique,generated_pronation.csv
2.22,7.256413902989122,18.90437137900746,-12.788310124310808,1,synthetic,Pronation synthétique,generated_pronation.csv
2.24,6.793833319972585,18.700887791022478,-12.957829755142873,1,synthetic,Pronation synthétique,generated_pronation.csv
2.26,7.082557370550591,18.861805315417037,-13.639998571666645,1,synthetic,Pronation synthétique,generated_pronation.csv
2.28,7.120886460190513,19.06867210950365,-13.398374278477666,1,synthetic,Pronation synthétique,generated_pronation.csv
2.3000000000000003,6.798935006014083,19.148575529748715,-13.731885034715367,1,synthetic,Pronation synthétique,generated_pronation.csv
2.32,7.194531426525168,19.00762753072916,-13.330041152075744,1,synthetic,Pronation synthétique,generated_pronation.csv
2.34,6.85984341393152,19.216078971040673,-13.778146555740385,1,synthetic,Pronation synthétique,generated_pronation.csv
2.36,7.408324134737882,18.747441518004496,-13.24158649536639,1,synthetic,Pronation synthétique,generated_pronation.csv
2.38,7.172486870564358,18.980903776121583,-13.388286629558323,1,synthetic,Pronation synthétique,generated_pronation.csv
2.4,7.137703211611352,18.435728289947903,-13.192354606758185,1,synthetic,Pronation synthétique,generated_pronation.csv
2.42,6.930219055685532,19.13123565781342,-13.486263264,1,synthetic,Pronation synthétique,generated_pronation.csv
2.44,7.067787089132863,18.944236912949492,-13.838776525949054,1,synthetic,Pronation synthétique,generated_pronation.csv
2.46,6.499150511645847,18.772469688175228,-12.805282222229524,1,synthetic,Pronation synthétique,generated_pronation.csv
2.48,6.753869605338162,19.24536229789231,-13.324025150698729,1,synthetic,Pronation synthétique,generated_pronation.csv
2.5,7.198202712326767,19.10424093975433,-12.771265244044981,1,synthetic,Pronation synthétique,generated_pronation.csv
2.52,6.4486512445034565,18.050436458187686,-12.979091187365016,1,synthetic,Pronation synthétique,generated_pronation.csv
2.54,7.338726596470801,18.905952715188924,-12.802061197447264,1,synthetic,Pronation synthétique,generated_pronation.csv
2.56,6.557757410416238,18.454340648293062,-12.361941219012557,1,synthetic,Pronation synthétique,generated_pronation.csv
2.58,7.303885822833559,19.209029398863184,-12.685906633127281,1,synthetic,Pronation synthétique,generated_pronation.csv
2.6,6.818289812600207,19.634380235526642,-12.255959480329606,1,synthetic,Pronation synthétique,generated_pronation.csv
2.62,7.30116814584569,18.731628993800893,-12.984459954965683,1,synthetic,Pronation synthétique,generated_pronation.csv
2.64,7.104080942226095,18.909669270846088,-12.154532524249712,1,synthetic,Pronation synthétique,generated_pronation.csv
2.66,6.601812263577187,18.81334654246447,-12.342892431246813,1,synthetic,Pronation synthétique,generated_pronation.csv
2.68,7.4369452357602714,18.992563347197642,-12.178532766433602,1,synthetic,Pronation synthétique,generated_pronation.csv
2.7,7.494337298738822,19.07988920802702,-11.982788277141537,1,synthetic,Pronation synthétique,generated_pronation.csv
2.72,7.040550333934261,19.273496302981194,-11.733269141636411,1,synthetic,Pronation synthétique,generated_pronation.csv
2.74,6.976262434463791,18.590167970940726,-11.174579521329969,1,synthetic,Pronation synthétique,generated_pronation.csv
2.76,7.011769223467821,19.356661732482017,-12.071233821068713,1,synthetic,Pronation synthétique,generated_pronation.csv
2.78,6.769965481238435,18.60930156710973,-11.332043418799131,1,synthetic,Pronation synthétique,generated_pronation.csv
2.8000000000000003,7.395295147329891,18.97573753179694,-11.395110661055622,1,synthetic,Pronation synthétique,generated_pronation.csv
2.82,6.908270879196553,19.243271826843515,-10.660501776800375,1,synthetic,Pronation synthétique,generated_pronation.csv
2.84,7.060448900861814,19.115202590250988,-10.968656417754941,1,synthetic,Pronation synthétique,generated_pronation.csv
2.86,6.8392658121402805,18.624981538072003,-10.528390394812497,1,synthetic,Pronation synthétique,generated_pronation.csv
2.88,6.890067941794814,18.698916053611388,-10.608192951695548,1,synthetic,Pronation synthétique,generated_pronation.csv
2.9,6.695756736921376,18.772017997770078,-10.112194624681601,1,synthetic,Pronation synthétique,generated_pronation.csv
2.92,7.454953785336286,18.897090726557597,-9.826909777877036,1,synthetic,Pronation synthétique,generated_pronation.csv
2.94,7.031988526768312,19.2559356501271,-10.072202476763005,1,synthetic,Pronation synthétique,generated_pronation.csv
2.96,7.3716116595258345,18.52375596702545,-9.758948147099892,1,synthetic,Pronation synthétique,generated_pronation.csv
2.98,7.08875118004871,19.04901743805653,-10.024877340023751,1,synthetic,Pronation synthétique,generated_pronation.csv
3.0,6.877424333181216,19.089721929311548,-9.327160268292118,1,synthetic,Pronation synthétique,generated_pronation.csv
3.02,6.988986057756204,19.071966399170826,-8.989794225689128,1,synthetic,Pronation synthétique,generated_pronation.csv
3.04,6.919405450752989,19.043557501212963,-9.23748394514787,1,synthetic,Pronation synthétique,generated_pronation.csv
3.06,7.08891127800373,19.359664910273867,-8.567647151747188,1,synthetic,Pronation synthétique,generated_pronation.csv
3.08,6.974391729209489,19.051401777243242,-9.357710950977449,1,synthetic,Pronation synthétique,generated_pronation.csv
3.1,7.000154090565025,19.163704742645077,-9.137300437587916,1,synthetic,Pronation synthétique,generated_pronation.csv
3.12,6.681025774068548,19.076274880620826,-8.84558896244209,1,synthetic,Pronation synthétique,generated_pronation.csv
3.14,6.856562529733909,19.445857521461104,-8.434587844570517,1,synthetic,Pronation synthétique,generated_pronation.csv
3.16,7.596207566915672,18.336847025475283,-8.147272740761428,1,synthetic,Pronation synthétique,generated_pronation.csv
3.18,6.899756930037067,19.29245361580512,-8.055632318779626,1,synthetic,Pronation synthétique,generated_pronation.csv
3.2,6.785191842665641,18.82893898604198,-7.9377908598905815,1,synthetic,Pronation synthétique,generated_pronation.csv
3.22,7.201968730056421,18.82325047177293,-7.602552177781815,1,synthetic,Pronation synthétique,generated_pronation.csv
3.24,7.5216636486234805,18.616794454824795,-7.872337717435703,1,synthetic,Pronation synthétique,generated_pronation.csv
3.26,6.663575706409514,18.34767614547287,-8.036740922650333,1,synthetic,Pronation synthétique,generated_pronation.csv
3.28,7.036972516420434,18.792440901560756,-7.967292154887289,1,synthetic,Pronation synthétique,generated_pronation.csv
3.3000000000000003,6.909052962329714,18.700124853560656,-6.909997864019598,1,synthetic,Pronation synthétique,generated_pronation.csv
3.3200000000000003,6.569886894298203,19.053330412520012,-8.210768616121523,1,synthetic,Pronation synthétique,generated_pronation.csv
3.34,7.319756898371043,18.46252414014058,-7.535384598674182,1,synthetic,Pronation synthétique,generated_pronation.csv
3.36,7.09291105920438,19.332479616326072,-7.034125312607281,1,synthetic,Pronation synthétique,generated_pronation.csv
3.38,7.121640137645747,18.983385914972647,-7.329045592081571,1,synthetic,Pronation synthétique,generated_pronation.csv
3.4,6.874286877172197,18.82881085992803,-7.7393165322758,1,synthetic,Pronation synthétique,generated_pronation.csv
3.42,7.236771613296556,18.691300602061737,-7.519389612145302,1,synthetic,Pronation synthétique,generated_pronation.csv
3.44,6.937429574448316,18.667397537427945,-7.303597703571547,1,synthetic,Pronation synthétique,generated_pronation.csv
3.46,7.055801997923482,18.566491992679286,-7.253230808420716,1,synthetic,Pronation synthétique,generated_pronation.csv
3.48,6.767707995206029,18.74470553555126,-7.951784635243267,1,synthetic,Pronation synthétique,generated_pronation.csv
3.5,6.736555872041711,18.909198513809656,-7.52693796474661,1,synthetic,Pronation synthétique,generated_pronation.csv
3.52,7.504040411386397,18.85520772938369,-7.762098366631109,1,synthetic,Pronation synthétique,generated_pronation.csv
3.54,6.956253118395984,18.487314012302555,-7.594270815136426,1,synthetic,Pronation synthétique,generated_pronation.csv
3.56,7.20171209635901,18.833477647703806,-7.606078811438061,1,synthetic,Pronation synthétique,generated_pronation.csv
3.58,7.109770374578079,18.64643736979141,-8.223484354660892,1,synthetic,Pronation synthétique,generated_pronation.csv
3.6,6.995334547421601,18.965746734724394,-8.657144511765264,1,synthetic,Pronation synthétique,generated_pronation.csv
3.62,6.983383091255523,19.4795625125749,-8.203093429521871,1,synthetic,Pronation synthétique,generated_pronation.csv
3.64,7.330895535506562,19.108044818010967,-7.88998570313704,1,synthetic,Pronation synthétique,generated_pronation.csv
3.66,7.057006454873407,18.826354044424665,-8.311575132752099,1,synthetic,Pronation synthétique,generated_pronation.csv
3.68,7.109483372318816,18.431935921589947,-8.540937101013862,1,synthetic,Pronation synthétique,generated_pronation.csv
3.7,7.174976374511871,18.491740413653005,-7.978588529038897,1,synthetic,Pronation synthétique,generated_pronation.csv
3.72,7.5424877528177525,18.40009304949178,-9.108119076032382,1,synthetic,Pronation synthétique,generated_pronation.csv
3.74,7.424385600131643,19.109943108142275,-8.630228755195532,1,synthetic,Pronation synthétique,generated_pronation.csv
3.76,7.376858638125458,18.64465641702484,-9.198068005455289,1,synthetic,Pronation synthétique,generated_pronation.csv
3.78,7.1390115866604305,18.875204296291127,-9.151442634856089,1,synthetic,Pronation synthétique,generated_pronation.csv
3.8,6.939323705422496,18.65432458125885,-9.295505374415377,1,synthetic,Pronation synthétique,generated_pronation.csv
3.82,7.683658122944578,18.859013585920188,-9.040096923088232,1,synthetic,Pronation synthétique,generated_pronation.csv
3.84,7.732194599708418,19.246867002325676,-9.96671780920734,1,synthetic,Pronation synthétique,generated_pronation.csv
3.86,7.435429451032362,18.622218270647558,-10.04144033694281,1,synthetic,Pronation synthétique,generated_pronation.csv
3.88,7.669352417831173,18.728704456685648,-10.559834304510336,1,synthetic,Pronation synthétique,generated_pronation.csv
3.9,7.763740461454894,18.593234817597388,-10.137830326053523,1,synthetic,Pronation synthétique,generated_pronation.csv
3.92,7.791605654761011,19.102675281105874,-10.621006616929273,1,synthetic,Pronation synthétique,generated_pronation.csv
3.94,7.825142795336769,18.53674822999047,-10.558698763625296,1,synthetic,Pronation synthétique,generated_pronation.csv
3.96,7.419090528225712,18.50670782652054,-11.224272133148535,1,synthetic,Pronation synthétique,generated_pronation.csv
3.98,8.020226323434118,18.434102081743625,-11.246616313053043,1,synthetic,Pronation synthétique,generated_pronation.csv
4.0,7.205846673872605,18.43509279802597,-11.084106451673216,1,synthetic,Pronation synthétique,generated_pronation.csv
4.0200000000000005,7.858865276990602,19.016595902793096,-11.723914360694007,1,synthetic,Pronation synthétique,generated_pronation.csv
4.04,7.76257998947036,19.679587082875354,-11.756703967463997,1,synthetic,Pronation synthétique,generated_pronation.csv
4.0600000000000005,7.86745392200897,18.659043526626153,-12.044087103493526,1,synthetic,Pronation synthétique,generated_pronation.csv
4.08,8.11672793176248,19.311391465899522,-12.549963591048122,1,synthetic,Pronation synthétique,generated_pronation.csv
4.1,7.868917511587035,19.202126450196403,-13.137818944313299,1,synthetic,Pronation synthétique,generated_pronation.csv
4.12,6.784965727679443,18.90457811213595,-12.512521308600347,1,synthetic,Pronation synthétique,generated_pronation.csv
4.14,5.977978219159326,19.270224566809613,-12.661874624430268,1,synthetic,Pronation synthétique,generated_pronation.csv
4.16,5.632728125305638,19.468457948817218,-12.021254893287615,1,synthetic,Pronation synthétique,generated_pronation.csv
4.18,3.6610243728412257,19.675623210554555,-12.125334924209003,1,synthetic,Pronation synthétique,generated_pronation.csv
4.2,2.3341648041270147,21.02304529024851,-10.942601650746536,1,synthetic,Pronation synthétique,generated_pronation.csv
4.22,0.9719390332473709,20.902889934598104,-10.25106889895738,1,synthetic,Pronation synthétique,generated_pronation.csv
4.24,-0.884465288811265,22.863424783766828,-9.584958585635192,1,synthetic,Pronation synthétique,generated_pronation.csv
4.26,-1.3146300117020417,23.72838377873775,-9.003980768817714,1,synthetic,Pronation synthétique,generated_pronation.csv
4.28,-0.3955542718418334,23.50811620773024,-9.386074128332446,1,synthetic,Pronation synthétique,generated_pronation.csv
4.3,0.3426531424378265,23.13829050472409,-10.329093495188854,1,synthetic,Pronation synthétique,generated_pronation.csv
4.32,1.4054641902522633,21.894032253184005,-11.060715017080993,1,synthetic,Pronation synthétique,generated_pronation.csv
4.34,2.6741774122682678,19.648793778088027,-11.477117330338242,1,synthetic,Pronation synthétique,generated_pronation.csv
4.36,3.2956462317455077,17.8203380809375,-12.59065780725035,1,synthetic,Pronation synthétique,generated_pronation.csv
4.38,4.058813001233078,16.55193491315087,-13.492975837821785,1,synthetic,Pronation synthétique,generated_pronation.csv
4.4,5.327486733105377,14.703175102490626,-14.547753034396361,1,synthetic,Pronation synthétique,generated_pronation.csv
4.42,5.935117672973576,14.979699570797003,-16.109829381724015,1,synthetic,Pronation synthétique,generated_pronation.csv
4.44,6.6326549707440305,14.536617752205753,-16.319908510163092,1,synthetic,Pronation synthétique,generated_pronation.csv
4.46,8.288558412224454,13.352293602253726,-16.38429275868976,1,synthetic,Pronation synthétique,generated_pronation.csv
4.48,9.048909790553145,12.328335839980639,-17.384481838564664,1,synthetic,Pronation synthétique,generated_pronation.csv
4.5,9.9519028740594,10.298829679017814,-17.720106718703295,1,synthetic,Pronation synthétique,generated_pronation.csv
4.5200000000000005,10.143344204488278,9.260143782186095,-18.37037644590778,1,synthetic,Pronation synthétique,generated_pronation.csv
4.54,10.36591796099804,7.682763593530244,-18.999554885304704,1,synthetic,Pronation synthétique,generated_pronation.csv
4.5600000000000005,9.757868413663113,6.527320920327129,-18.818376874107432,1,synthetic,Pronation synthétique,generated_pronation.csv
4.58,8.552748402875437,6.026927717559105,-18.814121812969358,1,synthetic,Pronation synthétique,generated_pronation.csv
4.6000000000000005,7.292832344760382,4.931850580764278,-18.353381308481737,1,synthetic,Pronation synthétique,generated_pronation.csv
4.62,5.916925211128081,4.819490648619828,-17.92052377622261,1,synthetic,Pronation synthétique,generated_pronation.csv
4.64,5.533869621396711,4.0021770257843245,-15.682471767104055,1,synthetic,Pronation synthétique,generated_pronation.csv
4.66,5.237919959469979,4.361304148626797,-14.845794886870367,1,synthetic,Pronation synthétique,generated_pronation.csv
4.68,6.25316406277997,4.2879676271947,-13.93167938274326,1,synthetic,Pronation synthétique,generated_pronation.csv
4.7,5.994699959584832,3.826163248956596,-12.470474467548353,1,synthetic,Pronation synthétique,generated_pronation.csv
4.72,6.966448112972612,3.6162283069639645,-12.045780068964117,1,synthetic,Pronation synthétique,generated_pronation.csv
4.74,6.873154669706743,4.3301283857578206,-12.655518400403437,1,synthetic,Pronation synthétique,generated_pronation.csv
4.76,7.138249408193615,3.387771585545297,-11.833472160758655,1,synthetic,Pronation synthétique,generated_pronation.csv
4.78,6.774444398963559,3.481319220028835,-12.264804373912055,1,synthetic,Pronation synthétique,generated_pronation.csv
4.8,7.176606036030715,3.608894959555104,-12.9876141404206,1,synthetic,Pronation synthétique,generated_pronation.csv
4.82,7.593923786459465,4.242580536290696,-12.864854934647822,1,synthetic,Pronation synthétique,generated_pronation.csv
4.84,7.380733124770096,4.505119657548261,-13.849320118822584,1,synthetic,Pronation synthétique,generated_pronation.csv
4.86,7.442590438389128,3.948401004325952,-13.961073779714212,1,synthetic,Pronation synthétique,generated_pronation.csv
4.88,7.3185812707996485,3.5973701329537047,-14.268973078560942,1,synthetic,Pronation synthétique,generated_pronation.csv
4.9,7.724735049063068,3.64354983525636,-14.401084365336786,1,synthetic,Pronation synthétique,generated_pronation.csv
4.92,7.333520710603346,4.049600378160375,-14.01841543919949,1,synthetic,Pronation synthétique,generated_pronation.csv
4.94,6.64275063945423,3.437800523459862,-14.916902291322634,1,synthetic,Pronation synthétique,generated_pronation.csv
4.96,7.060967524939788,4.129683689681584,-15.076235768399748,1,synthetic,Pronation synthétique,generated_pronation.csv
4.98,6.657863921625571,4.11808392580148,-15.237726339297804,1,synthetic,Pronation synthétique,generated_pronation.csv
5.0,6.268910201547908,3.7220815328043018,-15.114151956033206,1,synthetic,Pronation synthétique,generated_pronation.csv
5.0200000000000005,7.095542186001921,3.916437767431811,-15.50742298033148,1,synthetic,Pronation synthétique,generated_pronation.csv
5.04,7.668512721493847,3.959519484855442,-15.35434788646783,1,synthetic,Pronation synthétique,generated_pronation.csv
5.0600000000000005,7.306145081435847,4.21929849067304,-16.038034658409412,1,synthetic,Pronation synthétique,generated_pronation.csv
5.08,6.966371360945187,3.449915564320048,-16.40083208903333,1,synthetic,Pronation synthétique,generated_pronation.csv
5.1000000000000005,7.061187512917282,4.130366602361188,-16.348091734682534,1,synthetic,Pronation synthétique,generated_pronation.csv
5.12,7.6874157601098245,3.67583843953154,-16.377447127193694,1,synthetic,Pronation synthétique,generated_pronation.csv
5.14,7.412812979626118,3.5949023914030054,-16.898514480896832,1,synthetic,Pronation synthétique,generated_pronation.csv
5.16,7.387780132317557,3.895162142245863,-16.77580777438362,1,synthetic,Pronation synthétique,generated_pronation.csv
5.18,7.366809693828597,3.8427641246289457,-16.560355522796566,1,synthetic,Pronation synthétique,generated_pronation.csv
5.2,7.385143758165351,3.6537572691656632,-17.51540314690372,1,synthetic,Pronation synthétique,generated_pronation.csv
5.22,7.612472861532852,3.5086775713839393,-17.51889808039649,1,synthetic,Pronation synthétique,generated_pronation.csv
5.24,7.499068323704543,3.7123710602897133,-17.22686976051301,1,synthetic,Pronation synthétique,generated_pronation.csv
5.26,7.346101522533298,4.418912485316623,-17.854796515095707,1,synthetic,Pronation synthétique,generated_pronation.csv
5.28,6.901387656803873,4.541686956589656,-17.870630570400284,1,synthetic,Pronation synthétique,generated_pronation.csv
5.3,7.313996023876295,4.1192170439342375,-17.86437570655125,1,synthetic,Pronation synthétique,generated_pronation.csv
5.32,6.910830133572475,4.251413008877916,-17.312853651622135,1,synthetic,Pronation synthétique,generated_pronation.csv
5.34,7.4178800103819444,3.727855825859647,-17.20307389919699,1,synthetic,Pronation synthétique,generated_pronation.csv
5.36,6.694554540639056,3.8517671933756463,-17.347320317418593,1,synthetic,Pronation synthétique,generated_pronation.csv
5.38,7.034740169109175,3.9737669252807843,-17.306700601423053,1,synthetic,Pronation synthétique,generated_pronation.csv
5.4,7.073583764176053,3.5832081077152242,-17.003419933318863,1,synthetic,Pronation synthétique,generated_pronation.csv
5.42,6.684883952025684,3.63752335431828,-17.24256764375817,1,synthetic,Pronation synthétique,generated_pronation.csv
5.44,7.6044801162785465,3.99115984574314,-18.068373963445495,1,synthetic,Pronation synthétique,generated_pronation.csv
5.46,7.541266362940429,3.9063877179092965,-17.840744878541916,1,synthetic,Pronation synthétique,generated_pronation.csv
5.48,6.972860484420799,3.711167356690774,-17.97384443844252,1,synthetic,Pronation synthétique,generated_pronation.csv
5.5,7.347433727859868,4.166438740860464,-17.93015489938497,1,synthetic,Pronation synthétique,generated_pronation.csv
5.5200000000000005,7.2230645428089835,3.9804177884478866,-18.310670244823257,1,synthetic,Pronation synthétique,generated_pronation.csv
5.54,6.3167507925201765,4.35876980234266,-18.471994284074217,1,synthetic,Pronation synthétique,generated_pronation.csv
5.5600000000000005,7.165968824692892,4.024778519854971,-18.375207476863924,1,synthetic,Pronation synthétique,generated_pronation.csv
5.58,7.067224364281809,3.8997310702779484,-18.67720833120587,1,synthetic,Pronation synthétique,generated_pronation.csv
5.6000000000000005,7.116196883665662,3.9804012432126057,-18.010877854198604,1,synthetic,Pronation synthétique,generated_pronation.csv
5.62,6.779168452369556,3.8421128849818595,-18.02639832941287,1,synthetic,Pronation synthétique,generated_pronation.csv
5.64,7.0374384312991305,3.652415625437163,-17.56068840080593,1,synthetic,Pronation synthétique,generated_pronation.csv
5.66,7.077376402071796,3.6995485733585314,-17.87510195140524,1,synthetic,Pronation synthétique,generated_pronation.csv
5.68,7.4965598197933625,4.017592944906736,-17.56994791470845,1,synthetic,Pronation synthétique,generated_pronation.csv
5.7,7.241181907534267,3.9633956723237014,-17.599578264238787,1,synthetic,Pronation synthétique,generated_pronation.csv
5.72,7.136485639237133,4.130437181506461,-17.474664029268883,1,synthetic,Pronation synthétique,generated_pronation.csv
5.74,7.5954371187146394,3.219221884760585,-16.785211632496992,1,synthetic,Pronation synthétique,generated_pronation.csv
5.76,6.9680867365047945,3.5945099387879864,-16.964058605015957,1,synthetic,Pronation synthétique,generated_pronation.csv
5.78,7.014281387518468,3.576258133915045,-16.51018943350815,1,synthetic,Pronation synthétique,generated_pronation.csv
5.8,6.584379163583518,3.745499795395142,-16.802908522547423,1,synthetic,Pronation synthétique,generated_pronation.csv
5.82,7.595941903355034,3.5599630292335065,-16.27237692562812,1,synthetic,Pronation synthétique,generated_pronation.csv
5.84,7.405935238903382,3.5403277524233934,-16.639718621605564,1,synthetic,Pronation synthétique,generated_pronation.csv
5.86,7.378312353934337,3.929133536513976,-16.105832616438633,1,synthetic,Pronation synthétique,generated_pronation.csv
5.88,7.287509249869562,3.74687574328801,-15.944706002034764,1,synthetic,Pronation synthétique,generated_pronation.csv
5.9,7.099257957222758,3.3417637148302823,-15.446968759594935,1,synthetic,Pronation synthétique,generated_pronation.csv
5.92,7.106759630577399,4.0920518420591,-15.407568837999037,1,synthetic,Pronation synthétique,generated_pronation.csv
5.94,6.938257213631279,3.9907942468990742,-15.353451227533586,1,synthetic,Pronation synthétique,generated_pronation.csv
5.96,6.918652127905866,3.517250051488199,-14.891802254724924,1,synthetic,Pronation synthétique,generated_pronation.csv
5.98,6.95916721930176,3.937655572906795,-14.924870777996215,1,synthetic,Pronation synthétique,generated_pronation.csv
6.0,7.358153554916812,3.4729361557142693,-14.674391063547315,1,synthetic,Pronation synthétique,generated_pronation.csv
6.0200000000000005,7.037845878731738,4.0367803115221825,-14.453470411647803,1,synthetic,Pronation synthétique,generated_pronation.csv
6.04,6.8248160052504545,3.6397320502958133,-14.56358806652115,1,synthetic,Pronation synthétique,generated_pronation.csv
6.0600000000000005,6.649994845078817,3.4802867708384313,-14.517129925605754,1,synthetic,Pronation synthétique,generated_pronation.csv
6.08,6.621759759254539,3.640213329284512,-14.262816803983737,1,synthetic,Pronation synthétique,generated_pronation.csv
6.1000000000000005,7.285381185308899,3.55628706278581,-14.439599652564365,1,synthetic,Pronation synthétique,generated_pronation.csv
6.12,6.9498183691715765,3.87622899224153,-14.17780179877657,1,synthetic,Pronation synthétique,generated_pronation.csv
6.140000000000001,6.816412577063,3.904944347695816,-13.955872086175614,1,synthetic,Pronation synthétique,generated_pronation.csv
6.16,6.692511864192687,3.887712853884097,-14.02851877822423,1,synthetic,Pronation synthétique,generated_pronation.csv
6.18,6.463751978419543,3.7196939529928796,-14.375293386644747,1,synthetic,Pronation synthétique,generated_pronation.csv
6.2,6.785071742377569,2.7988372250872136,-14.629526693789431,1,synthetic,Pronation synthétique,generated_pronation.csv
6.22,7.076851291584281,3.934188685953762,-14.234310280138107,1,synthetic,Pronation synthétique,generated_pronation.csv
6.24,6.70569888019303,3.3463978626025326,-14.228789486183105,1,synthetic,Pronation synthétique,generated_pronation.csv
6.26,6.761666717807575,3.99761230190303,-13.825465117717172,1,synthetic,Pronation synthétique,generated_pronation.csv
6.28,6.769322187246,4.272453754535081,-14.239584470436885,1,synthetic,Pronation synthétique,generated_pronation.csv
6.3,6.871964506325218,4.021711397972606,-14.143765772295808,1,synthetic,Pronation synthétique,generated_pronation.csv
6.32,6.363915691213222,3.8323109148429877,-13.827244663034024,1,synthetic,Pronation synthétique,generated_pronation.csv
6.34,6.772558945737484,3.905114544566535,-14.155005704867746,1,synthetic,Pronation synthétique,generated_pronation.csv
6.36,6.587325145921536,3.9304268802977247,-14.03221562210108,1,synthetic,Pronation synthétique,generated_pronation.csv
6.38,7.110867760607577,3.816359178753119,-13.440551802200796,1,synthetic,Pronation synthétique,generated_pronation.csv
6.4,6.612125215736075,3.8105984717895605,-13.475848847062627,1,synthetic,Pronation synthétique,generated_pronation.csv
6.42,7.016956887209323,3.713682638257452,-13.702742276400889,1,synthetic,Pronation synthétique,generated_pronation.csv
6.44,7.3003476888174825,4.354168984579417,-13.789428715448157,1,synthetic,Pronation synthétique,generated_pronation.csv
6.46,6.747440099565478,4.002421713040776,-14.144800394155316,1,synthetic,Pronation synthétique,generated_pronation.csv
6.48,6.659057648030464,4.306504997166316,-13.682772786614658,1,synthetic,Pronation synthétique,generated_pronation.csv
6.5,6.8940523693619875,3.9572110456595055,-13.824355846876683,1,synthetic,Pronation synthétique,generated_pronation.csv
6.5200000000000005,6.82902177428599,4.060578154349515,-13.754479353103024,1,synthetic,Pronation synthétique,generated_pronation.csv
6.54,6.522723339834948,3.9911084735925306,-13.938461485283781,1,synthetic,Pronation synthétique,generated_pronation.csv
6.5600000000000005,6.947264760316525,4.1806391482517355,-13.732195109632912,1,synthetic,Pronation synthétique,generated_pronation.csv
6.58,7.39576043516041,4.287839535998521,-13.711688537983807,1,synthetic,Pronation synthétique,generated_pronation.csv
6.6000000000000005,6.691152587863422,4.114753077288813,-13.486922895120122,1,synthetic,Pronation synthétique,generated_pronation.csv
6.62,6.678276767854656,3.8543814660344355,-13.086164697577013,1,synthetic,Pronation synthétique,generated_pronation.csv
6.640000000000001,6.395391171479885,3.844965614279617,-13.342839079637347,1,synthetic,Pronation synthétique,generated_pronation.csv
6.66,6.765100457480876,4.605499621670741,-13.883370626382614,1,synthetic,Pronation synthétique,generated_pronation.csv
6.68,6.261507935878026,4.052335639722414,-13.595175425892627,1,synthetic,Pronation synthétique,generated_pronation.csv
6.7,6.2697667252199505,4.074313002530464,-13.677414216356185,1,synthetic,Pronation synthétique,generated_pronation.csv
6.72,6.962481691144109,4.618560096839375,-13.303369550222943,1,synthetic,Pronation synthétique,generated_pronation.csv
6.74,6.285700682131055,4.5127060603490845,-12.726431645750889,1,synthetic,Pronation synthétique,generated_pronation.csv
6.76,6.870568949996473,4.344956919787123,-12.565212513630039,1,synthetic,Pronation synthétique,generated_pronation.csv
6.78,6.983920827916924,4.060107103613647,-12.638034254481358,1,synthetic,Pronation synthétique,generated_pronation.csv
6.8,6.568567089265621,4.874581005347177,-12.123724686645604,1,synthetic,Pronation synthétique,generated_pronation.csv
6.82,6.631657083555075,4.272318827693994,-12.162431400941692,1,synthetic,Pronation synthétique,generated_pronation.csv
6.84,7.097311022748093,4.317499439394799,-12.106620835020566,1,synthetic,Pronation synthétique,generated_pronation.csv
6.86,6.487427318688386,4.102211363540491,-11.8891775913884,1,synthetic,Pronation synthétique,generated_pronation.csv
6.88,6.3976148781601765,3.728814771930705,-11.552653502706468,1,synthetic,Pronation synthétique,generated_pronation.csv
6.9,6.239493079259577,3.7527212351370154,-10.741408475256874,1,synthetic,Pronation synthétique,generated_pronation.csv
6.92,6.695424711932245,4.262857716106977,-11.474773387037164,1,synthetic,Pronation synthétique,generated_pronation.csv
6.94,7.138946796495212,4.2229734522939,-10.618617044397476,1,synthetic,Pronation synthétique,generated_pronation.csv
6.96,7.021092640717072,3.975037009231686,-10.490213131483369,1,synthetic,Pronation synthétique,generated_pronation.csv
6.98,6.529251809321265,3.6283717528937296,-10.845786814873701,1,synthetic,Pronation synthétique,generated_pronation.csv
7.0,6.599489568426062,3.5141257815453617,-10.78605537059219,1,synthetic,Pronation synthétique,generated_pronation.csv
7.0200000000000005,6.776752120375775,3.886277174633178,-11.069688528075215,1,synthetic,Pronation synthétique,generated_pronation.csv
7.04,7.049528157141684,3.631612052925031,-11.118874517398277,1,synthetic,Pronation synthétique,generated_pronation.csv
7.0600000000000005,6.931470087808291,4.466464463727949,-11.238501132330718,1,synthetic,Pronation synthétique,generated_pronation.csv
7.08,7.059907890412096,4.686134677388391,-11.78289002118127,1,synthetic,Pronation synthétique,generated_pronation.csv
7.1000000000000005,7.123367696845621,5.292549025282754,-11.74245508328756,1,synthetic,Pronation synthétique,generated_pronation.csv
7.12,6.989551344428072,4.73381356046656,-11.762568502484266,1,synthetic,Pronation synthétique,generated_pronation.csv
7.140000000000001,7.118903497027388,4.259913942782114,-11.928465614028728,1,synthetic,Pronation synthétique,generated_pronation.csv
7.16,7.238457838622378,4.0899599332470595,-11.7005348053077,1,synthetic,Pronation synthétique,generated_pronation.csv
7.18,7.2423505547262295,3.1923712955532557,-11.474778642492472,1,synthetic,Pronation synthétique,generated_pronation.csv
7.2,7.493479922795692,3.9061251709894793,-10.970281231820644,1,synthetic,Pronation synthétique,generated_pronation.csv
7.22,7.970180541745693,3.8841039988921757,-11.025711173321058,1,synthetic,Pronation synthétique,generated_pronation.csv
7.24,7.639550218623814,4.093950022470683,-10.224002928982781,1,synthetic,Pronation synthétique,generated_pronation.csv
7.26,7.540890154821417,3.8761785223328284,-9.978455295105213,1,synthetic,Pronation synthétique,generated_pronation.csv
7.28,7.0424694574448115,3.788357932701966,-10.066081315956758,1,synthetic,Pronation synthétique,generated_pronation.csv
7.3,7.692393342408697,3.624534065443088,-9.004608322817454,1,synthetic,Pronation synthétique,generated_pronation.csv
7.32,7.008425635233457,3.730035133644039,-9.851599085317229,1,synthetic,Pronation synthétique,generated_pronation.csv
7.34,7.186215433954073,3.9446438081459796,-9.7797289438874,1,synthetic,Pronation synthétique,generated_pronation.csv
7.36,7.87323319174224,3.182238475878455,-9.46269818613638,1,synthetic,Pronation synthétique,generated_pronation.csv
7.38,7.805370160050123,3.3605693812143174,-10.219132777661049,1,synthetic,Pronation synthétique,generated_pronation.csv
7.4,7.519722725048581,3.084869909442951,-10.035054289576506,1,synthetic,Pronation synthétique,generated_pronation.csv
7.42,7.033960671703115,3.9986365588201287,-10.485016712791767,1,synthetic,Pronation synthétique,generated_pronation.csv
7.44,7.387287688458548,3.922912016460269,-10.628651576416665,1,synthetic,Pronation synthétique,generated_pronation.csv
7.46,7.2044142064488925,3.786982044237938,-10.7619397266928,1,synthetic,Pronation synthétique,generated_pronation.csv
7.48,7.476406660362406,3.24161417809653,-11.079139830588792,1,synthetic,Pronation synthétique,generated_pronation.csv
7.5,7.735182760188254,3.704927331245303,-11.37748984490367,1,synthetic,Pronation synthétique,generated_pronation.csv
7.52,6.753710553990451,3.653476617783168,-12.077202340687625,1,synthetic,Pronation synthétique,generated_pronation.csv
7.54,5.927083505808991,3.845828519370037,-12.64098565583517,1,synthetic,Pronation synthétique,generated_pronation.csv
7.56,5.017198159727642,3.923993193542959,-13.570434596178329,1,synthetic,Pronation synthétique,generated_pronation.csv
7.58,4.271323088612257,4.362926532962833,-14.65021574997781,1,synthetic,Pronation synthétique,generated_pronation.csv
7.6,2.846322512672648,4.438336660938861,-14.970982090382611,1,synthetic,Pronation synthétique,generated_pronation.csv
7.62,0.9505571956298835,5.393174489601257,-16.452441822681326,1,synthetic,Pronation synthétique,generated_pronation.csv
7.640000000000001,-0.10336257652729045,6.051818617244216,-17.69346665467191,1,synthetic,Pronation synthétique,generated_pronation.csv
7.66,-1.4242254057590698,6.9134994623422505,-18.2520682497939,1,synthetic,Pronation synthétique,generated_pronation.csv
7.68,-1.202842775870258,8.084080065781738,-19.59485393396068,1,synthetic,Pronation synthétique,generated_pronation.csv
7.7,-1.0531927480865797,8.966907002553528,-20.57008970675073,1,synthetic,Pronation synthétique,generated_pronation.csv
7.72,-0.313979343682808,10.083969902383183,-20.81308130506995,1,synthetic,Pronation synthétique,generated_pronation.csv
7.74,0.17322733348208974,10.2018113744123,-20.77936747616431,1,synthetic,Pronation synthétique,generated_pronation.csv
7.76,1.371966697612629,10.506843066900503,-21.17679095183243,1,synthetic,Pronation synthétique,generated_pronation.csv
7.78,2.1047605747955314,10.200618555727097,-20.43870266676465,1,synthetic,Pronation synthétique,generated_pronation.csv
7.8,2.9781510799653272,9.69143965355585,-20.571052506890805,1,synthetic,Pronation synthétique,generated_pronation.csv
7.82,3.9414161495238407,10.099438345826417,-20.04374219915811,1,synthetic,Pronation synthétique,generated_pronation.csv
7.84,4.619807767111216,9.083251398916211,-20.196282657584206,1,synthetic,Pronation synthétique,generated_pronation.csv
7.86,5.581769455780043,9.109150949986317,-19.610081310964222,1,synthetic,Pronation synthétique,generated_pronation.csv
7.88,7.145016701970157,8.457607173482854,-19.90303203471572,1,synthetic,Pronation synthétique,generated_pronation.csv
7.9,7.437189373228359,7.193869432121763,-20.263534573345787,1,synthetic,Pronation synthétique,generated_pronation.csv
7.92,8.034703175328222,6.772776771369113,-19.8541736224079,1,synthetic,Pronation synthétique,generated_pronation.csv
7.94,8.546358989834788,6.347942621715737,-19.96964732716436,1,synthetic,Pronation synthétique,generated_pronation.csv
7.96,7.694961079495585,5.855063872995117,-19.321554092816577,1,synthetic,Pronation synthétique,generated_pronation.csv
7.98,7.7856865113925835,5.5261609962823846,-18.756189748980198,1,synthetic,Pronation synthétique,generated_pronation.csv
8.0,7.845631284340927,6.063427013723895,-18.44340200941227,1,synthetic,Pronation synthétique,generated_pronation.csv
8.02,7.480032753447943,5.865540862179309,-18.76130130031756,1,synthetic,Pronation synthétique,generated_pronation.csv
8.040000000000001,6.766572682059643,6.167105312379863,-17.805689415387043,1,synthetic,Pronation synthétique,generated_pronation.csv
8.06,6.795666862892453,5.918259440311343,-16.672151609656634,1,synthetic,Pronation synthétique,generated_pronation.csv
8.08,6.139720341514203,6.119243450895138,-15.892649642384814,1,synthetic,Pronation synthétique,generated_pronation.csv
8.1,5.474285390235076,5.690474405546122,-14.636197187914375,1,synthetic,Pronation synthétique,generated_pronation.csv
8.120000000000001,5.478930942783236,5.606630322404615,-14.121715078733784,1,synthetic,Pronation synthétique,generated_pronation.csv
8.14,5.971770590004544,5.459908151294324,-12.497286095890509,1,synthetic,Pronation synthétique,generated_pronation.csv
8.16,5.896154929296564,4.988466482328254,-12.08887669925181,1,synthetic,Pronation synthétique,generated_pronation.csv
8.18,5.429454846201235,4.4681059725615135,-11.111716580286922,1,synthetic,Pronation synthétique,generated_pronation.csv
8.2,6.617213969177772,3.9566797123065998,-10.496268256761079,1,synthetic,Pronation synthétique,generated_pronation.csv
8.22,6.585318173391155,4.169127585121048,-10.12109641624505,1,synthetic,Pronation synthétique,generated_pronation.csv
8.24,7.038035874690696,4.117388160996348,-10.165639638684251,1,synthetic,Pronation synthétique,generated_pronation.csv
8.26,6.773816898978476,3.9083669020499534,-9.624071778866016,1,synthetic,Pronation synthétique,generated_pronation.csv
8.28,6.968671940720544,3.745969054339368,-9.69624154530744,1,synthetic,Pronation synthétique,generated_pronation.csv
8.3,6.893701097370949,4.131073131644609,-9.386206009501063,1,synthetic,Pronation synthétique,generated_pronation.csv
8.32,8.170168109239755,4.726487990303502,-8.407590226447633,1,synthetic,Pronation synthétique,generated_pronation.csv
8.34,7.470587906105225,3.909417681219611,-8.246038089693611,1,synthetic,Pronation synthétique,generated_pronation.csv
8.36,8.067889318271039,4.132536419678821,-8.454783580830346,1,synthetic,Pronation synthétique,generated_pronation.csv
8.38,7.507223226899403,4.220200954515352,-8.065227160900257,1,synthetic,Pronation synthétique,generated_pronation.csv
8.4,7.8348941656256885,3.4427581751774095,-7.711824080788184,1,synthetic,Pronation synthétique,generated_pronation.csv
8.42,7.285117843536319,4.347570267935616,-7.19825874374048,1,synthetic,Pronation synthétique,generated_pronation.csv
8.44,7.661335262840688,4.189714166425521,-7.3021558609880115,1,synthetic,Pronation synthétique,generated_pronation.csv
8.46,8.111514226435979,4.9147260512671584,-7.325854447435503,1,synthetic,Pronation synthétique,generated_pronation.csv
8.48,7.451758040983886,4.5072626764717425,-8.019857905500588,1,synthetic,Pronation synthétique,generated_pronation.csv
8.5,8.073293366311152,4.4104493393111115,-7.420807490234439,1,synthetic,Pronation synthétique,generated_pronation.csv
8.52,7.816766499055945,4.630996135025598,-7.153457283498741,1,synthetic,Pronation synthétique,generated_pronation.csv
8.540000000000001,7.405991180115374,4.80516131721455,-7.1079762889786045,1,synthetic,Pronation synthétique,generated_pronation.csv
8.56,7.567054368515377,4.644473115845146,-7.025615507732425,1,synthetic,Pronation synthétique,generated_pronation.csv
8.58,7.53429629174066,4.851688070719772,-7.156032193692192,1,synthetic,Pronation synthétique,generated_pronation.csv
8.6,7.658655759879299,4.5238708199268185,-6.511025084989914,1,synthetic,Pronation synthétique,generated_pronation.csv
8.620000000000001,7.538471757638644,4.9357632357579035,-6.580585636767339,1,synthetic,Pronation synthétique,generated_pronation.csv
8.64,7.476505458133232,5.31121548013747,-7.054190247178254,1,synthetic,Pronation synthétique,generated_pronation.csv
8.66,7.676326305171103,5.750514896880352,-7.370345833729174,1,synthetic,Pronation synthétique,generated_pronation.csv
8.68,7.545441528665107,5.456812429869481,-6.574727555037278,1,synthetic,Pronation synthétique,generated_pronation.csv
8.700000000000001,7.5917687074445395,5.419847398209065,-7.591790135937842,1,synthetic,Pronation synthétique,generated_pronation.csv
8.72,8.06927435946192,5.779007171800744,-7.370348731140502,1,synthetic,Pronation synthétique,generated_pronation.csv
8.74,8.436242149347276,5.7923761739222295,-7.488017839624734,1,synthetic,Pronation synthétique,generated_pronation.csv
8.76,7.759779040909468,6.032634423072544,-8.702109166008183,1,synthetic,Pronation synthétique,generated_pronation.csv
8.78,8.246626258106208,5.890943327147786,-8.683313134441109,1,synthetic,Pronation synthétique,generated_pronation.csv
8.8,8.09063866547243,5.561794346908064,-9.158103299967914,1,synthetic,Pronation synthétique,generated_pronation.csv
8.82,8.009187313269747,5.707751026038403,-9.1210146352412,1,synthetic,Pronation synthétique,generated_pronation.csv
8.84,8.567358244648165,5.744942335783031,-9.374045509905873,1,synthetic,Pronation synthétique,generated_pronation.csv
8.86,8.095995507346114,5.850910423259559,-9.049297129838006,1,synthetic,Pronation synthétique,generated_pronation.csv
8.88,8.597440929607828,5.896681675321884,-9.605912279580293,1,synthetic,Pronation synthétique,generated_pronation.csv
8.9,7.665084607104123,5.678332919550535,-9.923711403732124,1,synthetic,Pronation synthétique,generated_pronation.csv
8.92,7.576729294815047,5.364879966890363,-9.766884939884346,1,synthetic,Pronation synthétique,generated_pronation.csv
8.94,6.7090619289598274,5.864064301051967,-10.420959997799871,1,synthetic,Pronation synthétique,generated_pronation.csv
8.96,5.531774179343548,5.507385254175482,-10.793003393903835,1,synthetic,Pronation synthétique,generated_pronation.csv
8.98,4.468224511303416,6.13776548341858,-10.4421913204111,1,synthetic,Pronation synthétique,generated_pronation.csv
9.0,2.192149131474616,6.083026299061436,-11.88654249112391,1,synthetic,Pronation synthétique,generated_pronation.csv
9.02,-0.19444190639905506,5.546274748712967,-12.37397741303888,1,synthetic,Pronation synthétique,generated_pronation.csv
9.04,-3.8365547118063277,6.310295610809164,-12.929727253848585,1,synthetic,Pronation synthétique,generated_pronation.csv
9.06,-8.557570716362335,6.651258772651633,-14.147368971527436,1,synthetic,Pronation synthétique,generated_pronation.csv
9.08,-13.272765503859072,7.391161187674323,-15.795848843558039,1,synthetic,Pronation synthétique,generated_pronation.csv
9.1,-18.45557314382806,9.469272192546924,-16.344451687686842,1,synthetic,Pronation synthétique,generated_pronation.csv
9.12,-23.004779522782577,11.473187993028402,-18.289423978751614,1,synthetic,Pronation synthétique,generated_pronation.csv
9.14,-26.81638651219283,12.413616162304082,-18.642917559198406,1,synthetic,Pronation synthétique,generated_pronation.csv
9.16,-28.632025834323574,14.83998850007114,-18.168356903485087,1,synthetic,Pronation synthétique,generated_pronation.csv
9.18,-29.894572758917256,16.56549196399893,-17.342924304470923,1,synthetic,Pronation synthétique,generated_pronation.csv
9.2,-28.479286924543654,17.790093442932882,-15.954297187053369,1,synthetic,Pronation synthétique,generated_pronation.csv
9.22,-27.3134308406431,18.416909914167427,-14.106609045985305,1,synthetic,Pronation synthétique,generated_pronation.csv
9.24,-25.636585449822434,18.350968578466265,-13.029298395458989,1,synthetic,Pronation synthétique,generated_pronation.csv
9.26,-22.39185613268019,18.572262744478593,-13.922614859895665,1,synthetic,Pronation synthétique,generated_pronation.csv
9.28,-18.792938239557873,17.674608916412062,-14.474041945620923,1,synthetic,Pronation synthétique,generated_pronation.csv
9.3,-16.17412310058054,16.74525050335228,-16.00211955700085,1,synthetic,Pronation synthétique,generated_pronation.csv
9.32,-12.600228889496012,16.176622062699956,-16.551674463030587,1,synthetic,Pronation synthétique,generated_pronation.csv
9.34,-9.173427802209764,14.843334513386413,-17.62671745616314,1,synthetic,Pronation synthétique,generated_pronation.csv
9.36,-6.1064808753406306,14.06623198938662,-17.576407153873802,1,synthetic,Pronation synthétique,generated_pronation.csv
9.38,-2.770352838732183,13.780297105583772,-18.319318522393626,1,synthetic,Pronation synthétique,generated_pronation.csv
9.4,-0.5374754211812015,12.886176232439363,-18.456649077035646,1,synthetic,Pronation synthétique,generated_pronation.csv
9.42,1.7769461468169474,12.432393158233884,-18.608372607126967,1,synthetic,Pronation synthétique,generated_pronation.csv
9.44,4.2015337435251245,11.25357538851885,-18.906270721840407,1,synthetic,Pronation synthétique,generated_pronation.csv
9.46,5.536863380617585,10.990131165977004,-19.233669342381393,1,synthetic,Pronation synthétique,generated_pronation.csv
9.48,7.227825088159018,10.283803665663333,-18.526284301186184,1,synthetic,Pronation synthétique,generated_pronation.csv
9.5,7.802444848607118,9.506479700235106,-19.026313740659912,1,synthetic,Pronation synthétique,generated_pronation.csv
9.52,8.501394687440522,8.209712938670439,-18.811832954215124,1,synthetic,Pronation synthétique,generated_pronation.csv
9.54,8.900843442954612,7.384822159033014,-18.140086549849705,1,synthetic,Pronation synthétique,generated_pronation.csv
9.56,10.427349223640707,5.845822798888499,-17.811928783549224,1,synthetic,Pronation synthétique,generated_pronation.csv
9.58,10.094353874387412,4.857411066527269,-17.149461448487862,1,synthetic,Pronation synthétique,generated_pronation.csv
9.6,10.365578253738585,4.1177194678271,-16.591514246274333,1,synthetic,Pronation synthétique,generated_pronation.csv
9.62,10.080606093773701,3.8512102626849782,-16.63129518797285,1,synthetic,Pronation synthétique,generated_pronation.csv
9.64,9.696110419211946,3.404210114334271,-16.685964794623935,1,synthetic,Pronation synthétique,generated_pronation.csv
9.66,8.734848085450777,3.8544406700344354,-16.12438342311446,1,synthetic,Pronation synthétique,generated_pronation.csv
9.68,8.168485928025246,3.3338084072305336,-14.331695755385203,1,synthetic,Pronation synthétique,generated_pronation.csv
9.7,6.607921299522685,3.0052376686343663,-13.791279925037374,1,synthetic,Pronation synthétique,generated_pronation.csv
9.72,5.947604708887916,2.6050116616773487,-11.397834704970498,1,synthetic,Pronation synthétique,generated_pronation.csv
9.74,5.798374910405068,2.339649302224953,-10.17955710211566,1,synthetic,Pronation synthétique,generated_pronation.csv
9.76,5.802294186582426,2.174813005657797,-9.386940466437862,1,synthetic,Pronation synthétique,generated_pronation.csv
9.78,6.824463896843917,2.182406023991722,-9.012919643946988,1,synthetic,Pronation synthétique,generated_pronation.csv
9.8,6.972351987062776,1.9978678204696025,-8.883787637840317,1,synthetic,Pronation synthétique,generated_pronation.csv
9.82,6.621189278174053,2.2756265960483297,-8.490205225674762,1,synthetic,Pronation synthétique,generated_pronation.csv
9.84,6.607835490401798,2.110613195543741,-7.981636820514641,1,synthetic,Pronation synthétique,generated_pronation.csv
9.86,7.073433844619789,2.5210257194678283,-8.624415380829628,1,synthetic,Pronation synthétique,generated_pronation.csv
9.88,7.65788679579475,2.2070221541711343,-7.6122633611233645,1,synthetic,Pronation synthétique,generated_pronation.csv
9.9,6.432736098950957,1.6471765795994826,-6.717318575425976,1,synthetic,Pronation synthétique,generated_pronation.csv
9.92,7.437059140673432,2.7318465219718773,-6.887524133290822,1,synthetic,Pronation synthétique,generated_pronation.csv
9.94,6.909773183231973,2.415808488913066,-6.600574259602004,1,synthetic,Pronation synthétique,generated_pronation.csv
9.96,7.463588077441911,2.0765564109392463,-6.90814252824096,1,synthetic,Pronation synthétique,generated_pronation.csv
9.98,6.810716782422335,2.4085148542788026,-7.268178161891602,1,synthetic,Pronation synthétique,generated_pronation.csv
10.0,7.05815731721384,2.246130364946514,-7.104904971798888,1,synthetic,Pronation synthétique,generated_pronation.csv
10.02,6.659712441313579,3.176053924124343,-6.529636339883672,1,synthetic,Pronation synthétique,generated_pronation.csv
10.04,6.833400887121255,2.738019768509425,-6.504501192781296,1,synthetic,Pronation synthétique,generated_pronation.csv
10.06,7.627746622188457,2.1810317464889732,-7.142988447011586,1,synthetic,Pronation synthétique,generated_pronation.csv
10.08,7.576548274745527,2.8904125783961434,-7.208516974221231,1,synthetic,Pronation synthétique,generated_pronation.csv
10.1,7.302263721024184,2.6775616365360078,-7.3597273677963155,1,synthetic,Pronation synthétique,generated_pronation.csv
10.12,7.325230337172078,3.4459962708173135,-8.373993740225082,1,synthetic,Pronation synthétique,generated_pronation.csv
10.14,7.171858645393609,2.621575753412638,-8.449420805116246,1,synthetic,Pronation synthétique,generated_pronation.csv
10.16,7.733898316787153,2.2987997896082817,-8.355407804924907,1,synthetic,Pronation synthétique,generated_pronation.csv
10.18,7.8683165644613595,2.9997405696588206,-8.659286683369459,1,synthetic,Pronation synthétique,generated_pronation.csv
10.2,7.886910750286608,2.8801793739906145,-9.74874099519421,1,synthetic,Pronation synthétique,generated_pronation.csv
10.22,7.847094909900569,2.8626489175889747,-9.496869504931054,1,synthetic,Pronation synthétique,generated_pronation.csv
10.24,7.471285705084879,2.361611897101976,-10.483178448001471,1,synthetic,Pronation synthétique,generated_pronation.csv
10.26,7.634934445369351,3.1659607353265256,-10.848037550233407,1,synthetic,Pronation synthétique,generated_pronation.csv
10.28,7.4923296665997094,3.607371243432931,-11.577746842520687,1,synthetic,Pronation synthétique,generated_pronation.csv
10.3,7.664045092667203,2.62356179722598,-10.94498889771269,1,synthetic,Pronation synthétique,generated_pronation.csv
10.32,7.605926030628072,3.6683462282748662,-11.663870026718948,1,synthetic,Pronation synthétique,generated_pronation.csv
10.34,6.623081523540036,3.279193072642835,-11.173299282265104,1,synthetic,Pronation synthétique,generated_pronation.csv
10.36,6.018048653202433,4.302257752693955,-12.097845590290111,1,synthetic,Pronation synthétique,generated_pronation.csv
10.38,5.619224924835383,3.867640353257276,-12.48407415052441,1,synthetic,Pronation synthétique,generated_pronation.csv
10.4,4.64039643419912,3.785217259914248,-13.453192893890412,1,synthetic,Pronation synthétique,generated_pronation.csv
10.42,3.3676417698632135,4.2179923275598625,-12.937580888391123,1,synthetic,Pronation synthétique,generated_pronation.csv
10.44,2.002229249084568,4.039984519900752,-14.084132798329744,1,synthetic,Pronation synthétique,generated_pronation.csv
10.46,-0.4453220440736563,3.6901305554121047,-14.756308033279346,1,synthetic,Pronation synthétique,generated_pronation.csv
10.48,-2.7627941167144434,4.165386902839757,-16.275824641157083,1,synthetic,Pronation synthétique,generated_pronation.csv
10.5,-6.713904059642461,4.084691139993172,-16.420948667116342,1,synthetic,Pronation synthétique,generated_pronation.csv
10.52,-11.276693230276038,4.340123051039606,-17.656970736811026,1,synthetic,Pronation synthétique,generated_pronation.csv
10.54,-16.98456907145303,6.878498126090034,-19.763024582765464,1,synthetic,Pronation synthétique,generated_pronation.csv
10.56,-23.132651164458515,8.318209736378215,-21.242287191880088,1,synthetic,Pronation synthétique,generated_pronation.csv
10.58,-28.871400863644475,10.761924270757858,-22.52965012153972,1,synthetic,Pronation synthétique,generated_pronation.csv
10.6,-32.58621215931067,13.502613042524652,-22.55385246570986,1,synthetic,Pronation synthétique,generated_pronation.csv
10.62,-35.29005820017745,14.881927981783784,-21.9091068606974,1,synthetic,Pronation synthétique,generated_pronation.csv
10.64,-36.27744434876706,16.8767765914411,-19.754895882793527,1,synthetic,Pronation synthétique,generated_pronation.csv
10.66,-35.88473202805896,18.299324953921637,-18.26606456691109,1,synthetic,Pronation synthétique,generated_pronation.csv
10.68,-34.498132046812295,18.37753118587693,-16.25564144996107,1,synthetic,Pronation synthétique,generated_pronation.csv
10.7,-32.08845335434236,18.354795157158698,-15.261050641771153,1,synthetic,Pronation synthétique,generated_pronation.csv
10.72,-29.749543139326324,18.537395314590487,-16.012732199509923,1,synthetic,Pronation synthétique,generated_pronation.csv
10.74,-25.88247605104822,16.971650173681347,-15.930682747698869,1,synthetic,Pronation synthétique,generated_pronation.csv
10.76,-21.91142549653397,16.05498921817317,-16.100598010727943,1,synthetic,Pronation synthétique,generated_pronation.csv
10.78,-18.568833502475893,15.417604624708721,-17.344601870951035,1,synthetic,Pronation synthétique,generated_pronation.csv
10.8,-14.034322758484752,14.209408776030084,-18.584415929866292,1,synthetic,Pronation synthétique,generated_pronation.csv
10.82,-10.174642456205234,13.76549119343775,-18.99364673037827,1,synthetic,Pronation synthétique,generated_pronation.csv
10.84,-6.616699360157221,12.5566271646098,-20.532572066647205,1,synthetic,Pronation synthétique,generated_pronation.csv
10.86,-3.2300621589522844,12.16736799807589,-20.792351649568637,1,synthetic,Pronation synthétique,generated_pronation.csv
10.88,-0.0058219986896757975,10.88081962533544,-21.105621572833524,1,synthetic,Pronation synthétique,generated_pronation.csv
10.9,2.642178248171423,9.70653914663154,-21.372025037605624,1,synthetic,Pronation synthétique,generated_pronation.csv
10.92,5.275173974143884,8.419591522439465,-22.018161228438785,1,synthetic,Pronation synthétique,generated_pronation.csv
10.94,7.27161867880981,8.187491740899292,-21.640043708278533,1,synthetic,Pronation synthétique,generated_pronation.csv
10.96,9.25552119276735,7.467278082231228,-21.361256582239395,1,synthetic,Pronation synthétique,generated_pronation.csv
10.98,10.347285346135358,7.57732730890273,-22.007149710220187,1,synthetic,Pronation synthétique,generated_pronation.csv
11.0,11.819085557366842,7.078800425861276,-21.74614056099882,1,synthetic,Pronation synthétique,generated_pronation.csv
11.02,12.287062617575153,6.556657775862002,-22.492148827047217,1,synthetic,Pronation synthétique,generated_pronation.csv
11.04,12.047005132085284,6.538131469873614,-22.118770638995503,1,synthetic,Pronation synthétique,generated_pronation.csv
11.06,11.219066452637179,5.854579321967609,-20.21698885696774,1,synthetic,Pronation synthétique,generated_pronation.csv
11.08,10.013915043783275,4.673870944349229,-18.223932589052474,1,synthetic,Pronation synthétique,generated_pronation.csv
11.1,7.660653660458863,4.3971365912660385,-15.909092233250579,1,synthetic,Pronation synthétique,generated_pronation.csv
11.12,7.203703522100158,3.19309812747563,-13.561104093185206,1,synthetic,Pronation synthétique,generated_pronation.csv
11.14,6.409102691969027,2.7888260839634,-11.34547460484545,1,synthetic,Pronation synthétique,generated_pronation.csv
11.16,5.8926296426911176,2.603850954544465,-9.36173663771923,1,synthetic,Pronation synthétique,generated_pronation.csv
11.18,6.099249861694278,2.266402860830541,-8.427602592162648,1,synthetic,Pronation synthétique,generated_pronation.csv
11.2,6.17910819095666,2.350867493252481,-8.360089888509199,1,synthetic,Pronation synthétique,generated_pronation.csv
11.22,6.400379051288914,2.5373604888335337,-8.407974770163545,1,synthetic,Pronation synthétique,generated_pronation.csv
11.24,6.720558869789784,3.0688429592092543,-7.1850366306694315,1,synthetic,Pronation synthétique,generated_pronation.csv
11.26,6.746057609337658,3.1182539013442745,-7.221875298226309,1,synthetic,Pronation synthétique,generated_pronation.csv
11.28,6.659840497650311,2.6300006313003212,-7.088864619387001,1,synthetic,Pronation synthétique,generated_pronation.csv
11.3,6.1772735105129595,3.2399381300099916,-7.14143034725971,1,synthetic,Pronation synthétique,generated_pronation.csv
11.32,6.757146004842758,2.79076906755662,-6.41256059695218,1,synthetic,Pronation synthétique,generated_pronation.csv
11.34,6.948543129297269,2.968218778914218,-6.988894943274546,1,synthetic,Pronation synthétique,generated_pronation.csv
11.36,6.928864324158243,3.181966644080521,-6.789917074946215,1,synthetic,Pronation synthétique,generated_pronation.csv
11.38,6.673965121258128,3.0813192602192356,-7.500838341209693,1,synthetic,Pronation synthétique,generated_pronation.csv
11.4,6.132528251936348,3.8012628610081682,-7.140983052970641,1,synthetic,Pronation synthétique,generated_pronation.csv
11.42,6.951648046967299,3.253399962317742,-7.232237708839818,1,synthetic,Pronation synthétique,generated_pronation.csv
11.44,6.68015605191639,2.918635626081685,-7.146401208624721,1,synthetic,Pronation synthétique,generated_pronation.csv
11.46,6.045067609682708,3.764106879580633,-7.262154494287114,1,synthetic,Pronation synthétique,generated_pronation.csv
11.48,7.0014827565436795,3.322766452886274,-7.90356755216419,1,synthetic,Pronation synthétique,generated_pronation.csv
11.5,6.457637171251463,3.405016719582877,-7.573234046654449,1,synthetic,Pronation synthétique,generated_pronation.csv
11.52,6.458547491832413,2.629533794892053,-8.901662515312895,1,synthetic,Pronation synthétique,generated_pronation.csv
11.54,6.5353856803466845,3.859760246521641,-9.225631598712182,1,synthetic,Pronation synthétique,generated_pronation.csv
11.56,6.8707057905150055,3.847469110470651,-9.482735352436256,1,synthetic,Pronation synthétique,generated_pronation.csv
11.58,6.033783177470751,3.905206173125462,-10.371271884635425,1,synthetic,Pronation synthétique,generated_pronation.csv
11.6,5.8284012609598435,4.0465392359394405,-10.250759821719296,1,synthetic,Pronation synthétique,generated_pronation.csv
11.62,5.770410854882183,4.3571861095315425,-10.673981590410802,1,synthetic,Pronation synthétique,generated_pronation.csv
11.64,5.024976561603576,3.9074134958547218,-11.411166222192142,1,synthetic,Pronation synthétique,generated_pronation.csv
11.66,3.6694084928663715,4.225357091744557,-11.229514745601449,1,synthetic,Pronation synthétique,generated_pronation.csv
11.68,2.623337190676144,3.7012225626953947,-12.335707052468692,1,synthetic,Pronation synthétique,generated_pronation.csv
11.7,0.9362894708459264,3.7053997580038907,-12.980032014123722,1,synthetic,Pronation synthétique,generated_pronation.csv
11.72,-0.7309721859643825,3.9256687185789767,-14.15342996180198,1,synthetic,Pronation synthétique,generated_pronation.csv
11.74,-2.7759999779235915,3.593085500992498,-15.353714606282967,1,synthetic,Pronation synthétique,generated_pronation.csv
11.76,-6.143182164925815,3.176764628484319,-16.286969237656603,1,synthetic,Pronation synthétique,generated_pronation.csv
11.78,-10.90398661151108,4.1242949302067915,-17.614792502466816,1,synthetic,Pronation synthétique,generated_pronation.csv
11.8,-16.678703114318814,4.987062364813309,-19.173090103779423,1,synthetic,Pronation synthétique,generated_pronation.csv
11.82,-24.479661051718487,6.790795361001303,-20.54736317746989,1,synthetic,Pronation synthétique,generated_pronation.csv
11.84,-32.44876695032198,9.787465607711365,-22.83604669313002,1,synthetic,Pronation synthétique,generated_pronation.csv
11.86,-39.25467396613184,11.741903628054665,-22.801895792172125,1,synthetic,Pronation synthétique,generated_pronation.csv
11.88,-43.90691547521442,13.310195297840089,-21.942115573322816,1,synthetic,Pronation synthétique,generated_pronation.csv
11.9,-46.92020280131429,15.177000079147371,-19.169650430700994,1,synthetic,Pronation synthétique,generated_pronation.csv
11.92,-48.263986995333966,17.221955921492068,-17.24353199859881,1,synthetic,Pronation synthétique,generated_pronation.csv
11.94,-46.81375314458261,16.152201617209403,-14.66741539853838,1,synthetic,Pronation synthétique,generated_pronation.csv
11.96,-44.0072432747915,16.356164371243512,-12.964255919111473,1,synthetic,Pronation synthétique,generated_pronation.csv
11.98,-41.79640049077205,16.226599020916257,-11.88090731945759,1,synthetic,Pronation synthétique,generated_pronation.csv
12.0,-38.02458376476407,15.63450301797835,-12.446396164546945,1,synthetic,Pronation synthétique,generated_pronation.csv
12.02,-32.541871654550455,14.028332574026106,-12.754176650340167,1,synthetic,Pronation synthétique,generated_pronation.csv
12.04,-28.014753504680673,13.873566506210288,-14.241431632748581,1,synthetic,Pronation synthétique,generated_pronation.csv
12.06,-23.09599475229968,14.055574632532315,-14.230611990529933,1,synthetic,Pronation synthétique,generated_pronation.csv
12.08,-18.725197659757793,14.176458703685212,-15.287503221709843,1,synthetic,Pronation synthétique,generated_pronation.csv
12.1,-13.39595193574298,13.66532678247691,-16.095966444983425,1,synthetic,Pronation synthétique,generated_pronation.csv
12.12,-8.77334819409721,13.428866728776809,-16.93934954215843,1,synthetic,Pronation synthétique,generated_pronation.csv
12.14,-4.395413250337284,13.725691761252232,-18.304230563961603,1,synthetic,Pronation synthétique,generated_pronation.csv
12.16,-0.8265166076281162,13.02986943193844,-18.896330195835898,1,synthetic,Pronation synthétique,generated_pronation.csv
12.18,2.947505995784479,11.7118618007655,-19.075809547386434,1,synthetic,Pronation synthétique,generated_pronation.csv
12.2,6.138026693411555,9.91533710908785,-19.32318434670116,1,synthetic,Pronation synthétique,generated_pronation.csv
12.22,8.51705012729411,8.332555666407753,-19.063838458526178,1,synthetic,Pronation synthétique,generated_pronation.csv
12.24,9.968693305165878,6.171523468405025,-18.395955896810477,1,synthetic,Pronation synthétique,generated_pronation.csv
12.26,11.151622470439381,4.422966250625697,-18.239381457376172,1,synthetic,Pronation synthétique,generated_pronation.csv
12.28,11.867962656313445,2.1794490465111203,-17.317634786330483,1,synthetic,Pronation synthétique,generated_pronation.csv
12.3,9.924422877251862,1.6750426332448283,-16.88198736908349,1,synthetic,Pronation synthétique,generated_pronation.csv
12.32,9.254249685580431,0.8071136561314363,-15.626934251360352,1,synthetic,Pronation synthétique,generated_pronation.csv
12.34,8.085512530171298,0.1563732520180981,-13.554878061436773,1,synthetic,Pronation synthétique,generated_pronation.csv
12.36,7.0828404972681325,0.5757390181011747,-13.140263884900545,1,synthetic,Pronation synthétique,generated_pronation.csv
12.38,6.913778174623497,0.4848557392469056,-11.039284529643195,1,synthetic,Pronation synthétique,generated_pronation.csv
12.4,6.931727900128525,0.09979220662979806,-8.70364928184152,1,synthetic,Pronation synthétique,generated_pronation.csv
12.42,7.0886941349289225,0.4556163306118427,-9.046130202265601,1,synthetic,Pronation synthétique,generated_pronation.csv
12.44,7.316295118604193,0.03948754310169067,-9.184169222110633,1,synthetic,Pronation synthétique,generated_pronation.csv
12.46,7.692701291773314,0.44348814379418305,-7.881257386449663,1,synthetic,Pronation synthétique,generated_pronation.csv
12.48,7.206832322691079,0.6935517517723822,-8.21749361428701,1,synthetic,Pronation synthétique,generated_pronation.csv
12.5,7.46451647187706,0.6994602431673549,-8.662306387552201,1,synthetic,Pronation synthétique,generated_pronation.csv
12.52,7.64463068704325,0.9884307970953854,-8.054599638571185,1,synthetic,Pronation synthétique,generated_pronation.csv
12.54,7.955755638971505,0.3356661548686202,-8.53566834864275,1,synthetic,Pronation synthétique,generated_pronation.csv
12.56,7.2403353030728725,0.267684500352612,-8.588585651387811,1,synthetic,Pronation synthétique,generated_pronation.csv
12.58,7.2133674549524605,0.8079453159787391,-8.226856957542237,1,synthetic,Pronation synthétique,generated_pronation.csv
12.6,7.227765342179648,0.9061165038519865,-8.50565362075169,1,synthetic,Pronation synthétique,generated_pronation.csv
12.62,7.5196449550616915,1.4416373658657395,-9.044608897268578,1,synthetic,Pronation synthétique,generated_pronation.csv
12.64,7.042642149988601,1.0319036788784552,-9.311806758571663,1,synthetic,Pronation synthétique,generated_pronation.csv
12.66,7.396065636450916,0.6236209902300469,-10.050520407232282,1,synthetic,Pronation synthétique,generated_pronation.csv
12.68,6.534961302785124,1.179441539528924,-10.27261580737931,1,synthetic,Pronation synthétique,generated_pronation.csv
12.7,6.615474845120736,0.7471811528205848,-10.732441309269642,1,synthetic,Pronation synthétique,generated_pronation.csv
12.72,6.414297411003812,0.6573782582215382,-10.813168470183774,1,synthetic,Pronation synthétique,generated_pronation.csv
12.74,6.445194362992129,2.0361058856767813,-11.42935170422245,1,synthetic,Pronation synthétique,generated_pronation.csv
12.76,6.134039124763268,1.5227912986687853,-11.926011518502436,1,synthetic,Pronation synthétique,generated_pronation.csv
12.78,4.879896878226938,1.8121236885021517,-12.196456142986968,1,synthetic,Pronation synthétique,generated_pronation.csv
12.8,4.378918750072347,1.894082469609951,-12.240264938443387,1,synthetic,Pronation synthétique,generated_pronation.csv
12.82,3.8705084281406714,2.3124858764053857,-12.204041576293609,1,synthetic,Pronation synthétique,generated_pronation.csv
12.84,2.4505914578726595,1.8098982621174828,-13.035294157915123,1,synthetic,Pronation synthétique,generated_pronation.csv
12.86,0.6627204351358609,1.968809826810582,-14.246570765865211,1,synthetic,Pronation synthétique,generated_pronation.csv
12.88,-0.6241990565954831,1.1565443027286075,-14.634004352222169,1,synthetic,Pronation synthétique,generated_pronation.csv
12.9,-3.722381719659806,1.052169711691845,-16.25023639915996,1,synthetic,Pronation synthétique,generated_pronation.csv
12.92,-8.022687007699746,2.4851114256173843,-16.920549118811326,1,synthetic,Pronation synthétique,generated_pronation.csv
12.94,-14.359885632387305,4.144643416024332,-19.110545193821526,1,synthetic,Pronation synthétique,generated_pronation.csv
12.96,-21.05063627280009,6.611300895223348,-20.474775547172875,1,synthetic,Pronation synthétique,generated_pronation.csv
12.98,-29.107312593666016,10.015744929496567,-21.96699748804342,1,synthetic,Pronation synthétique,generated_pronation.csv
13.0,-34.802269502196474,13.566270321988194,-22.380940498046094,1,synthetic,Pronation synthétique,generated_pronation.csv
13.02,-39.99668187323202,16.284554154140487,-20.946716887462912,1,synthetic,Pronation synthétique,generated_pronation.csv
13.04,-42.9872165342624,19.493765513412985,-19.309431880663464,1,synthetic,Pronation synthétique,generated_pronation.csv
13.06,-43.42902445895451,20.509714442766374,-16.757327156329204,1,synthetic,Pronation synthétique,generated_pronation.csv
13.08,-42.61075969253819,20.109513290201313,-14.298085540753917,1,synthetic,Pronation synthétique,generated_pronation.csv
13.1,-40.93249300489751,19.087252076642862,-12.579821421274161,1,synthetic,Pronation synthétique,generated_pronation.csv
13.12,-38.814587443556476,18.16478669010536,-13.85341058279975,1,synthetic,Pronation synthétique,generated_pronation.csv
13.14,-35.65443641417178,16.059006016462895,-14.52261106389258,1,synthetic,Pronation synthétique,generated_pronation.csv
13.16,-31.6204337130612,14.286294459619382,-15.4575618957644,1,synthetic,Pronation synthétique,generated_pronation.csv
13.18,-27.756245963552793,12.709715950086405,-15.449680628659767,1,synthetic,Pronation synthétique,generated_pronation.csv
13.2,-23.149858980509897,12.544507347005732,-16.72831989113954,1,synthetic,Pronation synthétique,generated_pronation.csv
13.22,-19.26143173936808,12.459253124337895,-16.86193593698751,1,synthetic,Pronation synthétique,generated_pronation.csv
13.24,-14.757079088913516,11.191076055478291,-17.04550959955577,1,synthetic,Pronation synthétique,generated_pronation.csv
13.26,-9.788072318358928,10.82920260205446,-18.26315247629521,1,synthetic,Pronation synthétique,generated_pronation.csv
13.28,-5.013157652348079,10.509079348060439,-18.357203182870926,1,synthetic,Pronation synthétique,generated_pronation.csv
13.3,-0.7043573021195516,9.61435911315524,-19.393271079808482,1,synthetic,Pronation synthétique,generated_pronation.csv
13.32,2.7757912160953793,8.245540168493946,-20.597695346953913,1,synthetic,Pronation synthétique,generated_pronation.csv
13.34,6.5074043703117725,5.999993949723303,-21.014216931640828,1,synthetic,Pronation synthétique,generated_pronation.csv
13.36,10.259057044737089,4.9638108364320805,-21.30675734303978,1,synthetic,Pronation synthétique,generated_pronation.csv
13.38,12.573904348134334,2.9379058263064106,-21.12931271728945,1,synthetic,Pronation synthétique,generated_pronation.csv
13.4,14.446312807206315,1.9625781113972334,-20.658266944388288,1,synthetic,Pronation synthétique,generated_pronation.csv
13.42,16.170937969625317,1.884061436694184,-21.447114441387843,1,synthetic,Pronation synthétique,generated_pronation.csv
13.44,16.66062358177567,1.6400058608471584,-23.019148126506607,1,synthetic,Pronation synthétique,generated_pronation.csv
13.46,16.06928665783439,1.9850203530764556,-23.74031185210886,1,synthetic,Pronation synthétique,generated_pronation.csv
13.48,14.995660877130085,2.2192656558536688,-23.444489095894003,1,synthetic,Pronation synthétique,generated_pronation.csv
13.5,12.848843089818377,1.2857310071750956,-22.199219649425284,1,synthetic,Pronation synthétique,generated_pronation.csv
13.52,11.259576221467999,1.5015574257179545,-21.85639220157556,1,synthetic,Pronation synthétique,generated_pronation.csv
13.54,9.061633434639143,0.49584482455895923,-18.80426018548645,1,synthetic,Pronation synthétique,generated_pronation.csv
13.56,7.652947279239455,0.23581123849789193,-16.579107524372827,1,synthetic,Pronation synthétique,generated_pronation.csv
13.58,6.3431836608610785,0.4643930704786294,-16.56644044447519,1,synthetic,Pronation synthétique,generated_pronation.csv
13.6,6.362610266459392,0.3850090706484362,-16.487592219994532,1,synthetic,Pronation synthétique,generated_pronation.csv
13.62,6.1402163587476375,-0.5438412085397337,-15.128604626617074,1,synthetic,Pronation synthétique,generated_pronation.csv
13.64,6.4422741458135135,-0.5069981102302951,-14.371848362210942,1,synthetic,Pronation synthétique,generated_pronation.csv
13.66,6.045321042555764,-0.42563724516211193,-13.90218285744896,1,synthetic,Pronation synthétique,generated_pronation.csv
13.68,6.29733902242567,-0.8238378946032388,-14.04657042314807,1,synthetic,Pronation synthétique,generated_pronation.csv
13.7,6.155079139248017,-0.8213761809118139,-13.402309845299076,1,synthetic,Pronation synthétique,generated_pronation.csv
13.72,6.758192352673586,-0.7252109129274675,-12.821264650762657,1,synthetic,Pronation synthétique,generated_pronation.csv
13.74,6.412515898982456,-0.11287267234090423,-12.208328058186,1,synthetic,Pronation synthétique,generated_pronation.csv
13.76,6.070227090510761,-0.16372789912437802,-12.707736945366003,1,synthetic,Pronation synthétique,generated_pronation.csv
13.78,6.083248688510868,0.15822404811758545,-12.228414674193138,1,synthetic,Pronation synthétique,generated_pronation.csv
13.8,5.903379744490909,0.21351759988644387,-12.684234503800655,1,synthetic,Pronation synthétique,generated_pronation.csv
13.82,5.956543232828165,-0.12869210107225082,-12.162707033068225,1,synthetic,Pronation synthétique,generated_pronation.csv
13.84,4.96314829554505,0.2981570608587232,-13.19223489018099,1,synthetic,Pronation synthétique,generated_pronation.csv
13.86,4.832502040468092,-0.17958561436851378,-13.847866925211733,1,synthetic,Pronation synthétique,generated_pronation.csv
13.88,4.623496647318716,1.1375138512229142,-14.412596876608157,1,synthetic,Pronation synthétique,generated_pronation.csv
13.9,5.06275271723385,1.0610322386212772,-14.47248280921313,1,synthetic,Pronation synthétique,generated_pronation.csv
13.92,4.05084677745256,0.9183234429999166,-15.05668537396673,1,synthetic,Pronation synthétique,generated_pronation.csv
13.94,3.1279851630018958,0.9145805618084373,-16.008708795370975,1,synthetic,Pronation synthétique,generated_pronation.csv
13.96,2.647542807698089,1.6408803549107804,-16.0743176296969,1,synthetic,Pronation synthétique,generated_pronation.csv
13.98,2.1972964496981717,1.1833651605736883,-17.081292329526093,1,synthetic,Pronation synthétique,generated_pronation.csv
14.0,0.47063385604238994,1.6563484699274886,-17.572337607168762,1,synthetic,Pronation synthétique,generated_pronation.csv
14.02,-0.8830778868088296,2.205344788897488,-18.57959421616899,1,synthetic,Pronation synthétique,generated_pronation.csv
14.04,-2.1238623939497763,2.0656882930434146,-19.683991065333156,1,synthetic,Pronation synthétique,generated_pronation.csv
14.06,-4.673429635104468,2.0174805787685686,-20.87952810419347,1,synthetic,Pronation synthétique,generated_pronation.csv
14.08,-7.86276045397826,2.830318272372118,-22.687620676269393,1,synthetic,Pronation synthétique,generated_pronation.csv
14.1,-12.596101740273172,3.257167593152194,-24.396026915618872,1,synthetic,Pronation synthétique,generated_pronation.csv
14.12,-17.69908232503823,5.343886865327528,-26.695623616905134,1,synthetic,Pronation synthétique,generated_pronation.csv
14.14,-25.38209673029655,7.553218987151358,-29.515533988995553,1,synthetic,Pronation synthétique,generated_pronation.csv
14.16,-34.88885950229384,11.134092334907457,-32.160263241046316,1,synthetic,Pronation synthétique,generated_pronation.csv
14.18,-43.46844621619711,14.285936650366637,-33.15136907901821,1,synthetic,Pronation synthétique,generated_pronation.csv
14.2,-49.57867708084044,15.517115434127108,-33.66304691197955,1,synthetic,Pronation synthétique,generated_pronation.csv
14.22,-51.88324085254057,18.18110581767202,-31.623878737487278,1,synthetic,Pronation synthétique,generated_pronation.csv
14.24,-53.88801757457965,18.762546286639747,-27.625669686392875,1,synthetic,Pronation synthétique,generated_pronation.csv
14.26,-52.46867003818628,19.4140022583828,-23.374489147822377,1,synthetic,Pronation synthétique,generated_pronation.csv
14.28,-49.15675609990452,18.425127258436238,-18.86092267895709,1,synthetic,Pronation synthétique,generated_pronation.csv
14.3,-47.20682954541441,18.851523442086492,-15.970464735744073,1,synthetic,Pronation synthétique,generated_pronation.csv
14.32,-44.86252226535432,17.36585453871157,-14.443984189897826,1,synthetic,Pronation synthétique,generated_pronation.csv
14.34,-39.48649201771186,15.924275611540732,-13.301934457444693,1,synthetic,Pronation synthétique,generated_pronation.csv
14.36,-34.53789950757367,14.86975727605855,-12.931987121752005,1,synthetic,Pronation synthétique,generated_pronation.csv
14.38,-29.345060681473804,13.951200587652348,-13.824010650150031,1,synthetic,Pronation synthétique,generated_pronation.csv
14.4,-24.14155472755613,12.618689769621168,-14.623467134986239,1,synthetic,Pronation synthétique,generated_pronation.csv
14.42,-18.482099813138493,12.455959799117531,-15.750495845360696,1,synthetic,Pronation synthétique,generated_pronation.csv
14.44,-13.410459270018503,10.770383006975097,-16.66333996420553,1,synthetic,Pronation synthétique,generated_pronation.csv
14.46,-6.8374465853121285,9.830831962880117,-17.17247987036109,1,synthetic,Pronation synthétique,generated_pronation.csv
14.48,-1.9080028564752902,8.486372055709957,-18.419432784750065,1,synthetic,Pronation synthétique,generated_pronation.csv
14.5,3.0879295587622027,6.970463024294274,-19.8995703147647,1,synthetic,Pronation synthétique,generated_pronation.csv
14.52,7.722259050026571,4.716079411159396,-20.676062054643197,1,synthetic,Pronation synthétique,generated_pronation.csv
14.54,10.770926351862977,4.524077945911213,-21.39174980064801,1,synthetic,Pronation synthétique,generated_pronation.csv
14.56,12.81431343286316,3.4333572621414135,-22.065611474212425,1,synthetic,Pronation synthétique,generated_pronation.csv
14.58,14.585663010998863,2.8653672636930216,-23.662108919411704,1,synthetic,Pronation synthétique,generated_pronation.csv
14.6,15.191894250575727,2.804244082594239,-24.17667704969319,1,synthetic,Pronation synthétique,generated_pronation.csv
14.62,14.5735682794459,2.726522733516732,-24.452858796345087,1,synthetic,Pronation synthétique,generated_pronation.csv
14.64,11.833211364067985,2.4864493787464643,-21.775612893171086,1,synthetic,Pronation synthétique,generated_pronation.csv
14.66,8.905504197657336,2.9156819608866833,-18.8783956487989,1,synthetic,Pronation synthétique,generated_pronation.csv
14.68,7.772427454806724,2.197216374686116,-15.822647476215684,1,synthetic,Pronation synthétique,generated_pronation.csv
14.7,5.535005799699333,1.3862749540690915,-13.295426569338984,1,synthetic,Pronation synthétique,generated_pronation.csv
14.72,5.250849298482342,1.2408094196391708,-11.222402568360256,1,synthetic,Pronation synthétique,generated_pronation.csv
14.74,6.091609259164902,1.9477718446187942,-10.179798024450514,1,synthetic,Pronation synthétique,generated_pronation.csv
14.76,6.359578242089632,1.2432871373793632,-9.782430329623288,1,synthetic,Pronation synthétique,generated_pronation.csv
14.78,6.520914234576846,1.198622547609878,-9.351422145034034,1,synthetic,Pronation synthétique,generated_pronation.csv
14.8,6.428202943931022,1.87286574801833,-8.977717923315646,1,synthetic,Pronation synthétique,generated_pronation.csv
14.82,6.402028462385008,1.6220631880138512,-8.796995517650922,1,synthetic,Pronation synthétique,generated_pronation.csv
14.84,5.982974139542496,1.5949467443692045,-8.55830140081201,1,synthetic,Pronation synthétique,generated_pronation.csv
14.86,6.425777717117094,1.4325574344181247,-8.465026076843339,1,synthetic,Pronation synthétique,generated_pronation.csv
14.88,6.859963088816992,1.1976015068338846,-8.72273708318523,1,synthetic,Pronation synthétique,generated_pronation.csv
14.9,6.790342698968665,1.3393505442693678,-8.372146123285876,1,synthetic,Pronation synthétique,generated_pronation.csv
14.92,6.406833396456793,1.5678728614115982,-8.171245289018671,1,synthetic,Pronation synthétique,generated_pronation.csv
14.94,6.036189237530208,1.6633608099048087,-8.399421621018954,1,synthetic,Pronation synthétique,generated_pronation.csv
14.96,5.368357105774692,1.8588858399963073,-8.164313285329184,1,synthetic,Pronation synthétique,generated_pronation.csv
14.98,5.747512406785348,1.9590847115517376,-7.487935523494465,1,synthetic,Pronation synthétique,generated_pronation.csv
15.0,4.980896919545362,1.943374215757068,-8.20647948849494,1,synthetic,Pronation synthétique,generated_pronation.csv
15.02,4.597790093602878,2.0663005708795033,-7.350916762018981,1,synthetic,Pronation synthétique,generated_pronation.csv
15.04,4.077857983034654,1.8554263389998638,-7.447724044758498,1,synthetic,Pronation synthétique,generated_pronation.csv
15.06,3.6091133382261713,1.6679960020708657,-7.459340638696448,1,synthetic,Pronation synthétique,generated_pronation.csv
15.08,2.7693422480695418,2.2607275934328195,-7.168267108491238,1,synthetic,Pronation synthétique,generated_pronation.csv
15.1,2.015327917632396,2.1071204868630673,-7.174969572170522,1,synthetic,Pronation synthétique,generated_pronation.csv
15.12,0.7177518422273308,2.0386219487587063,-7.118353926555975,1,synthetic,Pronation synthétique,generated_pronation.csv
15.14,-0.3499377905462592,1.8511657972299431,-8.030753167080208,1,synthetic,Pronation synthétique,generated_pronation.csv
15.16,-1.1433082419979899,1.1731592821720125,-8.695351010964128,1,synthetic,Pronation synthétique,generated_pronation.csv
15.18,-4.047198026079735,0.8328402130876522,-9.714546731318505,1,synthetic,Pronation synthétique,generated_pronation.csv
15.2,-7.124835167734623,0.8877714914566968,-10.27376909662092,1,synthetic,Pronation synthétique,generated_pronation.csv
15.22,-11.271320386773848,1.12278821495202,-11.970640183446541,1,synthetic,Pronation synthétique,generated_pronation.csv
15.24,-17.213963190340873,1.9662291406990091,-14.106213738725334,1,synthetic,Pronation synthétique,generated_pronation.csv
15.26,-25.232134918219373,4.314479826158641,-15.360919146573,1,synthetic,Pronation synthétique,generated_pronation.csv
15.28,-33.857234171908196,6.976423132926066,-16.75321748939568,1,synthetic,Pronation synthétique,generated_pronation.csv
15.3,-41.138662815884395,9.936030497651583,-16.93931761786576,1,synthetic,Pronation synthétique,generated_pronation.csv
15.32,-46.285003518167414,13.044689693335167,-15.905107030630676,1,synthetic,Pronation synthétique,generated_pronation.csv
15.34,-50.01057127350722,15.584874782833442,-13.706525126157608,1,synthetic,Pronation synthétique,generated_pronation.csv
15.36,-51.48952423836503,16.448129307894497,-13.164063270507066,1,synthetic,Pronation synthétique,generated_pronation.csv
15.38,-50.89672079590804,17.38045357425285,-10.44076135749847,1,synthetic,Pronation synthétique,generated_pronation.csv
15.4,-48.67644328681746,16.71523822211159,-9.497838147240483,1,synthetic,Pronation synthétique,generated_pronation.csv
15.42,-46.97625679712364,15.801656515735075,-9.892701533970131,1,synthetic,Pronation synthétique,generated_pronation.csv
15.44,-42.89600210049463,14.242826010341801,-10.268815795771935,1,synthetic,Pronation synthétique,generated_pronation.csv
15.46,-39.361683075765136,13.904120334950798,-11.239489097190791,1,synthetic,Pronation synthétique,generated_pronation.csv
15.48,-34.132145328883844,12.55113736133791,-11.935961934475834,1,synthetic,Pronation synthétique,generated_pronation.csv
15.5,-29.007522016034656,12.324332669634265,-12.446947336473393,1,synthetic,Pronation synthétique,generated_pronation.csv
15.52,-23.570362052347903,12.542912358561713,-14.143972456103741,1,synthetic,Pronation synthétique,generated_pronation.csv
15.54,-18.21108791841346,12.884359658706762,-14.284451867869484,1,synthetic,Pronation synthétique,generated_pronation.csv
15.56,-12.4234110005865,12.46477422398497,-15.761580282002344,1,synthetic,Pronation synthétique,generated_pronation.csv
15.58,-8.095605605853532,11.924102043612233,-16.383614258931715,1,synthetic,Pronation synthétique,generated_pronation.csv
15.6,-2.3836705242372016,11.587674778704526,-17.93724780837069,1,synthetic,Pronation synthétique,generated_pronation.csv
15.62,2.0859400455065664,9.68915649044,-18.570608150070193,1,synthetic,Pronation synthétique,generated_pronation.csv
15.64,6.132707486101112,7.912646384247892,-19.28084204423307,1,synthetic,Pronation synthétique,generated_pronation.csv
15.66,10.229236108872058,6.706147409316305,-19.233734901781744,1,synthetic,Pronation synthétique,generated_pronation.csv
15.68,12.749101319993608,5.078693525697651,-19.292863264931178,1,synthetic,Pronation synthétique,generated_pronation.csv
15.7,14.220482693159068,3.9683892437712625,-19.390962860370255,1,synthetic,Pronation synthétique,generated_pronation.csv
15.72,15.526248895553003,2.745003743499393,-19.020398818108287,1,synthetic,Pronation synthétique,generated_pronation.csv
15.74,15.125843185274956,3.4362159331577957,-19.152732122298126,1,synthetic,Pronation synthétique,generated_pronation.csv
15.76,13.519985040503153,3.68350417786875,-18.774970406009626,1,synthetic,Pronation synthétique,generated_pronation.csv
15.78,11.380275723140114,4.15378007413888,-18.965672791960113,1,synthetic,Pronation synthétique,generated_pronation.csv
15.8,9.152295809205157,3.368067565125836,-17.322224782119626,1,synthetic,Pronation synthétique,generated_pronation.csv
15.82,7.8313690125816855,3.7238213329927077,-15.636306426267955,1,synthetic,Pronation synthétique,generated_pronation.csv
15.84,5.972577170006594,3.1316562789761475,-14.578595211704139,1,synthetic,Pronation synthétique,generated_pronation.csv
15.86,5.472529579271065,2.244636673959705,-12.887175809484203,1,synthetic,Pronation synthétique,generated_pronation.csv
15.88,6.040571073994263,2.420033331598742,-11.896371345111639,1,synthetic,Pronation synthétique,generated_pronation.csv
15.9,6.31422938499379,2.899559139857103,-11.665201015253615,1,synthetic,Pronation synthétique,generated_pronation.csv
15.92,6.324962542701961,2.412794376814181,-11.841656908707161,1,synthetic,Pronation synthétique,generated_pronation.csv
15.94,6.890093513473029,2.505224169891181,-11.028974632639938,1,synthetic,Pronation synthétique,generated_pronation.csv
15.96,6.5301414158322055,3.1043525322245467,-10.85683313256423,1,synthetic,Pronation synthétique,generated_pronation.csv
15.98,6.1172178241946655,3.2529557414938868,-10.709896760380694,1,synthetic,Pronation synthétique,generated_pronation.csv
16.0,6.830612526367256,3.3256120996564893,-10.576584021142427,1,synthetic,Pronation synthétique,generated_pronation.csv
16.02,6.549020342040171,2.8465377492731667,-10.42966307758577,1,synthetic,Pronation synthétique,generated_pronation.csv
16.04,6.608587793747545,3.106401914381702,-10.655104498177407,1,synthetic,Pronation synthétique,generated_pronation.csv
16.06,6.51041165418985,3.4441587103467635,-10.501917183393344,1,synthetic,Pronation synthétique,generated_pronation.csv
16.080000000000002,6.6136425476980465,2.9383980416808826,-10.215547084013807,1,synthetic,Pronation synthétique,generated_pronation.csv
16.1,6.4146454992889135,2.8989258464940213,-10.563886908584339,1,synthetic,Pronation synthétique,generated_pronation.csv
16.12,6.727643303971423,3.363760877347104,-10.323234696206026,1,synthetic,Pronation synthétique,generated_pronation.csv
16.14,6.444183204241678,3.5838143168647827,-11.305016973338372,1,synthetic,Pronation synthétique,generated_pronation.csv
16.16,6.350856565495961,2.788313799652644,-12.306437550085166,1,synthetic,Pronation synthétique,generated_pronation.csv
16.18,6.2227649649387695,2.4102386351256744,-12.098596483978126,1,synthetic,Pronation synthétique,generated_pronation.csv
16.2,5.447000667252464,2.8464178530703417,-12.359380547836514,1,synthetic,Pronation synthétique,generated_pronation.csv
16.22,5.4974434278701745,3.111920296414918,-12.808610604307471,1,synthetic,Pronation synthétique,generated_pronation.csv
16.240000000000002,4.9765964563075435,3.5255597647802777,-13.43020888334491,1,synthetic,Pronation synthétique,generated_pronation.csv
16.26,4.419030172148321,3.8903326759452836,-14.254165685566628,1,synthetic,Pronation synthétique,generated_pronation.csv
16.28,3.025343286263441,3.757819425508863,-14.15201306435676,1,synthetic,Pronation synthétique,generated_pronation.csv
16.3,2.6384013083918236,3.6129149688420354,-15.448267847081437,1,synthetic,Pronation synthétique,generated_pronation.csv
16.32,0.49768976698988276,3.7922883954126667,-15.741261857943513,1,synthetic,Pronation synthétique,generated_pronation.csv
16.34,-2.1790451125591095,3.332986920468967,-16.92358806024905,1,synthetic,Pronation synthétique,generated_pronation.csv
16.36,-5.459902211536383,3.5134165527286916,-18.248651594250756,1,synthetic,Pronation synthétique,generated_pronation.csv
16.38,-9.434017946442044,3.5698873556855335,-18.820132767081,1,synthetic,Pronation synthétique,generated_pronation.csv
16.4,-15.365668899291109,5.537785615287583,-21.719741410674445,1,synthetic,Pronation synthétique,generated_pronation.csv
16.42,-23.26839732259334,6.658031901492456,-23.05722689225741,1,synthetic,Pronation synthétique,generated_pronation.csv
16.44,-32.70671540661905,8.576306669740537,-24.663648477557114,1,synthetic,Pronation synthétique,generated_pronation.csv
16.46,-42.89757019699335,11.090844899409772,-26.190557091256895,1,synthetic,Pronation synthétique,generated_pronation.csv
16.48,-50.137174882662556,12.156673976351614,-26.107075555627585,1,synthetic,Pronation synthétique,generated_pronation.csv
16.5,-54.67185304916995,12.010898564765174,-24.815346634793254,1,synthetic,Pronation synthétique,generated_pronation.csv
16.52,-57.13523416008068,12.661702684553145,-22.367510045905494,1,synthetic,Pronation synthétique,generated_pronation.csv
16.54,-57.25753043665647,12.293819019384934,-18.03300170533053,1,synthetic,Pronation synthétique,generated_pronation.csv
16.56,-54.4431114366224,11.872757916998939,-15.272400672729455,1,synthetic,Pronation synthétique,generated_pronation.csv
16.580000000000002,-52.636365743174956,11.543891260191405,-12.315647562642045,1,synthetic,Pronation synthétique,generated_pronation.csv
16.6,-50.30458546786137,11.28240730831602,-11.103798100816666,1,synthetic,Pronation synthétique,generated_pronation.csv
16.62,-46.56570430661904,10.150148524993465,-10.443989419914137,1,synthetic,Pronation synthétique,generated_pronation.csv
16.64,-40.4950526220029,9.223030949408775,-10.117145422644704,1,synthetic,Pronation synthétique,generated_pronation.csv
16.66,-35.6715319875683,9.005126629084229,-10.6968222948366,1,synthetic,Pronation synthétique,generated_pronation.csv
16.68,-30.254732562867886,8.861376470356923,-11.700284172536362,1,synthetic,Pronation synthétique,generated_pronation.csv
16.7,-24.429047505771422,9.406437756006804,-12.901981077705486,1,synthetic,Pronation synthétique,generated_pronation.csv
16.72,-18.782129053064647,8.977507946827584,-13.643426259121911,1,synthetic,Pronation synthétique,generated_pronation.csv
16.740000000000002,-12.974334675337454,9.45053719900047,-15.790072041379865,1,synthetic,Pronation synthétique,generated_pronation.csv
16.76,-7.27032055936005,8.810574807524722,-16.871253519442224,1,synthetic,Pronation synthétique,generated_pronation.csv
16.78,-2.578261820525068,7.855729567858604,-18.017137032704813,1,synthetic,Pronation synthétique,generated_pronation.csv
16.8,2.497535738589513,5.994545356540722,-18.820355506786438,1,synthetic,Pronation synthétique,generated_pronation.csv
16.82,7.2533572711364895,4.782043034301976,-18.64498247588827,1,synthetic,Pronation synthétique,generated_pronation.csv
16.84,10.990147805091993,3.963332808631173,-18.60457593587046,1,synthetic,Pronation synthétique,generated_pronation.csv
16.86,13.421219156568576,2.8662196388775927,-18.12477759364146,1,synthetic,Pronation synthétique,generated_pronation.csv
16.88,14.335674986248254,1.5123726240387203,-16.989509850429418,1,synthetic,Pronation synthétique,generated_pronation.csv
16.9,15.238545084921213,1.0829558929428034,-17.38625692972397,1,synthetic,Pronation synthétique,generated_pronation.csv
16.92,15.600526769700785,0.45440439599106563,-17.333432834598373,1,synthetic,Pronation synthétique,generated_pronation.csv
16.94,12.989972822157297,-0.3422458440694655,-16.781809305644646,1,synthetic,Pronation synthétique,generated_pronation.csv
16.96,9.531759537455113,-0.764603299465572,-15.399301400120631,1,synthetic,Pronation synthétique,generated_pronation.csv
16.98,8.07035316942454,-0.6102086121183279,-13.915645148382298,1,synthetic,Pronation synthétique,generated_pronation.csv
17.0,6.910197154690817,-1.4826856045840082,-11.5577615800413,1,synthetic,Pronation synthétique,generated_pronation.csv
17.02,4.737044157982849,-2.0244345277867715,-9.787777896015585,1,synthetic,Pronation synthétique,generated_pronation.csv
17.04,5.177776333917898,-1.9319971384672672,-9.77757856065595,1,synthetic,Pronation synthétique,generated_pronation.csv
17.06,6.779803725227045,-1.8351406376828903,-9.14572051205132,1,synthetic,Pronation synthétique,generated_pronation.csv
17.080000000000002,7.115066153354123,-1.885805045349708,-9.39673793997279,1,synthetic,Pronation synthétique,generated_pronation.csv
17.1,6.874612656236532,-1.948751216861308,-10.988646652954243,1,synthetic,Pronation synthétique,generated_pronation.csv
17.12,7.2523603017138605,-1.3101231496546428,-10.241818911127654,1,synthetic,Pronation synthétique,generated_pronation.csv
17.14,6.716773458074246,-1.646158229533328,-10.100762804515444,1,synthetic,Pronation synthétique,generated_pronation.csv
17.16,6.9893824451541775,-1.6233752048256005,-10.186958112303156,1,synthetic,Pronation synthétique,generated_pronation.csv
17.18,6.505139513965052,-1.150487952182307,-10.553006831001417,1,synthetic,Pronation synthétique,generated_pronation.csv
17.2,6.527828405654425,-1.2136108282219942,-10.14270187968333,1,synthetic,Pronation synthétique,generated_pronation.csv
17.22,7.245812242585544,-1.4801205328885862,-10.192520066458366,1,synthetic,Pronation synthétique,generated_pronation.csv
17.240000000000002,6.633175897835011,-1.2258424755593909,-10.825312259774801,1,synthetic,Pronation synthétique,generated_pronation.csv
17.26,6.182941083698099,-1.6416038047607504,-10.413734610064926,1,synthetic,Pronation synthétique,generated_pronation.csv
17.28,6.218899794956854,-1.438024557766096,-10.54382358853771,1,synthetic,Pronation synthétique,generated_pronation.csv
17.3,6.222812815824284,-1.8399467465268264,-11.248269338018567,1,synthetic,Pronation synthétique,generated_pronation.csv
17.32,6.324696081713321,-0.692860379555278,-12.095088669278006,1,synthetic,Pronation synthétique,generated_pronation.csv
17.34,5.576391261593922,-1.5122557003954267,-11.835698464304802,1,synthetic,Pronation synthétique,generated_pronation.csv
17.36,4.886721624679157,-0.6005093870818743,-12.878495986539207,1,synthetic,Pronation synthétique,generated_pronation.csv
17.38,4.84393446560046,-0.8812862257993717,-13.560003107577876,1,synthetic,Pronation synthétique,generated_pronation.csv
17.400000000000002,4.338850660328032,-0.748620692526808,-14.038756358401793,1,synthetic,Pronation synthétique,generated_pronation.csv
17.42,3.542501185984177,-0.3478114553764064,-14.886888918097256,1,synthetic,Pronation synthétique,generated_pronation.csv
17.44,2.8830073492524924,-0.07734444675116861,-15.089545278623165,1,synthetic,Pronation synthétique,generated_pronation.csv
17.46,1.2229594718610792,0.11286620268619973,-15.94102041516879,1,synthetic,Pronation synthétique,generated_pronation.csv
17.48,-0.33376735384383355,0.46836400267196876,-16.611630121637692,1,synthetic,Pronation synthétique,generated_pronation.csv
17.5,-3.1328474154278507,0.025221888427048103,-17.73239526627365,1,synthetic,Pronation synthétique,generated_pronation.csv
17.52,-5.522834131482911,0.270999876647763,-19.25899258562152,1,synthetic,Pronation synthétique,generated_pronation.csv
17.54,-9.267170697186371,0.1641418822260633,-20.34046375260633,1,synthetic,Pronation synthétique,generated_pronation.csv
17.56,-15.105764407133874,1.521245441841601,-21.561306127054756,1,synthetic,Pronation synthétique,generated_pronation.csv
17.580000000000002,-22.128892408466985,3.0132748868175514,-23.56446092447442,1,synthetic,Pronation synthétique,generated_pronation.csv
17.6,-31.02487597417503,5.311991289430664,-24.399128087441927,1,synthetic,Pronation synthétique,generated_pronation.csv
17.62,-39.74128571453314,8.463518629679523,-26.709197402461808,1,synthetic,Pronation synthétique,generated_pronation.csv
17.64,-47.51899842934545,10.461707059353913,-27.121779163129624,1,synthetic,Pronation synthétique,generated_pronation.csv
17.66,-51.4471359522012,12.01026503600521,-25.164366763988163,1,synthetic,Pronation synthétique,generated_pronation.csv
17.68,-54.520552357889855,13.72360890355974,-22.758671979515274,1,synthetic,Pronation synthétique,generated_pronation.csv
17.7,-55.237006634668695,14.28897982231637,-19.38480639007587,1,synthetic,Pronation synthétique,generated_pronation.csv
17.72,-53.81506150350499,13.667858492726136,-15.676911297244901,1,synthetic,Pronation synthétique,generated_pronation.csv
17.740000000000002,-51.568944989698,13.794526855179784,-12.485457344162272,1,synthetic,Pronation synthétique,generated_pronation.csv
17.76,-49.946467037249036,12.492874430496892,-10.941808422536676,1,synthetic,Pronation synthétique,generated_pronation.csv
17.78,-45.98749541048179,11.337826451845482,-10.556956020629706,1,synthetic,Pronation synthétique,generated_pronation.csv
17.8,-40.74070750017846,10.390539633084778,-11.071908501602842,1,synthetic,Pronation synthétique,generated_pronation.csv
17.82,-35.855112845205234,8.33269892749178,-11.350832589994216,1,synthetic,Pronation synthétique,generated_pronation.csv
17.84,-30.383421870239903,9.054894979354506,-11.887544215911444,1,synthetic,Pronation synthétique,generated_pronation.csv
17.86,-24.658391458626312,9.840012299471722,-12.52963290174362,1,synthetic,Pronation synthétique,generated_pronation.csv
17.88,-19.58892155777665,9.4452547027878,-14.333948709088087,1,synthetic,Pronation synthétique,generated_pronation.csv
17.900000000000002,-13.915799542670067,10.956301312252004,-14.674593663775287,1,synthetic,Pronation synthétique,generated_pronation.csv
17.92,-8.257370805802173,9.34190872019493,-15.887077285158838,1,synthetic,Pronation synthétique,generated_pronation.csv
17.94,-3.563325091380024,9.949375759928731,-16.899501277253215,1,synthetic,Pronation synthétique,generated_pronation.csv
17.96,1.3891192584398204,8.939050885466841,-17.713367146475015,1,synthetic,Pronation synthétique,generated_pronation.csv
17.98,4.52132620152005,7.306555671493969,-17.921432426682035,1,synthetic,Pronation synthétique,generated_pronation.csv
18.0,8.050915490375774,5.269674256795096,-17.74133225646991,1,synthetic,Pronation synthétique,generated_pronation.csv
18.02,10.7733610058469,3.829557077054232,-17.286870999117998,1,synthetic,Pronation synthétique,generated_pronation.csv
18.04,12.049423039375556,2.1012617871909347,-16.462766150026283,1,synthetic,Pronation synthétique,generated_pronation.csv
18.06,12.007606493361678,1.774500454447297,-15.217876151401276,1,synthetic,Pronation synthétique,generated_pronation.csv
18.08,12.84597546649711,1.2513446733056168,-15.780166137037188,1,synthetic,Pronation synthétique,generated_pronation.csv
18.1,11.959413754552587,2.3893595298002728,-16.081611711299757,1,synthetic,Pronation synthétique,generated_pronation.csv
18.12,10.176108434323153,3.3670563297209313,-15.330651365132985,1,synthetic,Pronation synthétique,generated_pronation.csv
18.14,8.826327892278703,2.9340293352485607,-14.648145555164067,1,synthetic,Pronation synthétique,generated_pronation.csv
18.16,6.834911735080568,3.415713477129863,-14.932091406943051,1,synthetic,Pronation synthétique,generated_pronation.csv
18.18,6.24896050005191,3.260266889041824,-12.994239219143608,1,synthetic,Pronation synthétique,generated_pronation.csv
18.2,5.612747615343384,2.106943148894105,-11.646806429896452,1,synthetic,Pronation synthétique,generated_pronation.csv
18.22,6.267293265507504,2.5924238281989957,-11.268602467710714,1,synthetic,Pronation synthétique,generated_pronation.csv
18.24,6.323051681805759,2.4251004050183176,-11.242433744620545,1,synthetic,Pronation synthétique,generated_pronation.csv
18.26,6.070875543256371,1.7552714747125022,-11.08264011674384,1,synthetic,Pronation synthétique,generated_pronation.csv
18.28,6.493614186593673,2.2943130141557564,-11.370336868132934,1,synthetic,Pronation synthétique,generated_pronation.csv
18.3,6.5982398360131995,2.1872154719958408,-11.035346868234896,1,synthetic,Pronation synthétique,generated_pronation.csv
18.32,6.398923834767583,2.2952007018309657,-10.965546715689758,1,synthetic,Pronation synthétique,generated_pronation.csv
18.34,6.521026432575029,2.614990039664359,-10.883505337906728,1,synthetic,Pronation synthétique,generated_pronation.csv
18.36,6.201593337389089,2.4652638791533397,-10.651544590250527,1,synthetic,Pronation synthétique,generated_pronation.csv
18.38,5.703174533717423,3.0507282845622656,-10.571060687822195,1,synthetic,Pronation synthétique,generated_pronation.csv
18.4,6.578180934049528,2.6350828833018456,-10.757005756760924,1,synthetic,Pronation synthétique,generated_pronation.csv
18.42,6.473544373851642,3.2377627647527776,-10.901263176621793,1,synthetic,Pronation synthétique,generated_pronation.csv
18.44,6.2477819858849,3.0442538342246666,-10.95605795729662,1,synthetic,Pronation synthétique,generated_pronation.csv
18.46,6.13171634469676,3.4382657203113682,-11.501095346422375,1,synthetic,Pronation synthétique,generated_pronation.csv
18.48,6.306374292218902,3.169495186861775,-11.920365909609387,1,synthetic,Pronation synthétique,generated_pronation.csv
18.5,5.6626467518608825,3.3554944853676356,-11.525890476283443,1,synthetic,Pronation synthétique,generated_pronation.csv
18.52,5.3284823556778225,3.3727802636322526,-12.414115699555007,1,synthetic,Pronation synthétique,generated_pronation.csv
18.54,5.067135944585588,4.118217671195539,-12.807040793349618,1,synthetic,Pronation synthétique,generated_pronation.csv
18.56,4.942437496893784,4.451786341308574,-13.334579907595,1,synthetic,Pronation synthétique,generated_pronation.csv
18.58,3.40115948077267,4.9729998784036304,-13.791480236732966,1,synthetic,Pronation synthétique,generated_pronation.csv
18.6,3.2044100273047995,4.808153772205721,-14.334634715464974,1,synthetic,Pronation synthétique,generated_pronation.csv
18.62,1.3539853661348948,4.458878540390672,-14.915134579191795,1,synthetic,Pronation synthétique,generated_pronation.csv
18.64,-0.4347534671784894,4.159928799578822,-15.822305532189393,1,synthetic,Pronation synthétique,generated_pronation.csv
18.66,-1.9264504376896074,4.11071769995531,-16.088688497477968,1,synthetic,Pronation synthétique,generated_pronation.csv
18.68,-5.363389159527111,3.7986225714888726,-17.48481736539874,1,synthetic,Pronation synthétique,generated_pronation.csv
18.7,-10.01947693554598,4.390333607382363,-18.04582476566711,1,synthetic,Pronation synthétique,generated_pronation.csv
18.72,-15.596433671182481,5.150332897556909,-20.265398349244197,1,synthetic,Pronation synthétique,generated_pronation.csv
18.74,-22.927470839174788,6.163193354164831,-21.311863209599586,1,synthetic,Pronation synthétique,generated_pronation.csv
18.76,-32.32434766793568,8.450059096048385,-22.244756956939927,1,synthetic,Pronation synthétique,generated_pronation.csv
18.78,-41.77573179304222,11.29965054564974,-23.224494083674145,1,synthetic,Pronation synthétique,generated_pronation.csv
18.8,-47.56365977140423,12.187917346412242,-22.765188784203257,1,synthetic,Pronation synthétique,generated_pronation.csv
18.82,-51.45879771426544,13.041029392473154,-20.383515015223345,1,synthetic,Pronation synthétique,generated_pronation.csv
18.84,-54.530504622140235,14.552417175106807,-18.23362429195891,1,synthetic,Pronation synthétique,generated_pronation.csv
18.86,-53.68113678999251,14.207939858833024,-14.485406289913296,1,synthetic,Pronation synthétique,generated_pronation.csv
18.88,-51.44181365438237,13.497114015648739,-12.355695334534165,1,synthetic,Pronation synthétique,generated_pronation.csv
18.9,-49.77236284440995,12.928819160965968,-10.20258080353621,1,synthetic,Pronation synthétique,generated_pronation.csv
18.92,-47.11667346323241,11.572303449639545,-9.996136684996111,1,synthetic,Pronation synthétique,generated_pronation.csv
18.94,-42.246265945760456,10.751305683365926,-9.841877538915744,1,synthetic,Pronation synthétique,generated_pronation.csv
18.96,-37.23198141533769,8.681455417357242,-10.251562468893535,1,synthetic,Pronation synthétique,generated_pronation.csv
18.98,-32.53710462320693,8.519775522720717,-11.48381468222509,1,synthetic,Pronation synthétique,generated_pronation.csv
19.0,-27.416164034960772,8.720742356501392,-11.379636739797293,1,synthetic,Pronation synthétique,generated_pronation.csv
19.02,-21.63187756496791,9.265188757745678,-12.566274744223525,1,synthetic,Pronation synthétique,generated_pronation.csv
19.04,-16.511569583537376,9.205769043238455,-13.804087959934195,1,synthetic,Pronation synthétique,generated_pronation.csv
19.06,-10.994134392439038,9.391183675992174,-15.138819694018416,1,synthetic,Pronation synthétique,generated_pronation.csv
19.08,-5.5199083519326795,8.614341346077316,-15.325198887297855,1,synthetic,Pronation synthétique,generated_pronation.csv
19.1,-0.25542677623373466,8.432646574884615,-17.19392551432592,1,synthetic,Pronation synthétique,generated_pronation.csv
19.12,5.421891480390553,7.03539921341908,-18.543964368648876,1,synthetic,Pronation synthétique,generated_pronation.csv
19.14,9.218150591823328,6.348961797941815,-19.200754959262493,1,synthetic,Pronation synthétique,generated_pronation.csv
19.16,13.769978357771986,5.182731415788613,-19.29995187250722,1,synthetic,Pronation synthétique,generated_pronation.csv
19.18,16.32928313082874,4.242763983907926,-18.272764979205196,1,synthetic,Pronation synthétique,generated_pronation.csv
19.2,18.450373326665222,4.615964832413714,-18.545102873548203,1,synthetic,Pronation synthétique,generated_pronation.csv
19.22,18.93731660175197,4.512318846172244,-17.65041917191494,1,synthetic,Pronation synthétique,generated_pronation.csv
19.24,17.280921609024688,5.145046959555285,-17.7679054280486,1,synthetic,Pronation synthétique,generated_pronation.csv
19.26,15.27439855167719,5.40075032896313,-17.96274044006467,1,synthetic,Pronation synthétique,generated_pronation.csv
19.28,12.735382849626435,5.349943784959922,-16.099627834765926,1,synthetic,Pronation synthétique,generated_pronation.csv
19.3,10.120316657666043,5.3901408720704405,-15.0021740767047,1,synthetic,Pronation synthétique,generated_pronation.csv
19.32,7.777657126995631,4.819513722734359,-13.848063007775872,1,synthetic,Pronation synthétique,generated_pronation.csv
19.34,5.737225702094582,3.4156937517025283,-12.212083663458035,1,synthetic,Pronation synthétique,generated_pronation.csv
19.36,5.525738108743627,3.7923117305701286,-12.044122395057462,1,synthetic,Pronation synthétique,generated_pronation.csv
19.38,5.982583489896515,3.504792954968016,-11.538452030230468,1,synthetic,Pronation synthétique,generated_pronation.csv
19.4,6.113331148987428,3.5940338522845003,-12.102094225887695,1,synthetic,Pronation synthétique,generated_pronation.csv
19.42,6.5377119412462275,3.487658803397295,-12.394851884282295,1,synthetic,Pronation synthétique,generated_pronation.csv
19.44,5.575750743123883,3.13488848415113,-12.403571212203744,1,synthetic,Pronation synthétique,generated_pronation.csv
19.46,6.446191583852022,3.267280211946832,-12.969747072312323,1,synthetic,Pronation synthétique,generated_pronation.csv
19.48,5.921556872170331,4.24437487433593,-12.5157781645835,1,synthetic,Pronation synthétique,generated_pronation.csv
19.5,6.475023017191306,3.8364036755548976,-12.625287268392915,1,synthetic,Pronation synthétique,generated_pronation.csv
19.52,6.09553130086315,3.3767710571390035,-12.875723998161863,1,synthetic,Pronation synthétique,generated_pronation.csv
19.54,5.883297099010851,3.9452665938124456,-12.660910191682248,1,synthetic,Pronation synthétique,generated_pronation.csv
19.56,6.295043028495292,3.7616228576450275,-12.56196829369118,1,synthetic,Pronation synthétique,generated_pronation.csv
19.58,5.95884066920963,3.358065917191693,-12.697723192965205,1,synthetic,Pronation synthétique,generated_pronation.csv
19.6,6.064126718439046,3.2917073084858486,-12.259009007666334,1,synthetic,Pronation synthétique,generated_pronation.csv
19.62,5.947824235192912,3.5907218194411494,-12.569156603795314,1,synthetic,Pronation synthétique,generated_pronation.csv
19.64,6.5259069157687914,4.274205450923442,-12.366164482179586,1,synthetic,Pronation synthétique,generated_pronation.csv
19.66,6.70988498594165,4.318268091813534,-12.971073109863106,1,synthetic,Pronation synthétique,generated_pronation.csv
19.68,6.8658910150413615,4.422694127036788,-12.864676266766253,1,synthetic,Pronation synthétique,generated_pronation.csv
19.7,6.36711932276476,4.751958105621782,-13.034886296833712,1,synthetic,Pronation synthétique,generated_pronation.csv
19.72,6.475185862861362,5.023554651758155,-13.705586709228283,1,synthetic,Pronation synthétique,generated_pronation.csv
19.74,5.658184992568622,4.3741232154769785,-13.96716251433603,1,synthetic,Pronation synthétique,generated_pronation.csv
19.76,4.8936094560147385,5.035599774379999,-14.460915990245155,1,synthetic,Pronation synthétique,generated_pronation.csv
19.78,4.0067646267891055,4.921987041841243,-14.658780304454247,1,synthetic,Pronation synthétique,generated_pronation.csv
19.8,2.654196322819568,4.750845582249009,-15.809626334600265,1,synthetic,Pronation synthétique,generated_pronation.csv
19.82,0.17851196761717997,4.802406057164619,-16.3576994085669,1,synthetic,Pronation synthétique,generated_pronation.csv
19.84,-2.574572218651778,4.7450014110169185,-17.106392617960164,1,synthetic,Pronation synthétique,generated_pronation.csv
19.86,-6.418928005001505,4.672983170743355,-18.712121268940376,1,synthetic,Pronation synthétique,generated_pronation.csv
19.88,-11.700084285610135,4.861254100916829,-20.83690386380851,1,synthetic,Pronation synthétique,generated_pronation.csv
19.9,-19.015412718720956,6.357807408266113,-21.96071390502907,1,synthetic,Pronation synthétique,generated_pronation.csv
19.92,-27.428253830062285,8.920859433231632,-23.408476716455688,1,synthetic,Pronation synthétique,generated_pronation.csv
19.94,-38.420297691594975,10.720948310888986,-25.49138998430825,1,synthetic,Pronation synthétique,generated_pronation.csv
19.96,-47.720864316083734,12.113555649616135,-25.576988383965492,1,synthetic,Pronation synthétique,generated_pronation.csv
19.98,-53.93931874897899,12.747324124510953,-24.663211508464894,1,synthetic,Pronation synthétique,generated_pronation.csv
20.0,-56.95491032570677,13.477895680188613,-22.128291167957585,1,synthetic,Pronation synthétique,generated_pronation.csv
20.02,-59.02262668617961,13.815481954366101,-18.92092227659006,1,synthetic,Pronation synthétique,generated_pronation.csv
20.04,-58.59121318032645,12.166625650602507,-14.910521458817964,1,synthetic,Pronation synthétique,generated_pronation.csv
20.06,-55.1379292701097,12.444111110913694,-11.511261262459453,1,synthetic,Pronation synthétique,generated_pronation.csv
20.08,-53.40495742204846,12.313005528143295,-9.399966342729263,1,synthetic,Pronation synthétique,generated_pronation.csv
20.1,-50.24620589885526,11.050623521620075,-8.664390696684002,1,synthetic,Pronation synthétique,generated_pronation.csv
20.12,-45.408568737899955,9.549044456713982,-8.658631193736072,1,synthetic,Pronation synthétique,generated_pronation.csv
20.14,-39.7824978864107,8.833213579357116,-9.353112985832798,1,synthetic,Pronation synthétique,generated_pronation.csv
20.16,-34.09983907944448,8.586891392912175,-9.968872145556828,1,synthetic,Pronation synthétique,generated_pronation.csv
20.18,-28.47061911437611,8.305971324343384,-10.541885930531276,1,synthetic,Pronation synthétique,generated_pronation.csv
20.2,-22.759667369006777,8.246399226864016,-11.829182957198755,1,synthetic,Pronation synthétique,generated_pronation.csv
20.22,-16.79290222020697,8.933897605693524,-12.538649102150195,1,synthetic,Pronation synthétique,generated_pronation.csv
20.24,-11.14063581114655,8.912465158858657,-13.826492235683919,1,synthetic,Pronation synthétique,generated_pronation.csv
20.26,-6.061614855581392,8.850419485350923,-14.786852383925766,1,synthetic,Pronation synthétique,generated_pronation.csv
20.28,-0.5929995691602067,7.387990029840684,-15.628735591699265,1,synthetic,Pronation synthétique,generated_pronation.csv
20.3,3.0036823520786813,6.101599170788663,-16.07576685145666,1,synthetic,Pronation synthétique,generated_pronation.csv
20.32,7.652518100737372,5.26918351987584,-16.09713760325695,1,synthetic,Pronation synthétique,generated_pronation.csv
20.34,10.162415703984394,2.9831926773734,-14.731788247943179,1,synthetic,Pronation synthétique,generated_pronation.csv
20.36,11.493189622277592,2.1051909629138796,-14.056047361542744,1,synthetic,Pronation synthétique,generated_pronation.csv
20.38,12.678140655673726,1.9993243734166235,-14.470644582649518,1,synthetic,Pronation synthétique,generated_pronation.csv
20.4,12.290324325533103,2.344583428774966,-14.185444862124461,1,synthetic,Pronation synthétique,generated_pronation.csv
20.42,9.622582254291176,2.6217801341126594,-13.848413941326143,1,synthetic,Pronation synthétique,generated_pronation.csv
20.44,7.546467986857317,3.2517943851233024,-12.175360875943687,1,synthetic,Pronation synthétique,generated_pronation.csv
20.46,6.682116759726966,2.453429214488068,-12.841413547568326,1,synthetic,Pronation synthétique,generated_pronation.csv
20.48,4.848777950157147,2.9914681453235263,-11.589133079701453,1,synthetic,Pronation synthétique,generated_pronation.csv
20.5,5.097256914097911,2.8345768205204678,-9.946477210918104,1,synthetic,Pronation synthétique,generated_pronation.csv
20.52,6.411923891892355,2.1323068086429573,-9.924747099781511,1,synthetic,Pronation synthétique,generated_pronation.csv
20.54,6.111835437872077,2.392274318131308,-10.050887279480389,1,synthetic,Pronation synthétique,generated_pronation.csv
20.56,6.712904193836841,2.5536378471027685,-8.77678566246842,1,synthetic,Pronation synthétique,generated_pronation.csv
20.58,6.346216771860063,3.119161738751937,-9.065147511730919,1,synthetic,Pronation synthétique,generated_pronation.csv
20.6,6.749718506071507,2.3629322891711677,-8.757822983598933,1,synthetic,Pronation synthétique,generated_pronation.csv
20.62,6.612963961965729,2.7804611431725457,-8.242130000509496,1,synthetic,Pronation synthétique,generated_pronation.csv
20.64,6.609654748692328,2.7627671874794313,-8.617253633539349,1,synthetic,Pronation synthétique,generated_pronation.csv
20.66,6.742583245544327,3.003753617110661,-7.528984345827852,1,synthetic,Pronation synthétique,generated_pronation.csv
20.68,7.066134727402914,2.9134509607297545,-7.640971424013247,1,synthetic,Pronation synthétique,generated_pronation.csv
20.7,6.564745557796748,3.0988667230533204,-7.447472819093888,1,synthetic,Pronation synthétique,generated_pronation.csv
20.72,6.576793472959004,2.839125122382227,-7.974831887592055,1,synthetic,Pronation synthétique,generated_pronation.csv
20.74,6.269630204055364,3.0484183288245688,-7.49865526713075,1,synthetic,Pronation synthétique,generated_pronation.csv
20.76,6.836789665636206,2.9312802211930546,-7.75222208907391,1,synthetic,Pronation synthétique,generated_pronation.csv
20.78,6.660995971921492,3.0506823174115327,-8.305282492169152,1,synthetic,Pronation synthétique,generated_pronation.csv
20.8,7.113908676064558,3.3478818373742225,-7.869891791202666,1,synthetic,Pronation synthétique,generated_pronation.csv
20.82,6.880497265508383,3.4780482770489924,-8.9140725671569,1,synthetic,Pronation synthétique,generated_pronation.csv
20.84,7.425867158745826,3.3032628725251114,-9.79158495188955,1,synthetic,Pronation synthétique,generated_pronation.csv
20.86,6.161802154667042,4.256109780411185,-10.35861816986781,1,synthetic,Pronation synthétique,generated_pronation.csv
20.88,6.401868073133949,3.873743518146708,-10.841803761442465,1,synthetic,Pronation synthétique,generated_pronation.csv
20.9,6.258196680539487,3.6229229923910493,-11.475351380843941,1,synthetic,Pronation synthétique,generated_pronation.csv
20.92,5.1704021104868785,4.454055700414856,-12.351895672974551,1,synthetic,Pronation synthétique,generated_pronation.csv
20.94,3.9967164990707458,3.929702640209636,-12.934120083387677,1,synthetic,Pronation synthétique,generated_pronation.csv
20.96,2.6975738714937982,4.224548101427472,-13.668138437289072,1,synthetic,Pronation synthétique,generated_pronation.csv
20.98,0.41583082609819344,3.8615085502773616,-15.370374062845613,1,synthetic,Pronation synthétique,generated_pronation.csv
21.0,-1.77751144509807,3.677332295614501,-16.150635309578938,1,synthetic,Pronation synthétique,generated_pronation.csv
21.02,-4.671623882395645,3.4251415129820946,-17.295194339089857,1,synthetic,Pronation synthétique,generated_pronation.csv
21.04,-10.040386152401867,3.389554889566623,-18.17212872503651,1,synthetic,Pronation synthétique,generated_pronation.csv
21.06,-17.382010371935724,4.501695009278008,-19.164702558129814,1,synthetic,Pronation synthétique,generated_pronation.csv
21.08,-25.828447345525188,6.76702758662147,-20.909632203025634,1,synthetic,Pronation synthétique,generated_pronation.csv
21.1,-35.12007270930423,7.902130649288894,-22.86579351479803,1,synthetic,Pronation synthétique,generated_pronation.csv
21.12,-42.84312510651438,10.38881061035918,-23.119201239513135,1,synthetic,Pronation synthétique,generated_pronation.csv
21.14,-48.82212856554195,11.34796279182194,-21.900553024059878,1,synthetic,Pronation synthétique,generated_pronation.csv
21.16,-52.48093188154741,11.974649186530334,-20.344416493203635,1,synthetic,Pronation synthétique,generated_pronation.csv
21.18,-53.97892758843864,12.801015301079776,-17.462179870760956,1,synthetic,Pronation synthétique,generated_pronation.csv
21.2,-53.37318464917467,13.692640912549727,-14.094455320868514,1,synthetic,Pronation synthétique,generated_pronation.csv
21.22,-52.109037691851235,12.865495263872432,-12.324335168209629,1,synthetic,Pronation synthétique,generated_pronation.csv
21.24,-50.73708492579582,13.757217449574393,-10.34734418916739,1,synthetic,Pronation synthétique,generated_pronation.csv
21.26,-47.78825779316328,12.360392001456972,-10.356474352735049,1,synthetic,Pronation synthétique,generated_pronation.csv
21.28,-42.6808521568054,10.670914174310594,-10.732703959229584,1,synthetic,Pronation synthétique,generated_pronation.csv
21.3,-37.93393745584564,9.666450349141472,-12.040624914480096,1,synthetic,Pronation synthétique,generated_pronation.csv
21.32,-31.67691382275864,9.227339227087992,-12.922520423487999,1,synthetic,Pronation synthétique,generated_pronation.csv
21.34,-26.53223154481542,9.305868865548657,-13.786837267030869,1,synthetic,Pronation synthétique,generated_pronation.csv
21.36,-20.50901549671043,9.192085051440772,-14.571709269686211,1,synthetic,Pronation synthétique,generated_pronation.csv
21.38,-14.352272519839259,9.222141369884048,-15.947047834443701,1,synthetic,Pronation synthétique,generated_pronation.csv
21.4,-8.872547344435182,9.030132641710198,-17.4045886130778,1,synthetic,Pronation synthétique,generated_pronation.csv
21.42,-4.063031609296321,8.686649120074092,-18.25996170713858,1,synthetic,Pronation synthétique,generated_pronation.csv
21.44,1.694870310925667,7.368594204518088,-19.487500630988684,1,synthetic,Pronation synthétique,generated_pronation.csv
21.46,6.43347082272012,5.25329232400253,-20.528739290414503,1,synthetic,Pronation synthétique,generated_pronation.csv
21.48,9.649030205342338,3.6533863721705973,-20.164347908321133,1,synthetic,Pronation synthétique,generated_pronation.csv
21.5,12.192751036234869,2.4723338745151646,-18.644819514203967,1,synthetic,Pronation synthétique,generated_pronation.csv
21.52,13.750693099071334,1.215284500190978,-18.39358974048079,1,synthetic,Pronation synthétique,generated_pronation.csv
21.54,13.60532892147084,0.9831529938499675,-17.233212995546086,1,synthetic,Pronation synthétique,generated_pronation.csv
21.56,14.004327619139765,1.1724400016943142,-16.999668778635847,1,synthetic,Pronation synthétique,generated_pronation.csv
21.58,10.421548804877766,1.6868961332388421,-16.9185851957467,1,synthetic,Pronation synthétique,generated_pronation.csv
21.6,8.355987139848137,1.9452554307398824,-15.654027273623194,1,synthetic,Pronation synthétique,generated_pronation.csv
21.62,7.185797450468503,2.186827141966982,-14.711844581966925,1,synthetic,Pronation synthétique,generated_pronation.csv
21.64,5.696029424285038,1.527393389398802,-13.673365561773593,1,synthetic,Pronation synthétique,generated_pronation.csv
21.66,4.739399857432875,1.547381528581318,-12.06810721900854,1,synthetic,Pronation synthétique,generated_pronation.csv
21.68,5.328276826419034,0.6621346086184787,-11.319919556860413,1,synthetic,Pronation synthétique,generated_pronation.csv
21.7,5.92448273858911,1.7022204003069064,-11.050980716683885,1,synthetic,Pronation synthétique,generated_pronation.csv
21.72,6.271619060517975,0.9620735750038709,-11.240110480764823,1,synthetic,Pronation synthétique,generated_pronation.csv
21.74,5.53130553384112,0.9103658932646013,-11.299847500653422,1,synthetic,Pronation synthétique,generated_pronation.csv
21.76,6.151148115222411,0.7041125685291254,-11.645540687513641,1,synthetic,Pronation synthétique,generated_pronation.csv
21.78,5.928414095515321,0.057194659402519554,-12.082408324132134,1,synthetic,Pronation synthétique,generated_pronation.csv
21.8,6.104526025586435,0.905937372590003,-11.445970338341619,1,synthetic,Pronation synthétique,generated_pronation.csv
21.82,6.026380535216597,1.057893553989703,-12.880168009653364,1,synthetic,Pronation synthétique,generated_pronation.csv
21.84,5.582459422288138,1.6492693119182302,-12.717951743184424,1,synthetic,Pronation synthétique,generated_pronation.csv
21.86,5.533985008801573,0.739966295508428,-12.710207070299411,1,synthetic,Pronation synthétique,generated_pronation.csv
21.88,5.874237995568259,1.8230397430724836,-13.626560804320174,1,synthetic,Pronation synthétique,generated_pronation.csv
21.9,5.64545575944533,1.270105717830024,-13.291010611274762,1,synthetic,Pronation synthétique,generated_pronation.csv
21.92,5.307526303834463,1.6724747706838434,-13.2908206336024,1,synthetic,Pronation synthétique,generated_pronation.csv
21.94,6.0992422153288395,0.8186861372924998,-14.055344790235704,1,synthetic,Pronation synthétique,generated_pronation.csv
21.96,6.211922343863322,1.793159270500515,-13.881710510631562,1,synthetic,Pronation synthétique,generated_pronation.csv
21.98,5.0774597341139565,1.8441048185889062,-14.426016027554754,1,synthetic,Pronation synthétique,generated_pronation.csv
22.0,5.574888106508413,2.397148966420926,-14.129493294213884,1,synthetic,Pronation synthétique,generated_pronation.csv
22.02,6.092243280499831,2.478467208360295,-14.494172474721204,1,synthetic,Pronation synthétique,generated_pronation.csv
22.04,5.2977310869656,2.3619193981849187,-14.766612255940814,1,synthetic,Pronation synthétique,generated_pronation.csv
22.06,4.632817459525716,3.217770528009636,-14.822674019637997,1,synthetic,Pronation synthétique,generated_pronation.csv
22.08,3.7358765015818287,3.310611305606873,-15.649850867639131,1,synthetic,Pronation synthétique,generated_pronation.csv
22.1,2.5368120069999818,3.373765925226351,-16.139566691977993,1,synthetic,Pronation synthétique,generated_pronation.csv
22.12,1.0321922759608926,3.518576154917739,-17.326087350865585,1,synthetic,Pronation synthétique,generated_pronation.csv
22.14,-1.2705846594649213,3.5389843051907914,-19.111344343454846,1,synthetic,Pronation synthétique,generated_pronation.csv
22.16,-4.0309986254059345,3.223372948745058,-20.078214768683328,1,synthetic,Pronation synthétique,generated_pronation.csv
22.18,-8.836946072005805,3.204535674868997,-21.652414278140313,1,synthetic,Pronation synthétique,generated_pronation.csv
22.2,-14.78662591237827,4.23525069675987,-24.13595344486628,1,synthetic,Pronation synthétique,generated_pronation.csv
22.22,-22.71715913098511,6.666470305545526,-25.328837046246324,1,synthetic,Pronation synthétique,generated_pronation.csv
22.24,-32.18965394050621,9.065192578252386,-28.027249830044,1,synthetic,Pronation synthétique,generated_pronation.csv
22.26,-42.3645537697753,12.180099994901829,-29.566936476026328,1,synthetic,Pronation synthétique,generated_pronation.csv
22.28,-49.29747633261515,13.394304865747207,-30.54965353254646,1,synthetic,Pronation synthétique,generated_pronation.csv
22.3,-52.95226719002484,14.171900446090403,-28.960259156743124,1,synthetic,Pronation synthétique,generated_pronation.csv
22.32,-55.86051540240823,15.467347328374284,-26.41150885419899,1,synthetic,Pronation synthétique,generated_pronation.csv
22.34,-56.062103282239164,15.237814041798407,-22.692035284399307,1,synthetic,Pronation synthétique,generated_pronation.csv
22.36,-53.76107097060187,13.439132860018557,-18.53057304631697,1,synthetic,Pronation synthétique,generated_pronation.csv
22.38,-51.51943856667807,13.60351905139453,-15.53665082633281,1,synthetic,Pronation synthétique,generated_pronation.csv
22.4,-49.666264155275684,12.225809403412205,-12.288124346099417,1,synthetic,Pronation synthétique,generated_pronation.csv
22.42,-45.754138454502346,10.00399904742714,-11.6938466593446,1,synthetic,Pronation synthétique,generated_pronation.csv
22.44,-39.889942876081676,8.240781504851894,-11.480325410310481,1,synthetic,Pronation synthétique,generated_pronation.csv
22.46,-34.947163747708544,7.740729331422485,-11.154783022402821,1,synthetic,Pronation synthétique,generated_pronation.csv
22.48,-28.605826353764865,8.118143594740214,-11.558931951805032,1,synthetic,Pronation synthétique,generated_pronation.csv
22.5,-23.0412420820136,8.270370550103262,-11.866024275478956,1,synthetic,Pronation synthétique,generated_pronation.csv
22.52,-17.18561121214726,7.982725885193495,-13.37847726368268,1,synthetic,Pronation synthétique,generated_pronation.csv
22.54,-11.05927326896829,7.848219775559653,-14.462036888020167,1,synthetic,Pronation synthétique,generated_pronation.csv
22.56,-5.3103112126549075,6.923399648354186,-16.152595774721373,1,synthetic,Pronation synthétique,generated_pronation.csv
22.58,0.38047309547657043,5.320257250155585,-16.26388826525687,1,synthetic,Pronation synthétique,generated_pronation.csv
22.6,5.2352630651565475,4.34435956433924,-17.470425887362826,1,synthetic,Pronation synthétique,generated_pronation.csv
22.62,10.283563774945616,2.1557718636389196,-16.99090875079953,1,synthetic,Pronation synthétique,generated_pronation.csv
22.64,12.981716339501556,0.9516598579300026,-17.213051039017174,1,synthetic,Pronation synthétique,generated_pronation.csv
22.66,14.559794501543665,-1.2281682008113224,-16.06165797120092,1,synthetic,Pronation synthétique,generated_pronation.csv
22.68,15.896301310162016,-1.42098536900381,-16.00676547347936,1,synthetic,Pronation synthétique,generated_pronation.csv
22.7,16.488420560304533,-0.27300415299471714,-15.503370886012837,1,synthetic,Pronation synthétique,generated_pronation.csv
22.72,15.20999839949821,-0.08657720403795284,-15.16201187989239,1,synthetic,Pronation synthétique,generated_pronation.csv
22.74,12.177374562715325,0.33112257547086127,-15.612432989762869,1,synthetic,Pronation synthétique,generated_pronation.csv
22.76,10.225765580405234,1.0720993616300174,-14.72509823825158,1,synthetic,Pronation synthétique,generated_pronation.csv
22.78,7.997084712964234,1.3654316180023494,-13.69228861125453,1,synthetic,Pronation synthétique,generated_pronation.csv
22.8,5.306233685742667,0.6995184169404265,-12.545804005311986,1,synthetic,Pronation synthétique,generated_pronation.csv
22.82,5.818991031084212,0.33586486359348755,-11.430759827779708,1,synthetic,Pronation synthétique,generated_pronation.csv
22.84,6.6335544161958016,0.39235738901147804,-10.806162318833628,1,synthetic,Pronation synthétique,generated_pronation.csv
22.86,6.484071129330962,0.21265950762443697,-10.895746967171245,1,synthetic,Pronation synthétique,generated_pronation.csv
22.88,6.815852971751143,0.16779444356039058,-10.613721252073743,1,synthetic,Pronation synthétique,generated_pronation.csv
22.9,7.502012262062616,0.10609863378697515,-10.365298797824698,1,synthetic,Pronation synthétique,generated_pronation.csv
22.92,7.1562157982379375,0.17399426597465623,-10.939142944080373,1,synthetic,Pronation synthétique,generated_pronation.csv
22.94,6.851578717445858,0.5613320412830329,-10.655339541921652,1,synthetic,Pronation synthétique,generated_pronation.csv
22.96,6.95947112838701,0.784051696696405,-10.267079480750729,1,synthetic,Pronation synthétique,generated_pronation.csv
22.98,7.048546968250448,0.6223140301170126,-10.052394482163814,1,synthetic,Pronation synthétique,generated_pronation.csv
23.0,6.733310919599702,0.8060706454976613,-9.85413730638457,1,synthetic,Pronation synthétique,generated_pronation.csv
23.02,6.602542848663798,0.648840917157738,-9.106562523701104,1,synthetic,Pronation synthétique,generated_pronation.csv
23.04,6.994967988866279,0.384521494204239,-8.789728387772028,1,synthetic,Pronation synthétique,generated_pronation.csv
23.06,6.7100902667793285,0.5670410241637216,-8.596612439803943,1,synthetic,Pronation synthétique,generated_pronation.csv
23.08,7.035317521854141,1.1629037133960427,-8.698599722003397,1,synthetic,Pronation synthétique,generated_pronation.csv
23.1,7.098324796905934,1.1558397949577897,-7.999544081131142,1,synthetic,Pronation synthétique,generated_pronation.csv
23.12,7.80801882529112,1.6164783590484957,-8.122199553276687,1,synthetic,Pronation synthétique,generated_pronation.csv
23.14,6.8275234571206145,1.2966607243616095,-8.904180424212228,1,synthetic,Pronation synthétique,generated_pronation.csv
23.16,6.981263799755362,1.7000753967441273,-9.035128252391667,1,synthetic,Pronation synthétique,generated_pronation.csv
23.18,6.805972057438858,2.0022323057964853,-8.930201837856014,1,synthetic,Pronation synthétique,generated_pronation.csv
23.2,6.686340837126356,2.055553334464031,-9.910871985994834,1,synthetic,Pronation synthétique,generated_pronation.csv
23.22,6.39213675242007,1.6981333232816078,-10.103607826106598,1,synthetic,Pronation synthétique,generated_pronation.csv
23.24,5.178006495845819,1.8921466655833739,-10.93533792351603,1,synthetic,Pronation synthétique,generated_pronation.csv
23.26,4.0413200707032475,1.9977828548444283,-12.058574984483304,1,synthetic,Pronation synthétique,generated_pronation.csv
23.28,2.328334910402978,1.5819438385967972,-12.930347545826647,1,synthetic,Pronation synthétique,generated_pronation.csv
23.3,0.5933381221731553,1.886523874892311,-14.446526309673123,1,synthetic,Pronation synthétique,generated_pronation.csv
23.32,-1.677388587943154,1.900775564343726,-15.29439126796852,1,synthetic,Pronation synthétique,generated_pronation.csv
23.34,-5.6236677233955445,1.3712934051165413,-16.86549340134701,1,synthetic,Pronation synthétique,generated_pronation.csv
23.36,-11.28183303085955,2.58396863474184,-16.906348366114035,1,synthetic,Pronation synthétique,generated_pronation.csv
23.38,-18.3089112919098,3.1514509316497312,-18.56235285304098,1,synthetic,Pronation synthétique,generated_pronation.csv
23.4,-27.290264993303936,4.875959293311318,-20.12541263082378,1,synthetic,Pronation synthétique,generated_pronation.csv
23.42,-37.083925291713946,7.147183105439516,-21.532308414260516,1,synthetic,Pronation synthétique,generated_pronation.csv
23.44,-45.30777537902454,8.471894114070883,-21.502559925187317,1,synthetic,Pronation synthétique,generated_pronation.csv
23.46,-49.727348965558356,9.733270542535784,-20.054413223999838,1,synthetic,Pronation synthétique,generated_pronation.csv
23.48,-53.28492359528994,10.232702853831686,-17.97683863455297,1,synthetic,Pronation synthétique,generated_pronation.csv
23.5,-54.152103378482565,11.312306957300098,-15.273978102163028,1,synthetic,Pronation synthétique,generated_pronation.csv
23.52,-51.51200739923399,10.591858312647537,-12.976208868472945,1,synthetic,Pronation synthétique,generated_pronation.csv
23.54,-50.62783284734014,10.214599082512544,-10.44919562630173,1,synthetic,Pronation synthétique,generated_pronation.csv
23.56,-48.73892238840743,9.513676944882771,-9.940694160866444,1,synthetic,Pronation synthétique,generated_pronation.csv
23.58,-45.493237675249105,8.444566122432889,-10.11344346423212,1,synthetic,Pronation synthétique,generated_pronation.csv
23.6,-41.19802825497856,7.645111206858467,-10.480813879100095,1,synthetic,Pronation synthétique,generated_pronation.csv
23.62,-36.80412331058192,6.660646008203483,-10.670263837785203,1,synthetic,Pronation synthétique,generated_pronation.csv
23.64,-31.860622257296004,7.2820775936271565,-11.343769813491951,1,synthetic,Pronation synthétique,generated_pronation.csv
23.66,-26.99894439412276,7.2456306074621395,-12.935882335672007,1,synthetic,Pronation synthétique,generated_pronation.csv
23.68,-21.92851874814569,7.853837780561851,-12.785941033169216,1,synthetic,Pronation synthétique,generated_pronation.csv
23.7,-17.26551838205014,7.679046875759747,-13.752098130464443,1,synthetic,Pronation synthétique,generated_pronation.csv
23.72,-11.926074572821639,7.560141474101148,-15.346431801657467,1,synthetic,Pronation synthétique,generated_pronation.csv
23.74,-7.742681888399144,6.63071479820875,-16.134525430253355,1,synthetic,Pronation synthétique,generated_pronation.csv
23.76,-3.6146991230392747,5.324933914822926,-16.212470459168063,1,synthetic,Pronation synthétique,generated_pronation.csv
23.78,0.21234936336118776,3.984118449346235,-15.569304230766766,1,synthetic,Pronation synthétique,generated_pronation.csv
23.8,3.56975458814048,2.9440931546227227,-15.439169261916746,1,synthetic,Pronation synthétique,generated_pronation.csv
23.82,6.1912584250508855,1.866448658130418,-14.939745613680971,1,synthetic,Pronation synthétique,generated_pronation.csv
23.84,7.793154007247786,2.3746038896950554,-14.002436707145423,1,synthetic,Pronation synthétique,generated_pronation.csv
23.86,9.571678861084493,3.9422439622342913,-14.870737204015304,1,synthetic,Pronation synthétique,generated_pronation.csv
23.88,9.793308116870929,4.475060930986321,-15.349665190434752,1,synthetic,Pronation synthétique,generated_pronation.csv
23.9,9.155541597909629,5.513617828738666,-15.252267471771395,1,synthetic,Pronation synthétique,generated_pronation.csv
23.92,8.357227997020878,5.148477338636954,-14.115690829427292,1,synthetic,Pronation synthétique,generated_pronation.csv
23.94,6.706436902293008,5.1986039095470415,-14.07997724560507,1,synthetic,Pronation synthétique,generated_pronation.csv
23.96,5.790549867703779,5.489422356004853,-13.095907242257132,1,synthetic,Pronation synthétique,generated_pronation.csv
23.98,6.03899585204748,4.365833355321322,-11.050007417935888,1,synthetic,Pronation synthétique,generated_pronation.csv
24.0,5.251785018902492,3.7870132960425016,-10.68260288874584,1,synthetic,Pronation synthétique,generated_pronation.csv
24.02,5.8780471881961125,4.556127658617634,-11.82592441042295,1,synthetic,Pronation synthétique,generated_pronation.csv
24.04,5.96626275018694,4.333929114949645,-11.009574434236956,1,synthetic,Pronation synthétique,generated_pronation.csv
24.06,6.114999339956304,3.3909243659408923,-11.278916679154847,1,synthetic,Pronation synthétique,generated_pronation.csv
24.08,5.536197193625407,4.101424980653067,-11.475988103258038,1,synthetic,Pronation synthétique,generated_pronation.csv
24.1,5.773157211413372,3.971077118667366,-11.502948802165928,1,synthetic,Pronation synthétique,generated_pronation.csv
24.12,5.886036466450845,3.9851201180186058,-12.231196385009559,1,synthetic,Pronation synthétique,generated_pronation.csv
24.14,6.003017513875845,4.082923414156212,-12.875302462933227,1,synthetic,Pronation synthétique,generated_pronation.csv
24.16,5.904912909093024,4.033231786706856,-13.128423456966868,1,synthetic,Pronation synthétique,generated_pronation.csv
24.18,5.432275317301561,4.639184920961789,-13.20603079936472,1,synthetic,Pronation synthétique,generated_pronation.csv
24.2,5.295937162349402,4.484657618959565,-12.904259732380549,1,synthetic,Pronation synthétique,generated_pronation.csv
24.22,5.005646299069344,4.558410709652721,-13.337866213130622,1,synthetic,Pronation synthétique,generated_pronation.csv
24.24,5.320300339794107,5.000720095990988,-13.53769902387852,1,synthetic,Pronation synthétique,generated_pronation.csv
24.26,5.078751446933973,5.088778329089947,-13.834539902337076,1,synthetic,Pronation synthétique,generated_pronation.csv
24.28,5.279022464088662,5.182454205855721,-13.450340425075925,1,synthetic,Pronation synthétique,generated_pronation.csv
24.3,5.533806117336052,5.394887079945569,-13.784243358264353,1,synthetic,Pronation synthétique,generated_pronation.csv
24.32,4.78875284989617,6.077094905388073,-14.105545236951526,1,synthetic,Pronation synthétique,generated_pronation.csv
24.34,4.018630831802117,5.932899986266274,-14.386909262040916,1,synthetic,Pronation synthétique,generated_pronation.csv
24.36,3.6631468862858054,5.931988807600299,-14.366509397817563,1,synthetic,Pronation synthétique,generated_pronation.csv
24.38,2.723220535716349,5.799672739238217,-15.497272162231846,1,synthetic,Pronation synthétique,generated_pronation.csv
24.4,1.6759251397646397,5.94391820901635,-15.694408910003686,1,synthetic,Pronation synthétique,generated_pronation.csv
24.42,0.940382185492924,5.6105191065014175,-16.68214919240001,1,synthetic,Pronation synthétique,generated_pronation.csv
24.44,-1.4399930274785608,5.743530085340123,-17.98038942692253,1,synthetic,Pronation synthétique,generated_pronation.csv
24.46,-4.792602581126404,5.6120764250156885,-18.823513748949214,1,synthetic,Pronation synthétique,generated_pronation.csv
24.48,-8.117432733249027,4.965657194216676,-20.35214720462782,1,synthetic,Pronation synthétique,generated_pronation.csv
24.5,-13.465153949098315,6.208731114599301,-22.03969397153842,1,synthetic,Pronation synthétique,generated_pronation.csv
24.52,-21.094219414852414,7.748929374327043,-23.560328457283497,1,synthetic,Pronation synthétique,generated_pronation.csv
24.54,-30.351831992453626,9.64346282699447,-25.88978037857037,1,synthetic,Pronation synthétique,generated_pronation.csv
24.56,-40.623104392172806,12.579960071029124,-27.35626298490212,1,synthetic,Pronation synthétique,generated_pronation.csv
24.58,-50.07344511155482,14.639887171566983,-28.10882325090613,1,synthetic,Pronation synthétique,generated_pronation.csv
24.6,-57.16207690811868,12.745900920735906,-27.61411432032863,1,synthetic,Pronation synthétique,generated_pronation.csv
24.62,-61.42985316021284,11.919470082948541,-25.79197160312481,1,synthetic,Pronation synthétique,generated_pronation.csv
24.64,-62.75215399270377,11.859166934510725,-23.79676063270583,1,synthetic,Pronation synthétique,generated_pronation.csv
24.66,-61.6448028289565,9.32005671288053,-19.054852438376038,1,synthetic,Pronation synthétique,generated_pronation.csv
24.68,-58.832160711339704,7.600458534665828,-16.55297205845281,1,synthetic,Pronation synthétique,generated_pronation.csv
24.7,-55.373963988140275,8.26360056249583,-13.165446059307996,1,synthetic,Pronation synthétique,generated_pronation.csv
24.72,-51.8822078491725,7.3704825301734695,-11.74380945835224,1,synthetic,Pronation synthétique,generated_pronation.csv
24.74,-46.595118845035614,4.679067708470834,-10.329563938787995,1,synthetic,Pronation synthétique,generated_pronation.csv
24.76,-40.70267211141177,3.956718300366533,-9.215944772334948,1,synthetic,Pronation synthétique,generated_pronation.csv
24.78,-34.942251444906745,4.150095616605785,-9.977470252330638,1,synthetic,Pronation synthétique,generated_pronation.csv
24.8,-28.823297573328873,4.271736190069256,-9.553077695374904,1,synthetic,Pronation synthétique,generated_pronation.csv
24.82,-23.456707966337774,3.5440756956294472,-9.916846711800755,1,synthetic,Pronation synthétique,generated_pronation.csv
24.84,-17.810913099764292,4.243150319935819,-11.23031102926047,1,synthetic,Pronation synthétique,generated_pronation.csv
24.86,-11.393917506121648,4.487149447035537,-11.700066371165493,1,synthetic,Pronation synthétique,generated_pronation.csv
24.88,-6.118576934096761,3.901713217109242,-13.15013638818408,1,synthetic,Pronation synthétique,generated_pronation.csv
24.9,-1.042280594820265,3.5154575064198093,-14.39147828691768,1,synthetic,Pronation synthétique,generated_pronation.csv
24.92,3.9959499598830073,2.6039671905320394,-15.510582686627984,1,synthetic,Pronation synthétique,generated_pronation.csv
24.94,8.481733239145218,2.1769144745241564,-15.345417402217398,1,synthetic,Pronation synthétique,generated_pronation.csv
24.96,12.010318530625165,2.3753002716968803,-17.3724462340064,1,synthetic,Pronation synthétique,generated_pronation.csv
24.98,13.759793669253968,3.1242688738410376,-19.21772944958388,1,synthetic,Pronation synthétique,generated_pronation.csv
25.0,15.982930023500233,3.648223995514691,-20.57487605148816,1,synthetic,Pronation synthétique,generated_pronation.csv
25.02,16.91170846420396,3.659122659461851,-21.768705628837935,1,synthetic,Pronation synthétique,generated_pronation.csv
25.04,16.63529433323578,4.343300215943861,-22.616027125092877,1,synthetic,Pronation synthétique,generated_pronation.csv
25.06,13.931292481541027,3.255662701221774,-21.55527684016501,1,synthetic,Pronation synthétique,generated_pronation.csv
25.08,11.41373853878528,3.450709487518915,-20.180922659124903,1,synthetic,Pronation synthétique,generated_pronation.csv
25.1,8.800844101452444,2.2778761986250964,-17.513345182050163,1,synthetic,Pronation synthétique,generated_pronation.csv
25.12,6.341334393348996,1.0304660454979435,-15.303509984114374,1,synthetic,Pronation synthétique,generated_pronation.csv
25.14,5.337392577965748,0.7907731558819368,-13.631228791535584,1,synthetic,Pronation synthétique,generated_pronation.csv
25.16,5.238733421612221,0.31428899059922,-12.639638892348048,1,synthetic,Pronation synthétique,generated_pronation.csv
25.18,5.618099519680214,-0.13745409675771275,-11.648894292271816,1,synthetic,Pronation synthétique,generated_pronation.csv
25.2,6.001606335766279,-0.3986010884177824,-10.722279117767958,1,synthetic,Pronation synthétique,generated_pronation.csv
25.22,6.193639140382525,0.17367680314689604,-10.57401535260491,1,synthetic,Pronation synthétique,generated_pronation.csv
25.24,5.880780787402081,-0.06723258597224897,-10.167437136516263,1,synthetic,Pronation synthétique,generated_pronation.csv
25.26,6.349632345091191,-0.11683781509506584,-9.717567306641946,1,synthetic,Pronation synthétique,generated_pronation.csv
25.28,5.941924904530222,-0.27993059016522676,-9.30141871452717,1,synthetic,Pronation synthétique,generated_pronation.csv
25.3,5.798664100982607,0.19620080247142607,-8.397046179971056,1,synthetic,Pronation synthétique,generated_pronation.csv
25.32,6.127208494281241,-0.3812692016282814,-8.982400661115868,1,synthetic,Pronation synthétique,generated_pronation.csv
25.34,6.28447966299385,-0.4748656684044432,-8.527858841948673,1,synthetic,Pronation synthétique,generated_pronation.csv
25.36,5.871478142966953,0.15850879604322216,-8.468642925430665,1,synthetic,Pronation synthétique,generated_pronation.csv
25.38,6.1751053483523055,0.2763683994542136,-9.09697352089173,1,synthetic,Pronation synthétique,generated_pronation.csv
25.4,6.06692646420688,0.043891283036850096,-9.02900067597209,1,synthetic,Pronation synthétique,generated_pronation.csv
25.42,6.965186041875162,-0.48153788343713766,-9.452221022503984,1,synthetic,Pronation synthétique,generated_pronation.csv
25.44,5.8973484072258655,-0.013415566034024717,-10.217057251416579,1,synthetic,Pronation synthétique,generated_pronation.csv
25.46,6.492675313603888,0.4897005380019271,-10.561879005878946,1,synthetic,Pronation synthétique,generated_pronation.csv
25.48,5.9523281177499,0.4718392091472079,-11.137410047793939,1,synthetic,Pronation synthétique,generated_pronation.csv
25.5,5.760165638022947,1.1507548733274815,-11.819963744431544,1,synthetic,Pronation synthétique,generated_pronation.csv
25.52,5.692318681964705,0.5474151302621733,-12.858281215960425,1,synthetic,Pronation synthétique,generated_pronation.csv
25.54,5.293579173450494,1.4932749965126766,-13.297381562086452,1,synthetic,Pronation synthétique,generated_pronation.csv
25.56,4.699205775524272,1.4510088331999986,-13.15624594379788,1,synthetic,Pronation synthétique,generated_pronation.csv
25.58,3.4507721912784173,2.3989229041623994,-14.73639299843603,1,synthetic,Pronation synthétique,generated_pronation.csv
25.6,1.8182727719771303,2.258995381524227,-14.971750343037957,1,synthetic,Pronation synthétique,generated_pronation.csv
25.62,0.009751359585575908,2.7805028069874544,-15.6160317910047,1,synthetic,Pronation synthétique,generated_pronation.csv
25.64,-2.130051000087259,2.395964129013421,-16.954421228547883,1,synthetic,Pronation synthétique,generated_pronation.csv
25.66,-5.520961703824572,2.3581466154482107,-18.254573387827463,1,synthetic,Pronation synthétique,generated_pronation.csv
25.68,-9.90974452782175,3.1013403189033752,-20.377478133813344,1,synthetic,Pronation synthétique,generated_pronation.csv
25.7,-16.26448248582142,4.509319731955285,-22.588510537491928,1,synthetic,Pronation synthétique,generated_pronation.csv
25.72,-23.723244009700515,5.975999806510789,-25.06721288703725,1,synthetic,Pronation synthétique,generated_pronation.csv
25.74,-32.98160797378309,9.393221654118841,-28.82952741585151,1,synthetic,Pronation synthétique,generated_pronation.csv
25.76,-43.359116030859305,13.028601221748682,-30.767011130736226,1,synthetic,Pronation synthétique,generated_pronation.csv
25.78,-52.260840306044706,12.732021520462402,-32.13511948894117,1,synthetic,Pronation synthétique,generated_pronation.csv
25.8,-57.50317265478648,10.734393965118999,-31.957716044665577,1,synthetic,Pronation synthétique,generated_pronation.csv
25.82,-60.26481423673269,11.224937548166665,-30.15780004358718,1,synthetic,Pronation synthétique,generated_pronation.csv
25.84,-59.93627090585292,9.84669011360104,-27.046831259819104,1,synthetic,Pronation synthétique,generated_pronation.csv
25.86,-59.012772784951,7.120031569572226,-23.281157714380285,1,synthetic,Pronation synthétique,generated_pronation.csv
25.88,-55.183288634289575,6.379317676125758,-19.37135816944653,1,synthetic,Pronation synthétique,generated_pronation.csv
25.9,-52.02368268318981,7.20956385553919,-16.612609510255027,1,synthetic,Pronation synthétique,generated_pronation.csv
25.92,-48.0573743199408,5.356919501509093,-14.810556698281435,1,synthetic,Pronation synthétique,generated_pronation.csv
25.94,-43.21987118709192,3.4084945956153527,-14.177001276208774,1,synthetic,Pronation synthétique,generated_pronation.csv
25.96,-37.56494978339692,3.746881918624373,-12.682735939907056,1,synthetic,Pronation synthétique,generated_pronation.csv
25.98,-31.969399270775188,4.0370173933404825,-13.23067482428168,1,synthetic,Pronation synthétique,generated_pronation.csv
26.0,-26.43759262729014,4.977790080225894,-13.222826142430197,1,synthetic,Pronation synthétique,generated_pronation.csv
26.02,-20.378615433775675,5.824143749040089,-13.20948943433137,1,synthetic,Pronation synthétique,generated_pronation.csv
26.04,-14.323925310206695,6.6791425629600685,-15.192910013104324,1,synthetic,Pronation synthétique,generated_pronation.csv
26.06,-8.218797753540382,7.456405849689271,-16.179362266917856,1,synthetic,Pronation synthétique,generated_pronation.csv
26.08,-1.895747548508285,7.979082739243855,-17.8488475778386,1,synthetic,Pronation synthétique,generated_pronation.csv
26.1,2.7538354167719254,6.627864115522032,-19.03163947955013,1,synthetic,Pronation synthétique,generated_pronation.csv
26.12,8.289383340165486,5.830386219089753,-20.01784305200532,1,synthetic,Pronation synthétique,generated_pronation.csv
26.14,12.087398635955333,5.270581299704152,-20.011946112076682,1,synthetic,Pronation synthétique,generated_pronation.csv
26.16,15.434262489799071,4.477305531245991,-20.294301687306383,1,synthetic,Pronation synthétique,generated_pronation.csv
26.18,17.216244678551515,4.136804610837798,-20.205675419302974,1,synthetic,Pronation synthétique,generated_pronation.csv
26.2,17.74012099800932,4.495859057552403,-20.815530489378347,1,synthetic,Pronation synthétique,generated_pronation.csv
26.22,16.81870249851085,4.8129361839689375,-22.148494500128866,1,synthetic,Pronation synthétique,generated_pronation.csv
26.24,13.310348060303028,3.3097495418461738,-21.280870509083233,1,synthetic,Pronation synthétique,generated_pronation.csv
26.26,11.179915388350537,3.451577178283929,-20.078886400735286,1,synthetic,Pronation synthétique,generated_pronation.csv
26.28,8.145051552790772,3.063085604755249,-18.610256019806293,1,synthetic,Pronation synthétique,generated_pronation.csv
26.3,6.022828151596952,2.2054830393062623,-16.268002261934093,1,synthetic,Pronation synthétique,generated_pronation.csv
26.32,4.790482740174161,1.5333066396882535,-13.624619140664542,1,synthetic,Pronation synthétique,generated_pronation.csv
26.34,4.123328944989118,1.0840857068052066,-12.35796903467044,1,synthetic,Pronation synthétique,generated_pronation.csv
26.36,5.073074399618658,1.1480911979942812,-11.917061237907419,1,synthetic,Pronation synthétique,generated_pronation.csv
26.38,5.698928011383648,0.5142268658713789,-10.876191906169819,1,synthetic,Pronation synthétique,generated_pronation.csv
26.4,6.214672786076845,0.621984840380554,-10.42599228765121,1,synthetic,Pronation synthétique,generated_pronation.csv
26.42,5.882103840969332,0.6030929194151167,-10.903787781960322,1,synthetic,Pronation synthétique,generated_pronation.csv
26.44,5.83863546569559,0.642834684768669,-11.046478050987783,1,synthetic,Pronation synthétique,generated_pronation.csv
26.46,5.204295250789692,0.609644776594707,-10.724040402861077,1,synthetic,Pronation synthétique,generated_pronation.csv
26.48,5.839487138845268,1.069107127835516,-11.430378729399294,1,synthetic,Pronation synthétique,generated_pronation.csv
26.5,5.6515857250415635,0.9181037292090275,-13.05047755868507,1,synthetic,Pronation synthétique,generated_pronation.csv
26.52,4.722173184869204,1.196004510094273,-13.798814832145142,1,synthetic,Pronation synthétique,generated_pronation.csv
26.54,4.190139556641011,1.3826225681897373,-14.1017855696549,1,synthetic,Pronation synthétique,generated_pronation.csv
26.56,3.248095481058649,1.364020598750903,-15.310818756466828,1,synthetic,Pronation synthétique,generated_pronation.csv
26.58,3.4707844398620975,1.7381770192207087,-15.72901703789711,1,synthetic,Pronation synthétique,generated_pronation.csv
26.6,3.408413704999017,2.0403552677505563,-16.422897027556463,1,synthetic,Pronation synthétique,generated_pronation.csv
26.62,2.2143082674438803,2.8240022089044783,-16.665568237124635,1,synthetic,Pronation synthétique,generated_pronation.csv
26.64,1.684929797573783,3.019512718826578,-18.088334088114845,1,synthetic,Pronation synthétique,generated_pronation.csv
26.66,0.7573627159223739,3.4352538278024136,-18.44019934244607,1,synthetic,Pronation synthétique,generated_pronation.csv
26.68,-0.5195534959852022,4.332624486123747,-18.538618591713263,1,synthetic,Pronation synthétique,generated_pronation.csv
26.7,-0.7119432245567512,4.89284726779145,-18.296078104117235,1,synthetic,Pronation synthétique,generated_pronation.csv
26.72,-2.5542394784249374,4.5827429134826465,-19.14920114421473,1,synthetic,Pronation synthétique,generated_pronation.csv
26.74,-3.5588336626902035,5.92024800554033,-20.290989786999447,1,synthetic,Pronation synthétique,generated_pronation.csv
26.76,-5.134959984416007,5.662394646698436,-20.512691564973956,1,synthetic,Pronation synthétique,generated_pronation.csv
26.78,-7.252295985906239,5.895869826718171,-21.666509083628316,1,synthetic,Pronation synthétique,generated_pronation.csv
26.8,-10.380445680960346,6.831917606222216,-23.8003754493967,1,synthetic,Pronation synthétique,generated_pronation.csv
26.82,-14.443038002574164,7.514816995226085,-26.25144151215522,1,synthetic,Pronation synthétique,generated_pronation.csv
26.84,-20.171009022948507,8.800614531173947,-29.097605937212265,1,synthetic,Pronation synthétique,generated_pronation.csv
26.86,-27.099225467849266,12.18761314653873,-32.92206806521749,1,synthetic,Pronation synthétique,generated_pronation.csv
26.88,-35.20466897292899,15.728752505531611,-36.92778942042107,1,synthetic,Pronation synthétique,generated_pronation.csv
26.9,-44.7411661772941,17.73868101769414,-39.38648486066992,1,synthetic,Pronation synthétique,generated_pronation.csv
26.92,-52.556989700116475,17.374210395820214,-40.83921011901873,1,synthetic,Pronation synthétique,generated_pronation.csv
26.94,-58.06504530125437,16.122426757185824,-40.384000573519685,1,synthetic,Pronation synthétique,generated_pronation.csv
26.96,-61.148018227221115,15.797396641975842,-37.462263146887004,1,synthetic,Pronation synthétique,generated_pronation.csv
26.98,-61.87793103624357,12.811412673802344,-32.617206146231545,1,synthetic,Pronation synthétique,generated_pronation.csv
27.0,-59.71040140036857,11.817715617391395,-27.59195295924181,1,synthetic,Pronation synthétique,generated_pronation.csv
27.02,-57.141809543653466,11.028166413548377,-22.169603603008117,1,synthetic,Pronation synthétique,generated_pronation.csv
27.04,-53.185972253545664,11.079863242169166,-17.010447666200132,1,synthetic,Pronation synthétique,generated_pronation.csv
27.06,-48.917800096051785,9.814760869064889,-13.516574183559703,1,synthetic,Pronation synthétique,generated_pronation.csv
27.08,-43.562326629263744,8.460870241085756,-11.151847377510485,1,synthetic,Pronation synthétique,generated_pronation.csv
27.1,-39.228813553244194,7.807632103681957,-10.844581699466783,1,synthetic,Pronation synthétique,generated_pronation.csv
27.12,-33.423241855138585,8.251776988227586,-10.18120910312774,1,synthetic,Pronation synthétique,generated_pronation.csv
27.14,-27.305644847852328,7.956690631601269,-11.09935877271073,1,synthetic,Pronation synthétique,generated_pronation.csv
27.16,-21.792188913854368,7.850598965228105,-12.09357960635538,1,synthetic,Pronation synthétique,generated_pronation.csv
27.18,-16.001524099521887,7.868096676990797,-13.35280060566899,1,synthetic,Pronation synthétique,generated_pronation.csv
27.2,-9.610836817221632,7.5211596557191225,-14.17235293377495,1,synthetic,Pronation synthétique,generated_pronation.csv
27.22,-4.406880888019822,6.976173421260826,-15.892337969579183,1,synthetic,Pronation synthétique,generated_pronation.csv
27.24,1.1184928911368188,6.632171530329074,-17.926087359220737,1,synthetic,Pronation synthétique,generated_pronation.csv
27.26,6.411416720871244,5.936104308776107,-19.490155890464003,1,synthetic,Pronation synthétique,generated_pronation.csv
27.28,11.742416527297378,5.989708898949208,-20.410911118379932,1,synthetic,Pronation synthétique,generated_pronation.csv
27.3,15.897480754711461,5.98588216615368,-21.62996486562512,1,synthetic,Pronation synthétique,generated_pronation.csv
27.32,18.444544407198237,5.8326662254301285,-21.637008972103605,1,synthetic,Pronation synthétique,generated_pronation.csv
27.34,20.15919689175613,6.337043859816515,-23.311944461605993,1,synthetic,Pronation synthétique,generated_pronation.csv
27.36,21.152050500378515,6.729077924828347,-24.373044910354317,1,synthetic,Pronation synthétique,generated_pronation.csv
27.38,21.924738333724864,8.299910933022872,-24.46461914455675,1,synthetic,Pronation synthétique,generated_pronation.csv
27.4,20.10922669730808,8.063120594319324,-23.536680134808126,1,synthetic,Pronation synthétique,generated_pronation.csv
27.42,17.07453885605589,6.448246985240831,-22.74968910053929,1,synthetic,Pronation synthétique,generated_pronation.csv
27.44,14.34275178114405,5.842246097742086,-21.032798448871265,1,synthetic,Pronation synthétique,generated_pronation.csv
27.46,10.659041116140067,4.043302913405703,-18.09996176980033,1,synthetic,Pronation synthétique,generated_pronation.csv
27.48,7.2704250999241085,2.9029307234032946,-16.728881068338065,1,synthetic,Pronation synthétique,generated_pronation.csv
27.5,5.693971426376653,2.144484336108242,-15.756459019340422,1,synthetic,Pronation synthétique,generated_pronation.csv
27.52,5.412386587110544,1.7646316912247832,-15.008056372907973,1,synthetic,Pronation synthétique,generated_pronation.csv
27.54,4.572474687553434,1.1214255972959346,-13.919890165899856,1,synthetic,Pronation synthétique,generated_pronation.csv
27.56,5.217471730542324,1.1286328467844582,-13.857757420091124,1,synthetic,Pronation synthétique,generated_pronation.csv
27.58,5.62058738403996,0.5715603879917972,-14.182447991406567,1,synthetic,Pronation synthétique,generated_pronation.csv
27.6,5.691685305049622,1.0915376769943395,-14.029308806139122,1,synthetic,Pronation synthétique,generated_pronation.csv
27.62,4.50443173880744,0.78234829831398,-14.744117365710787,1,synthetic,Pronation synthétique,generated_pronation.csv
27.64,5.861349496293318,1.2869994084683083,-14.568896366032662,1,synthetic,Pronation synthétique,generated_pronation.csv
27.66,4.731195775677046,1.3685188844866325,-15.18495310870256,1,synthetic,Pronation synthétique,generated_pronation.csv
27.68,5.36515687340057,1.8687443976589369,-15.76186574305914,1,synthetic,Pronation synthétique,generated_pronation.csv
27.7,5.517650089091809,1.7167755014923367,-15.647893536563874,1,synthetic,Pronation synthétique,generated_pronation.csv
27.72,5.540241682955118,2.16458287470904,-15.773243906426513,1,synthetic,Pronation synthétique,generated_pronation.csv
27.74,5.450597270183038,1.660582538239748,-15.55916993010589,1,synthetic,Pronation synthétique,generated_pronation.csv
27.76,5.197503158108621,2.2105749227779308,-14.711562376390011,1,synthetic,Pronation synthétique,generated_pronation.csv
27.78,5.889891079614239,2.0560772934864247,-14.29302642009579,1,synthetic,Pronation synthétique,generated_pronation.csv
27.8,5.591041586382553,2.3128583630411366,-13.830964489134118,1,synthetic,Pronation synthétique,generated_pronation.csv
27.82,5.113281027940824,2.4341438408143437,-14.399493107879213,1,synthetic,Pronation synthétique,generated_pronation.csv
27.84,6.674247699821464,2.8972972240954364,-14.538552340776771,1,synthetic,Pronation synthétique,generated_pronation.csv
27.86,5.88542526350632,2.259003435484239,-14.949361036474695,1,synthetic,Pronation synthétique,generated_pronation.csv
27.88,5.876204718786652,3.313101055768691,-14.54545232395365,1,synthetic,Pronation synthétique,generated_pronation.csv
27.9,4.499057610942931,3.1295221326484013,-14.909029556416534,1,synthetic,Pronation synthétique,generated_pronation.csv
27.92,4.417505142412042,4.2967127315983245,-15.439189265863678,1,synthetic,Pronation synthétique,generated_pronation.csv
27.94,3.315420954932608,3.6694361489863296,-15.466060595530625,1,synthetic,Pronation synthétique,generated_pronation.csv
27.96,1.7959965524441992,4.234271448843126,-16.188295087839773,1,synthetic,Pronation synthétique,generated_pronation.csv
27.98,-0.7228514915562566,4.216067007759794,-17.938424220798662,1,synthetic,Pronation synthétique,generated_pronation.csv
28.0,-3.8118569434485696,5.442836990214127,-18.694363634613087,1,synthetic,Pronation synthétique,generated_pronation.csv
28.02,-7.175019033253092,5.072841845459747,-21.04147530935345,1,synthetic,Pronation synthétique,generated_pronation.csv
28.04,-12.516651358121718,6.4655901858732445,-23.893473829810052,1,synthetic,Pronation synthétique,generated_pronation.csv
28.06,-18.41737735424666,7.56571830793964,-26.941659915486877,1,synthetic,Pronation synthétique,generated_pronation.csv
28.08,-25.46545499012572,8.913387403774708,-29.953830624043494,1,synthetic,Pronation synthétique,generated_pronation.csv
28.1,-34.85354872198366,13.610112204323768,-33.882595289539374,1,synthetic,Pronation synthétique,generated_pronation.csv
28.12,-44.17778636462951,16.304030899045564,-36.31639052268995,1,synthetic,Pronation synthétique,generated_pronation.csv
28.14,-51.87591396145634,15.05411135611271,-38.59965945760163,1,synthetic,Pronation synthétique,generated_pronation.csv
28.16,-56.72727488160166,14.387278661495236,-38.31378152435328,1,synthetic,Pronation synthétique,generated_pronation.csv
28.18,-60.02489182314464,14.24186997341859,-35.7113658121963,1,synthetic,Pronation synthétique,generated_pronation.csv
28.2,-60.8169358168234,11.238095894748108,-32.44577113897887,1,synthetic,Pronation synthétique,generated_pronation.csv
28.22,-58.32419583480613,8.562361634249173,-28.10583252801589,1,synthetic,Pronation synthétique,generated_pronation.csv
28.24,-56.105638164175865,9.194536343522818,-23.960945304536253,1,synthetic,Pronation synthétique,generated_pronation.csv
28.26,-52.33784429161083,10.060794463932366,-18.9385144107657,1,synthetic,Pronation synthétique,generated_pronation.csv
28.28,-47.29184853931241,8.196311825342217,-15.986822260495936,1,synthetic,Pronation synthétique,generated_pronation.csv
28.3,-42.75875444705123,7.414519916948781,-13.96488671365606,1,synthetic,Pronation synthétique,generated_pronation.csv
28.32,-37.06077679615947,7.752210210651796,-12.960667612395095,1,synthetic,Pronation synthétique,generated_pronation.csv
28.34,-31.646643901915105,8.393487662401826,-12.95496556348969,1,synthetic,Pronation synthétique,generated_pronation.csv
28.36,-25.533171704123863,9.287307930269474,-13.282038153178862,1,synthetic,Pronation synthétique,generated_pronation.csv
28.38,-19.378185710457775,8.737533396211184,-13.946122937983228,1,synthetic,Pronation synthétique,generated_pronation.csv
28.4,-14.024940115701447,8.927251685555486,-15.772781740851105,1,synthetic,Pronation synthétique,generated_pronation.csv
28.42,-7.602824944906513,8.769726578217174,-16.74074456329936,1,synthetic,Pronation synthétique,generated_pronation.csv
28.44,-2.1178978211448984,7.930594644107579,-18.733059424658613,1,synthetic,Pronation synthétique,generated_pronation.csv
28.46,3.393044705746365,8.035816309038188,-20.202159412415913,1,synthetic,Pronation synthétique,generated_pronation.csv
28.48,8.61574684580574,6.4105648215534945,-20.773169331349397,1,synthetic,Pronation synthétique,generated_pronation.csv
28.5,14.045715903462684,7.203659368854698,-22.28555289380423,1,synthetic,Pronation synthétique,generated_pronation.csv
28.52,17.97101307811299,7.580341958348004,-23.067177137327675,1,synthetic,Pronation synthétique,generated_pronation.csv
28.54,19.807417452868023,7.594572853983057,-24.379655377190172,1,synthetic,Pronation synthétique,generated_pronation.csv
28.56,20.5285982316782,8.39758650569022,-25.85565861922376,1,synthetic,Pronation synthétique,generated_pronation.csv
28.58,21.845957246818923,9.494340423228955,-25.463639781677617,1,synthetic,Pronation synthétique,generated_pronation.csv
28.6,20.506227948739358,9.394458344896496,-24.896849475685098,1,synthetic,Pronation synthétique,generated_pronation.csv
28.62,17.198216069960402,7.704608648057117,-22.72095696354105,1,synthetic,Pronation synthétique,generated_pronation.csv
28.64,14.08351373729638,6.7587038974128015,-21.42238945077959,1,synthetic,Pronation synthétique,generated_pronation.csv
28.66,11.296923977241889,6.179397861703521,-18.849436224094216,1,synthetic,Pronation synthétique,generated_pronation.csv
28.68,7.653656711208185,4.947312758386576,-16.253957586454547,1,synthetic,Pronation synthétique,generated_pronation.csv
28.7,5.198726133431563,3.909723256439745,-15.417312911662142,1,synthetic,Pronation synthétique,generated_pronation.csv
28.72,5.558555939534466,3.1341074244182643,-14.562939814316046,1,synthetic,Pronation synthétique,generated_pronation.csv
28.74,4.98728255772512,3.8687164262466545,-14.817422823822362,1,synthetic,Pronation synthétique,generated_pronation.csv
28.76,5.241095448411807,3.500350014202939,-14.640200120922842,1,synthetic,Pronation synthétique,generated_pronation.csv
28.78,5.189335891969093,3.77681139629044,-15.309694182745,1,synthetic,Pronation synthétique,generated_pronation.csv
28.8,5.480739136412003,3.5087559847074044,-15.241759892348666,1,synthetic,Pronation synthétique,generated_pronation.csv
28.82,5.258366153703783,3.648955118015376,-15.848847821428286,1,synthetic,Pronation synthétique,generated_pronation.csv
28.84,5.515983537661279,3.7628055141968937,-15.925187590559194,1,synthetic,Pronation synthétique,generated_pronation.csv
28.86,5.6933507075796514,4.509285345723552,-15.709142437689103,1,synthetic,Pronation synthétique,generated_pronation.csv
28.88,5.137975274536195,4.6716213157945345,-16.25843014827013,1,synthetic,Pronation synthétique,generated_pronation.csv
28.9,5.406199110077933,3.757963870716413,-15.915993036945823,1,synthetic,Pronation synthétique,generated_pronation.csv
28.92,5.433271362480447,4.25433669353866,-15.808233031771382,1,synthetic,Pronation synthétique,generated_pronation.csv
28.94,6.061390582661283,5.189125296448401,-16.377038808685384,1,synthetic,Pronation synthétique,generated_pronation.csv
28.96,6.463225206276184,4.692912439594068,-16.08461879319983,1,synthetic,Pronation synthétique,generated_pronation.csv
28.98,6.324500331457607,4.562898540696898,-15.718714708947859,1,synthetic,Pronation synthétique,generated_pronation.csv
29.0,6.068393533950138,5.1484921973476565,-15.647803385868844,1,synthetic,Pronation synthétique,generated_pronation.csv
29.02,6.663049465073856,5.2974666675976785,-15.285411508595672,1,synthetic,Pronation synthétique,generated_pronation.csv
29.04,5.799584498254122,5.487999833274471,-15.906276010257915,1,synthetic,Pronation synthétique,generated_pronation.csv
29.06,6.60526803745619,5.558036423072008,-15.086584544762855,1,synthetic,Pronation synthétique,generated_pronation.csv
29.08,5.785220877638152,5.847661608325622,-15.08852134651557,1,synthetic,Pronation synthétique,generated_pronation.csv
29.1,4.703942119374757,6.09793505072092,-15.370169509586987,1,synthetic,Pronation synthétique,generated_pronation.csv
29.12,5.747329524406161,6.652830554871865,-15.75934329897146,1,synthetic,Pronation synthétique,generated_pronation.csv
29.14,4.472031791257349,6.609176928638616,-15.530656532196495,1,synthetic,Pronation synthétique,generated_pronation.csv
29.16,2.439869265858944,7.03675359122366,-16.176448602255665,1,synthetic,Pronation synthétique,generated_pronation.csv
29.18,1.009776173431528,7.27706773613843,-16.740346046814043,1,synthetic,Pronation synthétique,generated_pronation.csv
29.2,-1.5460560030212347,7.898967915603658,-18.36059701937826,1,synthetic,Pronation synthétique,generated_pronation.csv
29.22,-4.929259078300351,7.973808357890957,-20.087551848756704,1,synthetic,Pronation synthétique,generated_pronation.csv
29.24,-10.12328575301898,8.685687372351387,-22.876621170663196,1,synthetic,Pronation synthétique,generated_pronation.csv
29.26,-16.128312542390223,10.139762614062942,-24.919012494519507,1,synthetic,Pronation synthétique,generated_pronation.csv
29.28,-24.02410945220072,11.866824527637966,-28.855696280302755,1,synthetic,Pronation synthétique,generated_pronation.csv
29.3,-33.653269249982266,15.250587732547297,-31.203912413524595,1,synthetic,Pronation synthétique,generated_pronation.csv
29.32,-42.12051579538313,16.508592314551805,-32.22190868353705,1,synthetic,Pronation synthétique,generated_pronation.csv
29.34,-47.99780958159158,16.049443795258263,-32.59522533026642,1,synthetic,Pronation synthétique,generated_pronation.csv
29.36,-50.87926485704446,15.384951299693206,-30.268519637677628,1,synthetic,Pronation synthétique,generated_pronation.csv
29.38,-53.85970040080277,14.656408342912457,-28.05167630924687,1,synthetic,Pronation synthétique,generated_pronation.csv
29.4,-52.79221555044298,12.460521213011226,-23.66594791654812,1,synthetic,Pronation synthétique,generated_pronation.csv
29.42,-50.86802449790405,11.695245399668227,-20.119147018639488,1,synthetic,Pronation synthétique,generated_pronation.csv
29.44,-48.8069604473067,11.817933008681072,-16.934599037173978,1,synthetic,Pronation synthétique,generated_pronation.csv
29.46,-45.38884034044895,11.171703960684066,-14.637841062817584,1,synthetic,Pronation synthétique,generated_pronation.csv
29.48,-41.35232434871879,9.641939285789164,-13.176568505152463,1,synthetic,Pronation synthétique,generated_pronation.csv
29.5,-35.765768567740885,8.784651070071213,-12.478916853980168,1,synthetic,Pronation synthétique,generated_pronation.csv
29.52,-30.955408445351726,9.386319365047537,-11.551482464981929,1,synthetic,Pronation synthétique,generated_pronation.csv
29.54,-25.988321311379973,9.873436559144663,-12.491465248883177,1,synthetic,Pronation synthétique,generated_pronation.csv
29.56,-20.27508265112753,10.189664931149872,-13.4616465073025,1,synthetic,Pronation synthétique,generated_pronation.csv
29.58,-14.651643556704238,9.654553070842807,-13.878580755165757,1,synthetic,Pronation synthétique,generated_pronation.csv
29.6,-8.89323424990231,10.151291838473364,-15.150709769308973,1,synthetic,Pronation synthétique,generated_pronation.csv
29.62,-3.001224640988152,9.042240648718593,-16.249044069190294,1,synthetic,Pronation synthétique,generated_pronation.csv
29.64,2.1323930431870988,8.28349898227117,-16.95346141995465,1,synthetic,Pronation synthétique,generated_pronation.csv
29.66,6.481421844954874,6.996453242301748,-18.128875641040842,1,synthetic,Pronation synthétique,generated_pronation.csv
29.68,10.685684915556358,5.454231111358877,-17.460571381690116,1,synthetic,Pronation synthétique,generated_pronation.csv
29.7,14.381112512458683,4.768289586146326,-17.10055410822005,1,synthetic,Pronation synthétique,generated_pronation.csv
29.72,16.43282681362351,4.3567359917368975,-17.289076962160667,1,synthetic,Pronation synthétique,generated_pronation.csv
29.74,17.8478951456573,5.654194214560627,-17.573840646240036,1,synthetic,Pronation synthétique,generated_pronation.csv
29.76,18.744834583586446,6.9799029784233895,-19.320263921763374,1,synthetic,Pronation synthétique,generated_pronation.csv
29.78,18.054254597942098,8.748612705189872,-18.703412630553693,1,synthetic,Pronation synthétique,generated_pronation.csv
29.8,15.00665624192305,8.213568259150549,-17.253193780015323,1,synthetic,Pronation synthétique,generated_pronation.csv
29.82,11.481121497676133,7.755220711211683,-16.96522407081894,1,synthetic,Pronation synthétique,generated_pronation.csv
29.84,9.353734909770518,6.328321436687545,-14.975642636768125,1,synthetic,Pronation synthétique,generated_pronation.csv
29.86,6.894350845217973,4.245585429695931,-12.763054412466902,1,synthetic,Pronation synthétique,generated_pronation.csv
29.88,4.412139170159818,3.3579107995065067,-11.725253915425442,1,synthetic,Pronation synthétique,generated_pronation.csv
29.9,4.634827288528122,3.2588378434260785,-11.416577158303154,1,synthetic,Pronation synthétique,generated_pronation.csv
29.92,5.516832108990388,3.6085793307983374,-13.134587742824232,1,synthetic,Pronation synthétique,generated_pronation.csv
29.94,5.466029697822231,3.598966932754915,-13.353137551112637,1,synthetic,Pronation synthétique,generated_pronation.csv
29.96,5.223526630278053,3.477339903244247,-14.109196585821254,1,synthetic,Pronation synthétique,generated_pronation.csv
29.98,5.236459251187784,4.006235988352516,-15.714143303803286,1,synthetic,Pronation synthétique,generated_pronation.csv
30.0,4.839934759271485,4.2957036456474,-16.3527613062235,1,synthetic,Pronation synthétique,generated_pronation.csv
30.02,5.636624896771226,4.448223376757072,-16.684853037503988,1,synthetic,Pronation synthétique,generated_pronation.csv
30.04,5.233522189031725,5.076647205659646,-17.70719635757763,1,synthetic,Pronation synthétique,generated_pronation.csv
30.06,5.604706205420919,5.604093833405358,-18.72017407050794,1,synthetic,Pronation synthétique,generated_pronation.csv
30.08,5.279695811565831,5.231974213885796,-20.229633843898895,1,synthetic,Pronation synthétique,generated_pronation.csv
30.1,5.478669384458393,5.475024093780591,-19.814663976502587,1,synthetic,Pronation synthétique,generated_pronation.csv
30.12,4.977278685657876,5.124016710893737,-19.716769031281995,1,synthetic,Pronation synthétique,generated_pronation.csv
30.14,5.262554430664156,5.943102259521652,-19.73687302268065,1,synthetic,Pronation synthétique,generated_pronation.csv
30.16,5.876103365402166,5.994836799921511,-19.29489854766473,1,synthetic,Pronation synthétique,generated_pronation.csv
30.18,4.690823096115866,5.613356993284804,-17.937885368348876,1,synthetic,Pronation synthétique,generated_pronation.csv
30.2,5.40055638066514,6.468333366893103,-18.53273763452693,1,synthetic,Pronation synthétique,generated_pronation.csv
30.22,5.423618657484642,6.68791449649182,-18.460743131125938,1,synthetic,Pronation synthétique,generated_pronation.csv
30.24,4.844580389520785,6.504178502920429,-17.911284872748027,1,synthetic,Pronation synthétique,generated_pronation.csv
30.26,4.5342811211841845,6.912588178860651,-17.97260047773259,1,synthetic,Pronation synthétique,generated_pronation.csv
30.28,4.130539693936282,7.084070384168438,-17.902847873994595,1,synthetic,Pronation synthétique,generated_pronation.csv
30.3,2.7506619101671466,7.953756137652975,-17.89493078922261,1,synthetic,Pronation synthétique,generated_pronation.csv
30.32,2.0943680446783084,7.570291113455345,-17.90893959622163,1,synthetic,Pronation synthétique,generated_pronation.csv
30.34,0.4213349653145492,8.119097707358689,-18.632356128806272,1,synthetic,Pronation synthétique,generated_pronation.csv
30.36,-1.0968145264816846,8.926358126926306,-20.00021295793817,1,synthetic,Pronation synthétique,generated_pronation.csv
30.38,-3.163678508688702,8.459475640032341,-21.019789558006238,1,synthetic,Pronation synthétique,generated_pronation.csv
30.4,-5.804960686370878,8.83731380727362,-22.654970125069443,1,synthetic,Pronation synthétique,generated_pronation.csv
30.42,-9.313635028510301,9.226254406145566,-25.16507229133075,1,synthetic,Pronation synthétique,generated_pronation.csv
30.44,-13.977281815054132,10.011613495928897,-27.268373340347786,1,synthetic,Pronation synthétique,generated_pronation.csv
30.46,-20.80913295749501,11.766253213944678,-30.16616559922317,1,synthetic,Pronation synthétique,generated_pronation.csv
30.48,-27.79654003101989,14.312762015790003,-33.75323560123342,1,synthetic,Pronation synthétique,generated_pronation.csv
30.5,-36.944322121372174,16.991288090063822,-35.75718540332497,1,synthetic,Pronation synthétique,generated_pronation.csv
30.52,-44.42590984945555,17.980046239593545,-36.70018210689487,1,synthetic,Pronation synthétique,generated_pronation.csv
30.54,-49.54302554683142,17.172371306275508,-36.22396598641688,1,synthetic,Pronation synthétique,generated_pronation.csv
30.56,-52.95520878991408,16.822436882027738,-34.64564954319198,1,synthetic,Pronation synthétique,generated_pronation.csv
30.58,-54.241716504945785,15.15357388952422,-30.583650692619894,1,synthetic,Pronation synthétique,generated_pronation.csv
30.6,-52.88671157587638,12.782570701929272,-26.457233726167992,1,synthetic,Pronation synthétique,generated_pronation.csv
30.62,-51.42073293974258,11.43065769744828,-21.710133524157378,1,synthetic,Pronation synthétique,generated_pronation.csv
30.64,-48.94097255271872,11.985576185483074,-17.327237003052893,1,synthetic,Pronation synthétique,generated_pronation.csv
30.66,-45.00022699638443,10.659503448817437,-14.568487940519208,1,synthetic,Pronation synthétique,generated_pronation.csv
30.68,-41.64777353761485,8.873543095724864,-12.533423041098997,1,synthetic,Pronation synthétique,generated_pronation.csv
30.7,-35.90964731642955,7.242246131247166,-11.478884307032262,1,synthetic,Pronation synthétique,generated_pronation.csv
30.72,-31.327992392605793,6.961555910028142,-10.971824616136006,1,synthetic,Pronation synthétique,generated_pronation.csv
30.74,-26.22449016152986,7.3499634907931775,-11.219532831863171,1,synthetic,Pronation synthétique,generated_pronation.csv
30.76,-20.188714462111037,7.006856327308833,-11.190370222725399,1,synthetic,Pronation synthétique,generated_pronation.csv
30.78,-15.337244276995904,6.289076805691256,-11.827344304801882,1,synthetic,Pronation synthétique,generated_pronation.csv
30.8,-9.417647091583582,6.025728951737973,-13.207224527185385,1,synthetic,Pronation synthétique,generated_pronation.csv
30.82,-3.713274047930089,5.1592576844223865,-13.901793030365099,1,synthetic,Pronation synthétique,generated_pronation.csv
30.84,0.8907628917396673,3.940639412248632,-15.330443943883063,1,synthetic,Pronation synthétique,generated_pronation.csv
30.86,5.509220695791186,2.722588932511357,-15.530051838096611,1,synthetic,Pronation synthétique,generated_pronation.csv
30.88,9.723532356484531,1.9710484943555957,-15.229664435170282,1,synthetic,Pronation synthétique,generated_pronation.csv
30.9,12.826713033456981,2.621500009950486,-15.370589117285466,1,synthetic,Pronation synthétique,generated_pronation.csv
30.92,15.581212008305533,3.3995389248071506,-16.34544477358109,1,synthetic,Pronation synthétique,generated_pronation.csv
30.94,15.96729332908338,4.253635252105562,-17.520408140685227,1,synthetic,Pronation synthétique,generated_pronation.csv
30.96,17.25883732249392,4.433197605493803,-17.867568133959118,1,synthetic,Pronation synthétique,generated_pronation.csv
30.98,14.944708855127974,3.067273066544594,-16.30665809394894,1,synthetic,Pronation synthétique,generated_pronation.csv
31.0,12.715555173596385,2.6855441191021967,-15.573767974750456,1,synthetic,Pronation synthétique,generated_pronation.csv
31.02,10.451375978820558,1.6231545645375451,-15.816088293154008,1,synthetic,Pronation synthétique,generated_pronation.csv
31.04,7.560816961157037,0.0737328814814834,-13.60582392345118,1,synthetic,Pronation synthétique,generated_pronation.csv
31.06,6.092547902647752,-1.0985264985251004,-13.092375545564686,1,synthetic,Pronation synthétique,generated_pronation.csv
31.08,5.259183468923991,-0.38706768381344525,-13.80331711444902,1,synthetic,Pronation synthétique,generated_pronation.csv
31.1,5.962331586357104,-0.3052029967870937,-14.377999609804428,1,synthetic,Pronation synthétique,generated_pronation.csv
31.12,6.51668407610222,-1.009662917832291,-13.670216574510532,1,synthetic,Pronation synthétique,generated_pronation.csv
31.14,5.770596135856576,-0.8818674495903904,-14.828018805232174,1,synthetic,Pronation synthétique,generated_pronation.csv
31.16,5.646446643290919,-0.4983926654498257,-14.353526666380485,1,synthetic,Pronation synthétique,generated_pronation.csv
31.18,6.368359703936412,0.0022268086251001074,-14.903214454903367,1,synthetic,Pronation synthétique,generated_pronation.csv
31.2,5.839568838751372,-0.18513686086243147,-15.560266135913926,1,synthetic,Pronation synthétique,generated_pronation.csv
31.22,6.157899987837004,0.31963295013181475,-15.0350224220568,1,synthetic,Pronation synthétique,generated_pronation.csv
31.24,5.714084995430926,-0.02103045024212917,-15.32980757751711,1,synthetic,Pronation synthétique,generated_pronation.csv
31.26,5.257175739996169,0.11300369531488542,-16.19606807800444,1,synthetic,Pronation synthétique,generated_pronation.csv
31.28,5.482378827817697,-0.04187841589834973,-15.596271490532397,1,synthetic,Pronation synthétique,generated_pronation.csv
31.3,5.836102864930853,0.36390328304164193,-16.75458410165781,1,synthetic,Pronation synthétique,generated_pronation.csv
31.32,5.758877637063331,1.1120798479337872,-16.477160199662887,1,synthetic,Pronation synthétique,generated_pronation.csv
31.34,5.4488211345914195,0.896478164969347,-16.25707628440025,1,synthetic,Pronation synthétique,generated_pronation.csv
31.36,5.48126493496727,1.0965261397467139,-17.21746319936703,1,synthetic,Pronation synthétique,generated_pronation.csv
31.38,5.359550572459222,1.1437481734030257,-16.075778591089676,1,synthetic,Pronation synthétique,generated_pronation.csv
31.4,5.117302715997893,1.090147374444197,-16.24169197005498,1,synthetic,Pronation synthétique,generated_pronation.csv
31.42,5.563557466877363,1.2609737321572845,-15.99817416985545,1,synthetic,Pronation synthétique,generated_pronation.csv
31.44,4.532411455158932,1.7084656563281446,-16.093040536410705,1,synthetic,Pronation synthétique,generated_pronation.csv
31.46,3.506950845108864,2.253130304058623,-15.486909478025376,1,synthetic,Pronation synthétique,generated_pronation.csv
31.48,2.8584761439357926,2.605409551808434,-15.977910302644032,1,synthetic,Pronation synthétique,generated_pronation.csv
31.5,2.1113390648397306,2.907763925423215,-16.239093747335886,1,synthetic,Pronation synthétique,generated_pronation.csv
31.52,0.7587690228598779,3.0297143864854914,-16.79405198837922,1,synthetic,Pronation synthétique,generated_pronation.csv
31.54,-1.1500272086679348,2.913550497496925,-18.109008199304853,1,synthetic,Pronation synthétique,generated_pronation.csv
31.56,-3.4620692515980513,3.286723219789751,-18.743693893984958,1,synthetic,Pronation synthétique,generated_pronation.csv
31.58,-6.0063113603728695,3.447059760775201,-21.39419047014345,1,synthetic,Pronation synthétique,generated_pronation.csv
31.6,-10.103253477675429,4.851021643067187,-23.453678744900706,1,synthetic,Pronation synthétique,generated_pronation.csv
31.62,-14.52367359126355,5.437925720664232,-25.923753422733597,1,synthetic,Pronation synthétique,generated_pronation.csv
31.64,-19.903620130784205,7.789373501643446,-28.467800957186242,1,synthetic,Pronation synthétique,generated_pronation.csv
31.66,-28.06393310154691,10.772110598190237,-30.948887947086384,1,synthetic,Pronation synthétique,generated_pronation.csv
31.68,-36.100568667938184,13.117889797691312,-33.42389122436825,1,synthetic,Pronation synthétique,generated_pronation.csv
31.7,-42.5038851657749,14.357243694734407,-34.9859741840892,1,synthetic,Pronation synthétique,generated_pronation.csv
31.72,-46.74908788151017,14.467809011902993,-34.149061714223514,1,synthetic,Pronation synthétique,generated_pronation.csv
31.74,-49.791553324597906,15.087488614398119,-31.864993818657965,1,synthetic,Pronation synthétique,generated_pronation.csv
31.76,-50.100371908725094,14.973514193932266,-28.16295059941459,1,synthetic,Pronation synthétique,generated_pronation.csv
31.78,-49.20291313674158,13.908122367697455,-23.78534319828408,1,synthetic,Pronation synthétique,generated_pronation.csv
31.8,-47.646344619373686,13.176660891684316,-19.82055233649306,1,synthetic,Pronation synthétique,generated_pronation.csv
31.82,-45.93848335280493,13.199479036342606,-17.21812469464397,1,synthetic,Pronation synthétique,generated_pronation.csv
31.84,-43.09727444656669,13.772815478365185,-13.835240168761027,1,synthetic,Pronation synthétique,generated_pronation.csv
31.86,-38.95904082370033,11.852702367088602,-12.819372722321148,1,synthetic,Pronation synthétique,generated_pronation.csv
31.88,-34.053833467279304,11.241547719934637,-12.232292323778392,1,synthetic,Pronation synthétique,generated_pronation.csv
31.9,-29.399879459205543,11.557932801670125,-12.00395710664118,1,synthetic,Pronation synthétique,generated_pronation.csv
31.92,-24.94646006601468,12.391441601612456,-12.459848075512895,1,synthetic,Pronation synthétique,generated_pronation.csv
31.94,-19.285112861612454,12.618980741904469,-13.038387019476453,1,synthetic,Pronation synthétique,generated_pronation.csv
31.96,-14.162570233790248,12.676279216215498,-13.604145893505784,1,synthetic,Pronation synthétique,generated_pronation.csv
31.98,-9.144720641778406,12.13694239588087,-14.479262962232433,1,synthetic,Pronation synthétique,generated_pronation.csv
32.0,-4.9690685864327655,10.958296292525493,-15.422753162672254,1,synthetic,Pronation synthétique,generated_pronation.csv
32.02,-0.7172994026133739,10.728708637997308,-16.449737177003215,1,synthetic,Pronation synthétique,generated_pronation.csv
32.04,3.1127934704946028,9.574882271620561,-16.496502716154616,1,synthetic,Pronation synthétique,generated_pronation.csv
32.06,6.65556944234365,8.370284723423875,-16.072263144454684,1,synthetic,Pronation synthétique,generated_pronation.csv
32.08,9.263254474195868,6.675498366943728,-16.08085202876788,1,synthetic,Pronation synthétique,generated_pronation.csv
32.1,12.35730063244668,5.601403412036346,-15.464459752370113,1,synthetic,Pronation synthétique,generated_pronation.csv
32.12,13.78772765824355,4.391178921900049,-15.491592788259284,1,synthetic,Pronation synthétique,generated_pronation.csv
32.14,15.35407851025858,3.969936721332107,-14.616661858155666,1,synthetic,Pronation synthétique,generated_pronation.csv
32.160000000000004,16.16853800237201,3.6576013918751205,-14.852136636906055,1,synthetic,Pronation synthétique,generated_pronation.csv
32.18,13.573775127294406,4.047827926351676,-15.038162055627648,1,synthetic,Pronation synthétique,generated_pronation.csv
32.2,11.058562444944384,3.9100926631185744,-14.310616394057902,1,synthetic,Pronation synthétique,generated_pronation.csv
32.22,9.743312559244211,3.390962177356872,-12.948643925137528,1,synthetic,Pronation synthétique,generated_pronation.csv
32.24,7.184930154595378,3.1580548080721242,-12.683601414303656,1,synthetic,Pronation synthétique,generated_pronation.csv
32.26,5.4505941535859925,2.2827642050577497,-10.9357818088093,1,synthetic,Pronation synthétique,generated_pronation.csv
32.28,5.79883192066573,2.6358560827270847,-10.676176394021446,1,synthetic,Pronation synthétique,generated_pronation.csv
32.3,6.532814704769992,1.8216451871459731,-11.138534253234925,1,synthetic,Pronation synthétique,generated_pronation.csv
32.32,5.516507450136894,2.6024898183421694,-12.030614727830939,1,synthetic,Pronation synthétique,generated_pronation.csv
32.34,6.127647640241046,2.4000400737636456,-12.865475664260497,1,synthetic,Pronation synthétique,generated_pronation.csv
32.36,5.977611534224958,3.2023868749897564,-13.52003258517956,1,synthetic,Pronation synthétique,generated_pronation.csv
32.38,5.762264429515944,3.9264252882841104,-14.452887035924247,1,synthetic,Pronation synthétique,generated_pronation.csv
32.4,5.770063504311708,3.71772110705214,-14.63778064017924,1,synthetic,Pronation synthétique,generated_pronation.csv
32.42,5.607718393097191,4.185653379717252,-15.426487737069627,1,synthetic,Pronation synthétique,generated_pronation.csv
32.44,5.835541058215152,4.082767376839345,-15.717752593180785,1,synthetic,Pronation synthétique,generated_pronation.csv
32.46,5.279801912569189,5.042232337250513,-15.465908124303846,1,synthetic,Pronation synthétique,generated_pronation.csv
32.480000000000004,5.4541727822765,4.844601476903309,-15.399535373943003,1,synthetic,Pronation synthétique,generated_pronation.csv
32.5,5.339484352033063,5.000132855750576,-15.428541264366944,1,synthetic,Pronation synthétique,generated_pronation.csv
32.52,4.837880097606018,4.339747525452624,-15.163497302182021,1,synthetic,Pronation synthétique,generated_pronation.csv
32.54,4.891371953908815,4.476656132971587,-15.112443817202363,1,synthetic,Pronation synthétique,generated_pronation.csv
32.56,5.152428974923241,5.24211198503329,-14.769727310854922,1,synthetic,Pronation synthétique,generated_pronation.csv
32.58,4.45769369911259,4.979583980956683,-14.442889310405278,1,synthetic,Pronation synthétique,generated_pronation.csv
32.6,3.820035096306439,5.107481398273132,-14.309627298711879,1,synthetic,Pronation synthétique,generated_pronation.csv
32.62,3.569645076201034,5.451781343018836,-14.166432056268688,1,synthetic,Pronation synthétique,generated_pronation.csv
32.64,2.7554194730932826,5.178632660253902,-14.037142356082141,1,synthetic,Pronation synthétique,generated_pronation.csv
32.660000000000004,2.467642591724926,5.957878321358343,-13.392886226455133,1,synthetic,Pronation synthétique,generated_pronation.csv
32.68,1.8580970440623776,5.861656800664326,-14.36584670387058,1,synthetic,Pronation synthétique,generated_pronation.csv
32.7,0.43235969753954223,6.047959283853041,-14.903475044514977,1,synthetic,Pronation synthétique,generated_pronation.csv
32.72,-0.5423124610345667,5.678829525623547,-15.668133610306851,1,synthetic,Pronation synthétique,generated_pronation.csv
32.74,-1.4942906019380096,5.923341053215438,-16.493162494733284,1,synthetic,Pronation synthétique,generated_pronation.csv
32.76,-3.836216919345321,5.3837072921169415,-17.578588831112175,1,synthetic,Pronation synthétique,generated_pronation.csv
32.78,-6.051605753750217,5.785234897337192,-19.39319395365515,1,synthetic,Pronation synthétique,generated_pronation.csv
32.8,-9.807585984316438,5.972698140627196,-21.264562926537653,1,synthetic,Pronation synthétique,generated_pronation.csv
32.82,-14.248018285791364,6.656757026166913,-22.53692013665293,1,synthetic,Pronation synthétique,generated_pronation.csv
32.84,-19.980597495338415,7.964635278366836,-25.29307963356354,1,synthetic,Pronation synthétique,generated_pronation.csv
32.86,-26.6716416366548,10.236593477951619,-27.26901202306794,1,synthetic,Pronation synthétique,generated_pronation.csv
32.88,-35.827469459232624,12.85055379242254,-29.613191583429813,1,synthetic,Pronation synthétique,generated_pronation.csv
32.9,-43.28462935261067,16.585900872722025,-30.403191438319023,1,synthetic,Pronation synthétique,generated_pronation.csv
32.92,-48.45465795577444,16.902160225918973,-29.834905532476096,1,synthetic,Pronation synthétique,generated_pronation.csv
32.94,-51.907206918050456,17.906935292344446,-28.15153045627917,1,synthetic,Pronation synthétique,generated_pronation.csv
32.96,-53.702412826974026,18.761582668073157,-24.847518210009966,1,synthetic,Pronation synthétique,generated_pronation.csv
32.980000000000004,-54.00325817912751,16.873128378355528,-20.710375874244612,1,synthetic,Pronation synthétique,generated_pronation.csv
33.0,-52.338796113350234,15.53379916678434,-16.712246674570597,1,synthetic,Pronation synthétique,generated_pronation.csv
33.02,-51.9138249509357,15.410689368849098,-13.533532918329628,1,synthetic,Pronation synthétique,generated_pronation.csv
33.04,-50.05411389793427,14.04305913459043,-12.53219805960357,1,synthetic,Pronation synthétique,generated_pronation.csv
33.06,-47.16804763771488,10.726747809504555,-11.023584976614595,1,synthetic,Pronation synthétique,generated_pronation.csv
33.08,-42.761530506797335,8.949274810259766,-10.56672555111425,1,synthetic,Pronation synthétique,generated_pronation.csv
33.1,-39.162115657039344,8.844634368110347,-10.113939695369558,1,synthetic,Pronation synthétique,generated_pronation.csv
33.12,-34.18566208651181,7.859046414676209,-10.103532385976143,1,synthetic,Pronation synthétique,generated_pronation.csv
33.14,-28.817713309804862,8.75448259774946,-9.580927691556845,1,synthetic,Pronation synthétique,generated_pronation.csv
33.160000000000004,-23.41901087102748,8.36477234428949,-9.59048499019508,1,synthetic,Pronation synthétique,generated_pronation.csv
33.18,-18.620318974734708,8.393492932027954,-9.623688551937928,1,synthetic,Pronation synthétique,generated_pronation.csv
33.2,-12.058811452122452,9.305826791164872,-10.558091689384622,1,synthetic,Pronation synthétique,generated_pronation.csv
33.22,-6.799508990390075,9.7577978832702,-10.911144925047157,1,synthetic,Pronation synthétique,generated_pronation.csv
33.24,-1.5572258751679193,8.822920418959615,-11.495789116489474,1,synthetic,Pronation synthétique,generated_pronation.csv
33.26,3.2915600168848087,9.490919539020904,-12.774904662837953,1,synthetic,Pronation synthétique,generated_pronation.csv
33.28,7.8820550125348285,8.436313151900604,-13.388215698291889,1,synthetic,Pronation synthétique,generated_pronation.csv
33.3,11.725124942000988,8.204029717276374,-14.249196868349877,1,synthetic,Pronation synthétique,generated_pronation.csv
33.32,13.782819385332353,6.731481486055404,-13.391649244708386,1,synthetic,Pronation synthétique,generated_pronation.csv
33.34,15.469809729695914,5.785791699425399,-13.881088277278149,1,synthetic,Pronation synthétique,generated_pronation.csv
33.36,17.491249535204595,6.716251573367419,-13.576187364525689,1,synthetic,Pronation synthétique,generated_pronation.csv
33.38,16.95993655420753,7.569372904179884,-13.793895633418222,1,synthetic,Pronation synthétique,generated_pronation.csv
33.4,14.25590330473417,8.573046372847505,-14.08049084423882,1,synthetic,Pronation synthétique,generated_pronation.csv
33.42,12.091919780951399,9.530187445105533,-13.820420005660232,1,synthetic,Pronation synthétique,generated_pronation.csv
33.44,9.990009345868266,9.686868351050087,-13.538505954237618,1,synthetic,Pronation synthétique,generated_pronation.csv
33.46,7.273094007233476,9.248875529320419,-12.76910995788706,1,synthetic,Pronation synthétique,generated_pronation.csv
33.480000000000004,6.212606800126203,8.800697183298679,-12.142609466836223,1,synthetic,Pronation synthétique,generated_pronation.csv
33.5,5.791232476546204,8.653771511059555,-11.654855747183266,1,synthetic,Pronation synthétique,generated_pronation.csv
33.52,6.562862881772295,8.038471575617937,-11.270829603468437,1,synthetic,Pronation synthétique,generated_pronation.csv
33.54,6.407586427402936,8.209009507414125,-11.395101839514462,1,synthetic,Pronation synthétique,generated_pronation.csv
33.56,6.371705873488748,7.631774588088565,-12.045697177465449,1,synthetic,Pronation synthétique,generated_pronation.csv
33.58,6.724571373009447,8.6199257795806,-12.415433428520704,1,synthetic,Pronation synthétique,generated_pronation.csv
33.6,6.137142677879555,8.817794026668881,-13.330501216316076,1,synthetic,Pronation synthétique,generated_pronation.csv
33.62,5.98716479487718,9.774613527258964,-14.05759788710816,1,synthetic,Pronation synthétique,generated_pronation.csv
33.64,6.110012958549113,9.44008054930386,-14.306259448309504,1,synthetic,Pronation synthétique,generated_pronation.csv
33.660000000000004,6.277310899175087,9.230928577164743,-14.623886855699043,1,synthetic,Pronation synthétique,generated_pronation.csv
33.68,6.2192932666933425,9.681607555880795,-14.719017685180557,1,synthetic,Pronation synthétique,generated_pronation.csv
33.7,6.039037071897824,9.239148839820317,-14.477903533077942,1,synthetic,Pronation synthétique,generated_pronation.csv
33.72,6.133799645544022,9.501873963432166,-15.337010335392236,1,synthetic,Pronation synthétique,generated_pronation.csv
33.74,5.39004718591438,9.177292990997888,-14.704890372768308,1,synthetic,Pronation synthétique,generated_pronation.csv
33.76,6.1246544342962075,10.19596219380455,-15.280594909597475,1,synthetic,Pronation synthétique,generated_pronation.csv
33.78,5.510946294201109,9.96782942854667,-14.830373376948575,1,synthetic,Pronation synthétique,generated_pronation.csv
33.8,5.69559685423206,9.465178705066014,-14.619157515344076,1,synthetic,Pronation synthétique,generated_pronation.csv
33.82,5.747921049973044,9.844782905420434,-15.210478941152584,1,synthetic,Pronation synthétique,generated_pronation.csv
33.84,5.431679061218408,10.20122388626272,-15.265902864515274,1,synthetic,Pronation synthétique,generated_pronation.csv
33.86,5.260273574825848,10.154478695668976,-14.936209479006783,1,synthetic,Pronation synthétique,generated_pronation.csv
33.88,5.1441336581270205,10.225887752804255,-15.327889479873322,1,synthetic,Pronation synthétique,generated_pronation.csv
33.9,5.122848066503485,9.967676717207581,-15.837427190265526,1,synthetic,Pronation synthétique,generated_pronation.csv
33.92,4.737609840288329,10.121140526882561,-16.551930835912817,1,synthetic,Pronation synthétique,generated_pronation.csv
33.94,3.9298243763414074,10.389144100619518,-16.231086880874944,1,synthetic,Pronation synthétique,generated_pronation.csv
33.96,2.2626704120110452,10.621341857714102,-17.580656195957474,1,synthetic,Pronation synthétique,generated_pronation.csv
33.980000000000004,0.6099263257359896,10.018174142290611,-18.56749617201825,1,synthetic,Pronation synthétique,generated_pronation.csv
34.0,-1.87714246014455,9.822862657394154,-18.693954594788458,1,synthetic,Pronation synthétique,generated_pronation.csv
34.02,-5.096185026961744,10.529552836135785,-20.059123175193125,1,synthetic,Pronation synthétique,generated_pronation.csv
34.04,-10.988764498207349,10.385364313092474,-21.626233735685283,1,synthetic,Pronation synthétique,generated_pronation.csv
34.06,-16.869856439225167,11.95882878570348,-22.521530269192706,1,synthetic,Pronation synthétique,generated_pronation.csv
34.08,-26.25971656202309,13.212187439828151,-24.404539567933067,1,synthetic,Pronation synthétique,generated_pronation.csv
34.1,-36.47133964809939,15.909331309793158,-25.73265343109579,1,synthetic,Pronation synthétique,generated_pronation.csv
34.12,-45.191690134608926,17.201195695414473,-25.91587182729831,1,synthetic,Pronation synthétique,generated_pronation.csv
34.14,-51.243533832818,15.867614507793748,-25.128838634870487,1,synthetic,Pronation synthétique,generated_pronation.csv
34.160000000000004,-55.25086542718114,15.9009892287814,-22.159038117617698,1,synthetic,Pronation synthétique,generated_pronation.csv
34.18,-56.968932581773785,15.572203836436602,-19.038450995257893,1,synthetic,Pronation synthétique,generated_pronation.csv
34.2,-56.76001917385318,13.779878764478159,-15.485120103142007,1,synthetic,Pronation synthétique,generated_pronation.csv
34.22,-54.09022202562901,13.521165262427635,-12.353652811482638,1,synthetic,Pronation synthétique,generated_pronation.csv
34.24,-51.51258740252263,14.742597905431571,-9.731004879647259,1,synthetic,Pronation synthétique,generated_pronation.csv
34.26,-48.7787504144632,13.678688791860347,-9.044896831666732,1,synthetic,Pronation synthétique,generated_pronation.csv
34.28,-43.34099085931134,11.903234362349885,-8.361484484850655,1,synthetic,Pronation synthétique,generated_pronation.csv
34.300000000000004,-37.819675174650804,10.313890441172122,-8.065770939252952,1,synthetic,Pronation synthétique,generated_pronation.csv
34.32,-32.28475137891332,9.53721782536409,-8.514743888453578,1,synthetic,Pronation synthétique,generated_pronation.csv
34.34,-27.076721333266295,8.980657760952077,-9.308441882687582,1,synthetic,Pronation synthétique,generated_pronation.csv
34.36,-20.994268802516928,8.371842301567368,-9.030767356390122,1,synthetic,Pronation synthétique,generated_pronation.csv
34.38,-14.753212867837094,8.430805291307264,-9.675066361919528,1,synthetic,Pronation synthétique,generated_pronation.csv
34.4,-9.617472370449967,8.196447638819041,-10.763414818227526,1,synthetic,Pronation synthétique,generated_pronation.csv
34.42,-3.3264936664053444,8.576666641911531,-11.618779748041753,1,synthetic,Pronation synthétique,generated_pronation.csv
34.44,1.9222736317223141,7.515381894135726,-12.935627248477543,1,synthetic,Pronation synthétique,generated_pronation.csv
34.46,6.625651059133834,7.323760115949606,-13.6219866591808,1,synthetic,Pronation synthétique,generated_pronation.csv
34.480000000000004,10.275231930381626,6.087095885803117,-14.132612455460693,1,synthetic,Pronation synthétique,generated_pronation.csv
34.5,14.4320483604545,6.3768951132676275,-15.06677471501986,1,synthetic,Pronation synthétique,generated_pronation.csv
34.52,16.93112186929621,5.770163138002242,-14.68543910003707,1,synthetic,Pronation synthétique,generated_pronation.csv
34.54,17.74872668549952,7.083122289878524,-15.255516375040967,1,synthetic,Pronation synthétique,generated_pronation.csv
34.56,19.00891061133533,7.842872668610758,-15.934091953752846,1,synthetic,Pronation synthétique,generated_pronation.csv
34.58,17.032853988254914,9.328948673737715,-15.72910258421405,1,synthetic,Pronation synthétique,generated_pronation.csv
34.6,15.407420134378512,10.674665188546602,-15.842685603332246,1,synthetic,Pronation synthétique,generated_pronation.csv
34.62,12.545685720839453,10.590822124310735,-15.814341653121721,1,synthetic,Pronation synthétique,generated_pronation.csv
34.64,10.334383002509322,10.637648229949459,-14.174925079541131,1,synthetic,Pronation synthétique,generated_pronation.csv
34.660000000000004,6.727862769368275,9.802321837572196,-13.567114980371006,1,synthetic,Pronation synthétique,generated_pronation.csv
34.68,6.253340306960587,8.681051094573625,-12.313604443476349,1,synthetic,Pronation synthétique,generated_pronation.csv
34.7,5.803829872554612,9.06061093916497,-11.59485761041284,1,synthetic,Pronation synthétique,generated_pronation.csv
34.72,6.102864598035541,8.756905968643306,-10.842338856947025,1,synthetic,Pronation synthétique,generated_pronation.csv
34.74,5.976133492271008,8.228192627052888,-10.891537910155508,1,synthetic,Pronation synthétique,generated_pronation.csv
34.76,6.223058691807203,8.656330334304483,-11.060003806064971,1,synthetic,Pronation synthétique,generated_pronation.csv
34.78,7.132272400125415,8.383328840143275,-10.850513290067878,1,synthetic,Pronation synthétique,generated_pronation.csv
34.800000000000004,6.297943451143656,8.411107328937536,-10.811099565880028,1,synthetic,Pronation synthétique,generated_pronation.csv
34.82,6.315138202117241,8.802064940498969,-11.232041968564934,1,synthetic,Pronation synthétique,generated_pronation.csv
34.84,6.435312351538998,8.686377927076341,-11.092944449676756,1,synthetic,Pronation synthétique,generated_pronation.csv
34.86,6.162633957598294,9.65802163647153,-11.062451171179122,1,synthetic,Pronation synthétique,generated_pronation.csv
34.88,6.769212845319339,8.583334718264247,-11.17605446822862,1,synthetic,Pronation synthétique,generated_pronation.csv
34.9,6.885341039615829,9.350521217589574,-10.985973922422934,1,synthetic,Pronation synthétique,generated_pronation.csv
34.92,6.116174133552698,9.491070141378597,-10.932683674299923,1,synthetic,Pronation synthétique,generated_pronation.csv
34.94,5.804199232353529,8.690324297789205,-10.936509168018835,1,synthetic,Pronation synthétique,generated_pronation.csv
34.96,6.645603604046675,8.834161167500325,-11.403591089173377,1,synthetic,Pronation synthétique,generated_pronation.csv
34.980000000000004,6.647878685059687,9.625555267095994,-11.780339270022335,1,synthetic,Pronation synthétique,generated_pronation.csv
35.0,6.521972662788092,9.417882430298846,-12.085845744883697,1,synthetic,Pronation synthétique,generated_pronation.csv
35.02,6.603518719211286,9.833225591024089,-12.421516611266023,1,synthetic,Pronation synthétique,generated_pronation.csv
35.04,5.862407267243353,10.221796393822402,-13.314157447009267,1,synthetic,Pronation synthétique,generated_pronation.csv
35.06,5.888022487412476,9.955009130924536,-13.412313377057432,1,synthetic,Pronation synthétique,generated_pronation.csv
35.08,5.170098827399429,9.913659167735437,-13.975995283475845,1,synthetic,Pronation synthétique,generated_pronation.csv
35.1,4.665425738380753,9.548618776652075,-14.616019041385961,1,synthetic,Pronation synthétique,generated_pronation.csv
35.12,4.636243832293074,10.502487000970913,-15.290341474165748,1,synthetic,Pronation synthétique,generated_pronation.csv
35.14,3.1186433426872133,10.16461345018993,-15.940114695459595,1,synthetic,Pronation synthétique,generated_pronation.csv
35.160000000000004,2.6182123104568387,10.46229291800468,-16.554943897813136,1,synthetic,Pronation synthétique,generated_pronation.csv
35.18,0.034481826733958484,10.312596278782953,-17.614736202609574,1,synthetic,Pronation synthétique,generated_pronation.csv
35.2,-2.7994552533789996,9.721986968379545,-17.919256812205546,1,synthetic,Pronation synthétique,generated_pronation.csv
35.22,-6.154913594120079,10.698670167236825,-18.975494478560908,1,synthetic,Pronation synthétique,generated_pronation.csv
35.24,-11.133707334241878,11.029521681897211,-20.04045031988229,1,synthetic,Pronation synthétique,generated_pronation.csv
35.26,-18.689287258039844,11.92905210301021,-21.15374973282593,1,synthetic,Pronation synthétique,generated_pronation.csv
35.28,-28.14157327249104,12.628105159872215,-22.44182486861409,1,synthetic,Pronation synthétique,generated_pronation.csv
35.300000000000004,-37.099073979082966,15.32570821043248,-24.242674363774217,1,synthetic,Pronation synthétique,generated_pronation.csv
35.32,-43.813791613274084,16.794533682079596,-24.30522143434973,1,synthetic,Pronation synthétique,generated_pronation.csv
35.34,-48.587582004534084,17.284318416804652,-23.67694506549669,1,synthetic,Pronation synthétique,generated_pronation.csv
35.36,-51.88769567479542,17.742321225257687,-22.14524062862862,1,synthetic,Pronation synthétique,generated_pronation.csv
35.38,-52.32594464585594,18.577914726083783,-19.541391274635867,1,synthetic,Pronation synthétique,generated_pronation.csv
35.4,-50.984362115445144,16.717171788299417,-15.536843887382162,1,synthetic,Pronation synthétique,generated_pronation.csv
35.42,-50.035565539642846,14.93887740159937,-14.391327754472998,1,synthetic,Pronation synthétique,generated_pronation.csv
35.44,-48.970741327539876,13.254730893945464,-12.490713014249886,1,synthetic,Pronation synthétique,generated_pronation.csv
35.46,-46.08240413808158,11.976072700461465,-11.42487151880312,1,synthetic,Pronation synthétique,generated_pronation.csv
35.480000000000004,-41.537125231702625,9.98628944416772,-11.559126969029867,1,synthetic,Pronation synthétique,generated_pronation.csv
35.5,-37.543023037811615,8.383278577247875,-10.616962418422858,1,synthetic,Pronation synthétique,generated_pronation.csv
35.52,-32.89052733707016,9.22632195023683,-10.42021214457459,1,synthetic,Pronation synthétique,generated_pronation.csv
35.54,-28.025086958236223,10.047032301350114,-10.758782359778268,1,synthetic,Pronation synthétique,generated_pronation.csv
35.56,-23.415694073249348,10.83383062534079,-10.600078814111454,1,synthetic,Pronation synthétique,generated_pronation.csv
35.58,-17.532244769545372,10.79936646175144,-11.752499146175944,1,synthetic,Pronation synthétique,generated_pronation.csv
35.6,-12.074043836777403,11.25519507879367,-13.311707187478587,1,synthetic,Pronation synthétique,generated_pronation.csv
35.62,-6.6539782077918375,11.426861876158,-14.350151925671856,1,synthetic,Pronation synthétique,generated_pronation.csv
35.64,-0.964541395012127,11.821102690686251,-16.031453581449743,1,synthetic,Pronation synthétique,generated_pronation.csv
35.660000000000004,3.7284117009170803,11.298641323184537,-17.725709396456907,1,synthetic,Pronation synthétique,generated_pronation.csv
35.68,8.431840491182799,10.763373470165567,-18.929517354699268,1,synthetic,Pronation synthétique,generated_pronation.csv
35.7,13.173620353543942,9.890531765305209,-18.472740149493646,1,synthetic,Pronation synthétique,generated_pronation.csv
35.72,15.5845889898302,9.3567468263542,-19.588836338456915,1,synthetic,Pronation synthétique,generated_pronation.csv
35.74,17.064172287029848,8.315492490341835,-19.60444204180062,1,synthetic,Pronation synthétique,generated_pronation.csv
35.76,18.801124565175755,7.503695409760328,-19.831391048816705,1,synthetic,Pronation synthétique,generated_pronation.csv
35.78,18.00534503402903,7.79730009097388,-19.40284019225408,1,synthetic,Pronation synthétique,generated_pronation.csv
35.800000000000004,16.314676455964918,6.6928491639638334,-19.006474339786447,1,synthetic,Pronation synthétique,generated_pronation.csv
35.82,13.431613279592472,6.102177502816178,-17.680794094049535,1,synthetic,Pronation synthétique,generated_pronation.csv
35.84,10.5437782117963,5.142768926139027,-16.381538849798453,1,synthetic,Pronation synthétique,generated_pronation.csv
35.86,7.964630337346979,4.297550254236248,-14.91574502334922,1,synthetic,Pronation synthétique,generated_pronation.csv
35.88,6.309263505800347,3.03176146188507,-12.654630856932226,1,synthetic,Pronation synthétique,generated_pronation.csv
35.9,5.8487306084444315,1.9644687356236175,-10.792234328938141,1,synthetic,Pronation synthétique,generated_pronation.csv
35.92,4.924386351605595,1.9492890253271282,-9.985328676493022,1,synthetic,Pronation synthétique,generated_pronation.csv
35.94,6.259167116937491,1.3865927324681095,-10.080055139674547,1,synthetic,Pronation synthétique,generated_pronation.csv
35.96,6.057540236306274,2.0545079489376006,-9.483357767536411,1,synthetic,Pronation synthétique,generated_pronation.csv
35.980000000000004,6.126732063607822,1.7945542031932402,-10.234303618979302,1,synthetic,Pronation synthétique,generated_pronation.csv
36.0,6.589748343602722,2.175616087107317,-10.76991790766291,1,synthetic,Pronation synthétique,generated_pronation.csv
36.02,6.393840106284915,1.6519239093288132,-11.215322866685625,1,synthetic,Pronation synthétique,generated_pronation.csv
36.04,5.856065880966904,1.1458741915135982,-10.939262492559758,1,synthetic,Pronation synthétique,generated_pronation.csv
36.06,6.7599138697994015,2.259436534588863,-11.805995649587489,1,synthetic,Pronation synthétique,generated_pronation.csv
36.08,5.7635316326526125,1.8701266007074322,-11.535293273715498,1,synthetic,Pronation synthétique,generated_pronation.csv
36.1,5.913145970618424,1.9386502236079517,-11.321673663771529,1,synthetic,Pronation synthétique,generated_pronation.csv
36.12,5.665840397940977,1.9905153730538472,-12.149753729945683,1,synthetic,Pronation synthétique,generated_pronation.csv
36.14,5.816481698571073,2.2760018665567396,-12.400406454569806,1,synthetic,Pronation synthétique,generated_pronation.csv
36.16,5.004306115635793,2.362367874387841,-13.316477654835376,1,synthetic,Pronation synthétique,generated_pronation.csv
36.18,5.2280331473224395,1.875405622968331,-14.047963804816934,1,synthetic,Pronation synthétique,generated_pronation.csv
36.2,4.457568911703338,2.8660757308823883,-14.187021196239805,1,synthetic,Pronation synthétique,generated_pronation.csv
36.22,4.789706072302681,2.61764568196512,-14.5207258602829,1,synthetic,Pronation synthétique,generated_pronation.csv
36.24,3.930966310968503,2.9424856797976697,-14.384851337531323,1,synthetic,Pronation synthétique,generated_pronation.csv
36.26,3.717508486905332,3.957463006045761,-14.44562758760976,1,synthetic,Pronation synthétique,generated_pronation.csv
36.28,3.969103104769055,4.111132707318323,-15.520339540925312,1,synthetic,Pronation synthétique,generated_pronation.csv
36.3,2.9402271891048217,4.139261652080728,-15.661223586439695,1,synthetic,Pronation synthétique,generated_pronation.csv
36.32,2.191990675631005,4.047735211410391,-15.879641149704781,1,synthetic,Pronation synthétique,generated_pronation.csv
36.34,1.9097638674759865,4.936794583754937,-16.310206612898682,1,synthetic,Pronation synthétique,generated_pronation.csv
36.36,0.1586544611910173,5.2603716572955515,-17.136332885193656,1,synthetic,Pronation synthétique,generated_pronation.csv
36.38,-1.8483269495170347,5.18308036607516,-17.519774325489937,1,synthetic,Pronation synthétique,generated_pronation.csv
36.4,-3.6733510381214134,4.9404633374759435,-18.60621920761638,1,synthetic,Pronation synthétique,generated_pronation.csv
36.42,-7.5272467729913926,5.25306350260396,-20.121467966198683,1,synthetic,Pronation synthétique,generated_pronation.csv
36.44,-11.255113745403001,5.7063353263563785,-22.664513513722472,1,synthetic,Pronation synthétique,generated_pronation.csv
36.46,-16.944739056975894,7.296190443683727,-24.957181707504205,1,synthetic,Pronation synthétique,generated_pronation.csv
36.48,-24.864940419220165,9.000257721613432,-28.581517224648014,1,synthetic,Pronation synthétique,generated_pronation.csv
36.5,-33.72336013224125,12.150290508252754,-31.22018832642364,1,synthetic,Pronation synthétique,generated_pronation.csv
36.52,-42.33258128077705,13.996461369699276,-34.07066791365528,1,synthetic,Pronation synthétique,generated_pronation.csv
36.54,-48.96374791773239,13.845210204948412,-35.02690298762312,1,synthetic,Pronation synthétique,generated_pronation.csv
36.56,-53.58352686478558,13.588630146597223,-34.45446600306408,1,synthetic,Pronation synthétique,generated_pronation.csv
36.58,-55.69373518200257,14.356350408395452,-32.2868479400434,1,synthetic,Pronation synthétique,generated_pronation.csv
36.6,-57.08478260023228,12.956650933228351,-28.57711256802472,1,synthetic,Pronation synthétique,generated_pronation.csv
36.62,-55.282921397219056,11.756555057466986,-24.943205340082073,1,synthetic,Pronation synthétique,generated_pronation.csv
36.64,-53.81019860171125,11.565836278339814,-20.073086360236616,1,synthetic,Pronation synthétique,generated_pronation.csv
36.66,-52.022112481611444,11.381433617908858,-17.566843974557063,1,synthetic,Pronation synthétique,generated_pronation.csv
36.68,-48.648426665160315,8.45203842217626,-15.275490151332127,1,synthetic,Pronation synthétique,generated_pronation.csv
36.7,-44.57124575818215,7.023901408177068,-13.235167804845855,1,synthetic,Pronation synthétique,generated_pronation.csv
36.72,-39.15692059802381,5.997225432667021,-13.07774484430957,1,synthetic,Pronation synthétique,generated_pronation.csv
36.74,-34.289179103110186,6.193497828427864,-12.407273569996399,1,synthetic,Pronation synthétique,generated_pronation.csv
36.76,-29.10977097861125,6.470461914255808,-12.328342420291238,1,synthetic,Pronation synthétique,generated_pronation.csv
36.78,-23.896520601189913,7.187041983008063,-12.064500547149057,1,synthetic,Pronation synthétique,generated_pronation.csv
36.8,-18.40661201785373,7.509412127127893,-12.626023396332483,1,synthetic,Pronation synthétique,generated_pronation.csv
36.82,-12.60820590020151,8.09146541195804,-13.307077904520341,1,synthetic,Pronation synthétique,generated_pronation.csv
36.84,-7.677214032082548,8.876093213733443,-14.439146366329116,1,synthetic,Pronation synthétique,generated_pronation.csv
36.86,-2.0991145063242875,9.674741502043322,-15.564222382292552,1,synthetic,Pronation synthétique,generated_pronation.csv
36.88,3.3530331121796695,10.487393122623963,-16.69040463467516,1,synthetic,Pronation synthétique,generated_pronation.csv
36.9,8.218559286621549,10.975961917138086,-18.984448442129274,1,synthetic,Pronation synthétique,generated_pronation.csv
36.92,12.738198156567671,10.218804551342323,-19.362652798104648,1,synthetic,Pronation synthétique,generated_pronation.csv
36.94,15.652652113843457,9.829158934518679,-19.891844855936775,1,synthetic,Pronation synthétique,generated_pronation.csv
36.96,17.973986564281443,8.306328966538961,-20.004469646564075,1,synthetic,Pronation synthétique,generated_pronation.csv
36.98,19.900769070069742,7.384479052322948,-20.44713392909735,1,synthetic,Pronation synthétique,generated_pronation.csv
37.0,20.25879917586237,7.445858103679283,-19.540732205122428,1,synthetic,Pronation synthétique,generated_pronation.csv
37.02,19.632745500714982,7.166802422947377,-19.916232366308122,1,synthetic,Pronation synthétique,generated_pronation.csv
37.04,17.11164489804269,6.829538643580797,-19.25224571811101,1,synthetic,Pronation synthétique,generated_pronation.csv
37.06,14.695993102469581,6.938221945890174,-18.425313270561503,1,synthetic,Pronation synthétique,generated_pronation.csv
37.08,11.333399250713557,5.714621802673767,-17.46899826547583,1,synthetic,Pronation synthétique,generated_pronation.csv
37.1,8.254414174611073,4.610896457716812,-15.409599327140146,1,synthetic,Pronation synthétique,generated_pronation.csv
37.12,6.5195953823661945,3.5825059616385135,-13.550794504611222,1,synthetic,Pronation synthétique,generated_pronation.csv
37.14,5.74504038154326,3.026470142837241,-11.699677757766914,1,synthetic,Pronation synthétique,generated_pronation.csv
37.16,5.462943684393491,2.0004881106500267,-10.211312616620985,1,synthetic,Pronation synthétique,generated_pronation.csv
37.18,6.077943897128531,2.1288454607103073,-9.24332548611519,1,synthetic,Pronation synthétique,generated_pronation.csv
37.2,6.617594229749667,1.6240789328695269,-8.792139464231534,1,synthetic,Pronation synthétique,generated_pronation.csv
37.22,6.098571070038246,1.6597203496741815,-9.185179093400867,1,synthetic,Pronation synthétique,generated_pronation.csv
37.24,6.743244523865931,1.8501635391976021,-8.849185117639141,1,synthetic,Pronation synthétique,generated_pronation.csv
37.26,6.114669233322588,1.4022629928639387,-9.750758996257149,1,synthetic,Pronation synthétique,generated_pronation.csv
37.28,6.309427931938434,1.730157248862161,-10.60429893437894,1,synthetic,Pronation synthétique,generated_pronation.csv
37.3,5.881598558585844,2.0942211808815054,-10.693636772347634,1,synthetic,Pronation synthétique,generated_pronation.csv
37.32,5.645994206715901,2.5038663353908945,-11.007882042931605,1,synthetic,Pronation synthétique,generated_pronation.csv
37.34,6.1727905862205255,2.395350671617909,-11.102868344606145,1,synthetic,Pronation synthétique,generated_pronation.csv
37.36,5.253398013795326,2.666258771755012,-11.534254835206028,1,synthetic,Pronation synthétique,generated_pronation.csv
37.38,4.740282898344553,3.1870433197154737,-11.903231599055495,1,synthetic,Pronation synthétique,generated_pronation.csv
37.4,4.686301496446992,3.4719325688999576,-11.429598519747337,1,synthetic,Pronation synthétique,generated_pronation.csv
37.42,4.619745900192642,3.4131170756919684,-12.146331173333754,1,synthetic,Pronation synthétique,generated_pronation.csv
37.44,5.214416487908128,3.7026336074092048,-12.46491348994357,1,synthetic,Pronation synthétique,generated_pronation.csv
37.46,4.462489821503176,3.3658810777415105,-12.620355915646869,1,synthetic,Pronation synthétique,generated_pronation.csv
37.48,4.541040958011987,3.5782157206647565,-12.753020563373044,1,synthetic,Pronation synthétique,generated_pronation.csv
37.5,3.7680061561119476,4.001566430397953,-12.415636460708992,1,synthetic,Pronation synthétique,generated_pronation.csv
37.52,3.9510134246086017,4.115832403970453,-12.824855573328769,1,synthetic,Pronation synthétique,generated_pronation.csv
37.54,3.68229869683041,4.379882123094496,-12.721912113968397,1,synthetic,Pronation synthétique,generated_pronation.csv
37.56,3.582765235423598,5.370999787751116,-14.083770764899128,1,synthetic,Pronation synthétique,generated_pronation.csv
37.58,2.1814331158588898,5.117327141782408,-13.188483256214745,1,synthetic,Pronation synthétique,generated_pronation.csv
37.6,1.7356989195271335,5.136417135233587,-13.249474979617966,1,synthetic,Pronation synthétique,generated_pronation.csv
37.62,0.5318005327350928,5.708753516442448,-13.45005823158965,1,synthetic,Pronation synthétique,generated_pronation.csv
37.64,-1.3058086780302631,6.16581433615723,-14.831573389178825,1,synthetic,Pronation synthétique,generated_pronation.csv
37.66,-2.93857379573622,5.600979945483092,-16.505773647296998,1,synthetic,Pronation synthétique,generated_pronation.csv
37.68,-5.648415799091605,5.954032671709921,-17.380086712384845,1,synthetic,Pronation synthétique,generated_pronation.csv
37.7,-9.786655290511943,5.7374208110906615,-19.74564406625536,1,synthetic,Pronation synthétique,generated_pronation.csv
37.72,-13.489413787296636,6.396716171045166,-22.535029874132086,1,synthetic,Pronation synthétique,generated_pronation.csv
37.74,-19.257742638864045,7.294203968857788,-24.957014255299935,1,synthetic,Pronation synthétique,generated_pronation.csv
37.76,-26.544961056572326,8.991452952497303,-27.87605490410879,1,synthetic,Pronation synthétique,generated_pronation.csv
37.78,-34.86637611599553,13.044740490909277,-31.360003350116443,1,synthetic,Pronation synthétique,generated_pronation.csv
37.8,-41.97404127796475,13.843372253814238,-33.986591737413214,1,synthetic,Pronation synthétique,generated_pronation.csv
37.82,-48.37235244984174,14.117286831525725,-35.87342847290634,1,synthetic,Pronation synthétique,generated_pronation.csv
37.84,-52.15394609598692,13.073094396590404,-34.79785140345823,1,synthetic,Pronation synthétique,generated_pronation.csv
37.86,-54.36053268767979,13.790397527143778,-34.16363791967331,1,synthetic,Pronation synthétique,generated_pronation.csv
37.88,-55.25020976857867,12.041252273261245,-30.619369278457363,1,synthetic,Pronation synthétique,generated_pronation.csv
37.9,-53.30201846071286,10.578586483217062,-27.51879318610103,1,synthetic,Pronation synthétique,generated_pronation.csv
37.92,-51.590077330312845,10.761591304036994,-23.19719469903016,1,synthetic,Pronation synthétique,generated_pronation.csv
37.94,-49.163810164596,9.847001006582941,-20.433061988461553,1,synthetic,Pronation synthétique,generated_pronation.csv
37.96,-45.64350570652322,8.877170323958287,-17.77854440910561,1,synthetic,Pronation synthétique,generated_pronation.csv
37.98,-41.05285913318875,7.606274581760605,-16.21577168755791,1,synthetic,Pronation synthétique,generated_pronation.csv
38.0,-35.928409654323666,8.897968379489386,-15.129781993592742,1,synthetic,Pronation synthétique,generated_pronation.csv
38.02,-31.303175151696017,8.819518737564369,-14.453440144383956,1,synthetic,Pronation synthétique,generated_pronation.csv
38.04,-26.06606079204428,9.96294208948782,-14.919814211116265,1,synthetic,Pronation synthétique,generated_pronation.csv
38.06,-20.690772727923047,10.61412612860951,-14.40747868598139,1,synthetic,Pronation synthétique,generated_pronation.csv
38.08,-15.053582141432505,11.65820882342387,-15.285163984126912,1,synthetic,Pronation synthétique,generated_pronation.csv
38.1,-9.795012085288192,12.01570916071907,-16.98089077014892,1,synthetic,Pronation synthétique,generated_pronation.csv
38.12,-4.052322829639458,12.865157705340085,-18.31064362682409,1,synthetic,Pronation synthétique,generated_pronation.csv
38.14,1.4814514262889706,12.312105653390063,-19.49786834110794,1,synthetic,Pronation synthétique,generated_pronation.csv
38.16,6.27981320361658,12.186158204799774,-20.165292761368534,1,synthetic,Pronation synthétique,generated_pronation.csv
38.18,10.797194477295674,11.352951314133481,-21.235783281640934,1,synthetic,Pronation synthétique,generated_pronation.csv
38.2,14.181330343978319,10.791496283234032,-21.673148996553383,1,synthetic,Pronation synthétique,generated_pronation.csv
38.22,17.39224965435834,10.769073297034438,-21.9487948089462,1,synthetic,Pronation synthétique,generated_pronation.csv
38.24,18.503928907832897,9.713269349763303,-22.274049900678044,1,synthetic,Pronation synthétique,generated_pronation.csv
38.26,19.077180084607416,9.410814949552075,-21.870861798556753,1,synthetic,Pronation synthétique,generated_pronation.csv
38.28,18.21199682435279,9.722045843966264,-21.247293634660036,1,synthetic,Pronation synthétique,generated_pronation.csv
38.3,16.28868938509864,8.62859936185032,-20.455353171848717,1,synthetic,Pronation synthétique,generated_pronation.csv
38.32,13.118775143577295,8.262685041950371,-19.227576558927005,1,synthetic,Pronation synthétique,generated_pronation.csv
38.34,10.330234062653544,8.12638957469468,-18.320112328076412,1,synthetic,Pronation synthétique,generated_pronation.csv
38.36,7.750142424526941,6.737613958010259,-17.455958341903397,1,synthetic,Pronation synthétique,generated_pronation.csv
38.38,6.167633221769987,6.558146695834944,-16.2096407851755,1,synthetic,Pronation synthétique,generated_pronation.csv
38.4,6.366296375317136,5.9059609618971525,-15.488711046473998,1,synthetic,Pronation synthétique,generated_pronation.csv
38.42,5.78118597322939,6.3692230628119795,-15.185578634000173,1,synthetic,Pronation synthétique,generated_pronation.csv
38.44,6.541583007366476,6.0003678922382875,-14.113938698945681,1,synthetic,Pronation synthétique,generated_pronation.csv
38.46,5.632318194190164,5.292564233008562,-13.05651686374607,1,synthetic,Pronation synthétique,generated_pronation.csv
38.48,6.041941901608325,5.465810620798137,-13.225454308690626,1,synthetic,Pronation synthétique,generated_pronation.csv
38.5,5.501214732875393,5.326409283805094,-11.496433299177253,1,synthetic,Pronation synthétique,generated_pronation.csv
38.52,6.350397595945726,5.67075271021982,-11.326924663368455,1,synthetic,Pronation synthétique,generated_pronation.csv
38.54,5.6719893553962715,6.040950576603687,-9.946075482743451,1,synthetic,Pronation synthétique,generated_pronation.csv
38.56,5.798380847345484,5.336842070675824,-9.506192464724746,1,synthetic,Pronation synthétique,generated_pronation.csv
38.58,6.0609679001622565,6.11797242849213,-8.665370879336404,1,synthetic,Pronation synthétique,generated_pronation.csv
38.6,6.203650865394629,5.507470058770969,-8.629388376371512,1,synthetic,Pronation synthétique,generated_pronation.csv
38.62,5.505354655233572,5.721027786277629,-8.73784573648017,1,synthetic,Pronation synthétique,generated_pronation.csv
38.64,5.8136667657814804,5.545428422147669,-8.075047492101774,1,synthetic,Pronation synthétique,generated_pronation.csv
38.66,5.5470177616197756,6.820004103983955,-8.328237943632244,1,synthetic,Pronation synthétique,generated_pronation.csv
38.68,6.086046436444873,6.352960744294189,-8.367647956478791,1,synthetic,Pronation synthétique,generated_pronation.csv
38.7,6.019595175946874,6.566187901122422,-8.376857283882446,1,synthetic,Pronation synthétique,generated_pronation.csv
38.72,5.921156851660385,6.48011191021515,-8.105036368186374,1,synthetic,Pronation synthétique,generated_pronation.csv
38.74,5.679179628027874,7.201966789586278,-8.171504870335921,1,synthetic,Pronation synthétique,generated_pronation.csv
38.76,5.510589917923549,6.5554268874438995,-8.439796412893651,1,synthetic,Pronation synthétique,generated_pronation.csv
38.78,4.986167375218499,7.501388778838127,-9.03989593963965,1,synthetic,Pronation synthétique,generated_pronation.csv
38.8,4.801297853940907,8.504934937793742,-8.86744605679977,1,synthetic,Pronation synthétique,generated_pronation.csv
38.82,4.343170482993253,8.048407822307352,-8.984470008269605,1,synthetic,Pronation synthétique,generated_pronation.csv
38.84,2.3027060910656285,8.447507745743748,-8.899186526785366,1,synthetic,Pronation synthétique,generated_pronation.csv
38.86,1.6060522175998304,8.772112831440602,-9.874626580930302,1,synthetic,Pronation synthétique,generated_pronation.csv
38.88,-0.05920143967023486,8.369878609586449,-10.834363217411115,1,synthetic,Pronation synthétique,generated_pronation.csv
38.9,-1.7284813760173512,8.594045854364254,-11.498767464367823,1,synthetic,Pronation synthétique,generated_pronation.csv
38.92,-4.644142178144194,8.89833016333038,-13.269818088074025,1,synthetic,Pronation synthétique,generated_pronation.csv
38.94,-7.65597003642364,8.777047767815938,-14.890704238064277,1,synthetic,Pronation synthétique,generated_pronation.csv
38.96,-12.153247835816737,9.068726511182142,-16.661760262711496,1,synthetic,Pronation synthétique,generated_pronation.csv
38.98,-16.947212188562396,9.525355861900971,-19.2342079168551,1,synthetic,Pronation synthétique,generated_pronation.csv
39.0,-23.78385196214593,10.761815128944416,-20.778656711790642,1,synthetic,Pronation synthétique,generated_pronation.csv
39.02,-31.963943948041454,12.113012524005025,-23.657231234087508,1,synthetic,Pronation synthétique,generated_pronation.csv
39.04,-40.41611172595899,14.738265981013516,-25.956666351204692,1,synthetic,Pronation synthétique,generated_pronation.csv
39.06,-48.07757590076618,15.310347331078777,-27.16176876177303,1,synthetic,Pronation synthétique,generated_pronation.csv
39.08,-53.65344792952681,14.285169373872947,-26.793989179753286,1,synthetic,Pronation synthétique,generated_pronation.csv
39.1,-56.00108427970177,13.673951707631923,-25.15330294943642,1,synthetic,Pronation synthétique,generated_pronation.csv
39.12,-57.22403900530759,15.011546215397695,-22.985559267086646,1,synthetic,Pronation synthétique,generated_pronation.csv
39.14,-56.7367680723114,13.467463751790946,-20.090232071334846,1,synthetic,Pronation synthétique,generated_pronation.csv
39.16,-54.72569182445507,12.412524405206511,-17.08561551895839,1,synthetic,Pronation synthétique,generated_pronation.csv
39.18,-52.691219349931494,12.785764100978152,-15.547491407022104,1,synthetic,Pronation synthétique,generated_pronation.csv
39.2,-50.97845355359814,12.371000707459844,-14.454207605494545,1,synthetic,Pronation synthétique,generated_pronation.csv
39.22,-47.41194353218892,11.417322255124413,-13.325324471418563,1,synthetic,Pronation synthétique,generated_pronation.csv
39.24,-42.21816872645242,10.414671062680032,-13.242447992978947,1,synthetic,Pronation synthétique,generated_pronation.csv
39.26,-37.4237966911275,10.729624457229864,-13.322605908148049,1,synthetic,Pronation synthétique,generated_pronation.csv
39.28,-33.17578427912469,11.122920052769995,-13.725258833081444,1,synthetic,Pronation synthétique,generated_pronation.csv
39.3,-28.037631266853335,11.898038628337462,-13.922500740921722,1,synthetic,Pronation synthétique,generated_pronation.csv
39.32,-22.162303782620974,12.138533678610358,-14.78239557631701,1,synthetic,Pronation synthétique,generated_pronation.csv
39.34,-16.519876941253862,12.580113913184388,-15.867131532042837,1,synthetic,Pronation synthétique,generated_pronation.csv
39.36,-11.258104639947595,12.627705441783622,-16.968470801480702,1,synthetic,Pronation synthétique,generated_pronation.csv
39.38,-5.0034712722629076,13.262952473231522,-17.74454069521222,1,synthetic,Pronation synthétique,generated_pronation.csv
39.4,0.2289033755259059,13.007241549718122,-18.748286472439343,1,synthetic,Pronation synthétique,generated_pronation.csv
39.42,5.317856116262719,12.437588214263236,-19.540861458641533,1,synthetic,Pronation synthétique,generated_pronation.csv
39.44,10.238008288526471,11.582338876530992,-19.656373369929344,1,synthetic,Pronation synthétique,generated_pronation.csv
39.46,13.06260600433175,11.185853285222958,-20.63001561788483,1,synthetic,Pronation synthétique,generated_pronation.csv
39.48,15.553685465368698,11.091038500274006,-19.73725667345731,1,synthetic,Pronation synthétique,generated_pronation.csv
39.5,16.749127755400668,10.195251200660055,-19.08025594578061,1,synthetic,Pronation synthétique,generated_pronation.csv
39.52,16.84898850270207,10.135629108659533,-17.893715678257063,1,synthetic,Pronation synthétique,generated_pronation.csv
39.54,15.293634345402603,9.397505372118967,-18.180025983108525,1,synthetic,Pronation synthétique,generated_pronation.csv
39.56,13.048854767363348,8.615780501781318,-16.097865524598724,1,synthetic,Pronation synthétique,generated_pronation.csv
39.58,10.000357261430246,7.9575886473327815,-15.239057375667208,1,synthetic,Pronation synthétique,generated_pronation.csv
39.6,8.58090198138682,7.3298689853720465,-14.900075667968498,1,synthetic,Pronation synthétique,generated_pronation.csv
39.62,6.45173443737852,6.080469479221072,-13.892116808561346,1,synthetic,Pronation synthétique,generated_pronation.csv
39.64,5.185183453243474,5.810158684645087,-12.9796273822361,1,synthetic,Pronation synthétique,generated_pronation.csv
39.66,5.673397295938463,6.606030660948506,-13.277528253856806,1,synthetic,Pronation synthétique,generated_pronation.csv
39.68,6.2910962962181545,5.49597129145662,-12.94958357354684,1,synthetic,Pronation synthétique,generated_pronation.csv
39.7,6.343391973207997,5.477159869954653,-12.704232943449535,1,synthetic,Pronation synthétique,generated_pronation.csv
39.72,6.8504100776311985,6.137995003085819,-13.253438563449334,1,synthetic,Pronation synthétique,generated_pronation.csv
39.74,6.694205911149112,5.928589214333006,-13.265839333438791,1,synthetic,Pronation synthétique,generated_pronation.csv
39.76,6.13437628183556,5.817128584673924,-12.985129539698539,1,synthetic,Pronation synthétique,generated_pronation.csv
39.78,6.16085393963799,5.774147793329941,-13.180664366147969,1,synthetic,Pronation synthétique,generated_pronation.csv
39.8,5.710103866893471,6.460424458358938,-12.394455838670126,1,synthetic,Pronation synthétique,generated_pronation.csv
39.82,6.008091367959897,6.7310081785563165,-12.993628674410406,1,synthetic,Pronation synthétique,generated_pronation.csv
39.84,5.825930786035557,6.962886282850844,-11.996814630097072,1,synthetic,Pronation synthétique,generated_pronation.csv
39.86,6.453794379349052,6.7096818942854775,-12.146673446692716,1,synthetic,Pronation synthétique,generated_pronation.csv
39.88,5.508680842543552,7.1766071144868695,-12.583552852590284,1,synthetic,Pronation synthétique,generated_pronation.csv
39.9,4.709580082161723,6.834237954690883,-12.132670878195993,1,synthetic,Pronation synthétique,generated_pronation.csv
39.92,4.911608269090058,7.521294871607665,-11.608730185841663,1,synthetic,Pronation synthétique,generated_pronation.csv
39.94,4.924059171806173,7.668199574151107,-11.701736171151698,1,synthetic,Pronation synthétique,generated_pronation.csv
39.96,4.152718328683588,8.359464608315477,-11.77677715099114,1,synthetic,Pronation synthétique,generated_pronation.csv
39.98,3.894017598834951,8.981780734314116,-11.092290448574916,1,synthetic,Pronation synthétique,generated_pronation.csv
40.0,3.537274293053815,9.4324877216154,-10.615923332649084,1,synthetic,Pronation synthétique,generated_pronation.csv
