window_id,start_s,end_s,center_s,anomaly_score,is_periodic,is_anomaly,sequence_id,subject_id,scenario
0,0.0,1.98,0.99,,False,False,xsens_imu_data_segment_registered_austra_gwo.csv,austra,GWO - marche avec orthèse
1,0.5,2.48,1.49,,False,False,xsens_imu_data_segment_registered_austra_gwo.csv,austra,GWO - marche avec orthèse
2,1.0,2.98,1.99,,False,False,xsens_imu_data_segment_registered_austra_gwo.csv,austra,GWO - marche avec orthèse
3,1.5,3.48,2.49,,False,False,xsens_imu_data_segment_registered_austra_gwo.csv,austra,GWO - marche avec orthèse
4,2.0,3.98,2.99,,False,False,xsens_imu_data_segment_registered_austra_gwo.csv,austra,GWO - marche avec orthèse
5,2.5,4.48,3.49,,False,False,xsens_imu_data_segment_registered_austra_gwo.csv,austra,GWO - marche avec orthèse
6,3.0,4.98,3.99,,False,False,xsens_imu_data_segment_registered_austra_gwo.csv,austra,GWO - marche avec orthèse
7,3.5,5.48,4.49,,False,False,xsens_imu_data_segment_registered_austra_gwo.csv,austra,GWO - marche avec orthèse
8,4.0,5.98,4.99,0.11802454670583962,True,True,xsens_imu_data_segment_registered_austra_gwo.csv,austra,GWO - marche avec orthèse
9,4.5,6.48,5.49,,False,False,xsens_imu_data_segment_registered_austra_gwo.csv,austra,GWO - marche avec orthèse
10,5.0,6.98,5.99,,False,False,xsens_imu_data_segment_registered_austra_gwo.csv,austra,GWO - marche avec orthèse
11,5.5,7.48,6.49,,False,False,xsens_imu_data_segment_registered_austra_gwo.csv,austra,GWO - marche avec orthèse
12,6.0,7.98,6.99,,False,False,xsens_imu_data_segment_registered_austra_gwo.csv,austra,GWO - marche avec orthèse
13,6.5,8.48,7.49,,False,False,xsens_imu_data_segment_registered_austra_gwo.csv,austra,GWO - marche avec orthèse
14,7.0,8.98,7.99,0.0706425959272311,True,True,xsens_imu_data_segment_registered_austra_gwo.csv,austra,GWO - marche avec orthèse
15,7.5,9.48,8.49,,False,False,xsens_imu_data_segment_registered_austra_gwo.csv,austra,GWO - marche avec orthèse
16,8.0,9.98,8.99,0.0661176804958511,True,True,xsens_imu_data_segment_registered_austra_gwo.csv,austra,GWO - marche avec orthèse
17,8.5,10.48,9.49,0.03624825466113357,True,True,xsens_imu_data_segment_registered_austra_gwo.csv,austra,GWO - marche avec orthèse
18,9.0,10.98,9.99,0.024139717586238785,True,True,xsens_imu_data_segment_registered_austra_gwo.csv,austra,GWO - marche avec orthèse
19,9.5,11.48,10.49,0.040320988773937194,True,True,xsens_imu_data_segment_registered_austra_gwo.csv,austra,GWO - marche avec orthèse
20,10.0,11.98,10.99,-0.01303512914327587,True,False,xsens_imu_data_segment_registered_austra_gwo.csv,austra,GWO - marche avec orthèse
21,10.5,12.48,11.49,-0.026215433773133567,True,False,xsens_imu_data_segment_registered_austra_gwo.csv,austra,GWO - marche avec orthèse
22,11.0,12.98,11.99,-0.015067785398283795,True,False,xsens_imu_data_segment_registered_austra_gwo.csv,austra,GWO - marche avec orthèse
23,11.5,13.48,12.49,-0.02465257146406119,True,False,xsens_imu_data_segment_registered_austra_gwo.csv,austra,GWO - marche avec orthèse
24,12.0,13.98,12.99,0.015284592437460942,True,True,xsens_imu_data_segment_registered_austra_gwo.csv,austra,GWO - marche avec orthèse
25,12.5,14.48,13.49,0.02257520341600927,True,True,xsens_imu_data_segment_registered_austra_gwo.csv,austra,GWO - marche avec orthèse
26,13.0,14.98,13.99,0.012384664984478877,True,True,xsens_imu_data_segment_registered_austra_gwo.csv,austra,GWO - marche avec orthèse
27,13.5,15.48,14.49,0.009146609931096394,True,True,xsens_imu_data_segment_registered_austra_gwo.csv,austra,GWO - marche avec orthèse
28,14.0,15.98,14.99,-0.027067874790659474,True,False,xsens_imu_data_segment_registered_austra_gwo.csv,austra,GWO - marche avec orthèse
29,14.5,16.48,15.49,0.01605658087720707,True,True,xsens_imu_data_segment_registered_austra_gwo.csv,austra,GWO - marche avec orthèse
30,15.0,16.98,15.99,-0.023861999242649312,True,False,xsens_imu_data_segment_registered_austra_gwo.csv,austra,GWO - marche avec orthèse
31,15.5,17.48,16.490000000000002,-0.020337652604701106,True,False,xsens_imu_data_segment_registered_austra_gwo.csv,austra,GWO - marche avec orthèse
32,16.0,17.98,16.990000000000002,-0.05485320558560258,True,False,xsens_imu_data_segment_registered_austra_gwo.csv,austra,GWO - marche avec orthèse
33,16.5,18.48,17.490000000000002,-0.025230993313811734,True,False,xsens_imu_data_segment_registered_austra_gwo.csv,austra,GWO - marche avec orthèse
34,17.0,18.98,17.990000000000002,-0.03146893974511189,True,False,xsens_imu_data_segment_registered_austra_gwo.csv,austra,GWO - marche avec orthèse
35,17.5,19.48,18.490000000000002,-0.03437356553948956,True,False,xsens_imu_data_segment_registered_austra_gwo.csv,austra,GWO - marche avec orthèse
36,18.0,19.98,18.990000000000002,0.015482288590211613,True,True,xsens_imu_data_segment_registered_austra_gwo.csv,austra,GWO - marche avec orthèse
37,18.5,20.48,19.490000000000002,-0.024918924970151246,True,False,xsens_imu_data_segment_registered_austra_gwo.csv,austra,GWO - marche avec orthèse
38,19.0,20.98,19.990000000000002,,False,False,xsens_imu_data_segment_registered_austra_gwo.csv,austra,GWO - marche avec orthèse
39,19.5,21.48,20.490000000000002,-0.04654550693035997,True,False,xsens_imu_data_segment_registered_austra_gwo.csv,austra,GWO - marche avec orthèse
40,20.0,21.98,20.990000000000002,0.0032160306746769063,True,True,xsens_imu_data_segment_registered_austra_gwo.csv,austra,GWO - marche avec orthèse
41,20.5,22.48,21.490000000000002,-0.033634028609904,True,False,xsens_imu_data_segment_registered_austra_gwo.csv,austra,GWO - marche avec orthèse
42,21.0,22.98,21.990000000000002,-0.03389854851686713,True,False,xsens_imu_data_segment_registered_austra_gwo.csv,austra,GWO - marche avec orthèse
43,21.5,23.48,22.490000000000002,-0.04654050867693571,True,False,xsens_imu_data_segment_registered_austra_gwo.csv,austra,GWO - marche avec orthèse
44,22.0,23.98,22.990000000000002,-0.0563183203488839,True,False,xsens_imu_data_segment_registered_austra_gwo.csv,austra,GWO - marche avec orthèse
45,22.5,24.48,23.490000000000002,-0.03964158217473979,True,False,xsens_imu_data_segment_registered_austra_gwo.csv,austra,GWO - marche avec orthèse
46,23.0,24.98,23.990000000000002,-0.06452195143288314,True,False,xsens_imu_data_segment_registered_austra_gwo.csv,austra,GWO - marche avec orthèse
47,23.5,25.48,24.490000000000002,-0.022368490189900503,True,False,xsens_imu_data_segment_registered_austra_gwo.csv,austra,GWO - marche avec orthèse
48,24.0,25.98,24.990000000000002,-0.03933728085131677,True,False,xsens_imu_data_segment_registered_austra_gwo.csv,austra,GWO - marche avec orthèse
49,24.5,26.48,25.490000000000002,-0.0581523172496794,True,False,xsens_imu_data_segment_registered_austra_gwo.csv,austra,GWO - marche avec orthèse
50,25.0,26.98,25.990000000000002,-0.07025944113563842,True,False,xsens_imu_data_segment_registered_austra_gwo.csv,austra,GWO - marche avec orthèse
51,25.5,27.48,26.490000000000002,-0.0549387562182862,True,False,xsens_imu_data_segment_registered_austra_gwo.csv,austra,GWO - marche avec orthèse
52,26.0,27.98,26.990000000000002,-0.0516040344486558,True,False,xsens_imu_data_segment_registered_austra_gwo.csv,austra,GWO - marche avec orthèse
53,26.5,28.48,27.490000000000002,-0.057716665075622675,True,False,xsens_imu_data_segment_registered_austra_gwo.csv,austra,GWO - marche avec orthèse
54,27.0,28.98,27.990000000000002,-0.031058509090255315,True,False,xsens_imu_data_segment_registered_austra_gwo.csv,austra,GWO - marche avec orthèse
55,27.5,29.48,28.490000000000002,-0.006094690511919132,True,False,xsens_imu_data_segment_registered_austra_gwo.csv,austra,GWO - marche avec orthèse
56,28.0,29.98,28.990000000000002,0.001777901515287672,True,True,xsens_imu_data_segment_registered_austra_gwo.csv,austra,GWO - marche avec orthèse
57,28.5,30.48,29.490000000000002,0.011158302528622155,True,True,xsens_imu_data_segment_registered_austra_gwo.csv,austra,GWO - marche avec orthèse
58,29.0,30.98,29.990000000000002,0.0011869937131886443,True,True,xsens_imu_data_segment_registered_austra_gwo.csv,austra,GWO - marche avec orthèse
59,29.5,31.48,30.490000000000002,-0.044294822385355204,True,False,xsens_imu_data_segment_registered_austra_gwo.csv,austra,GWO - marche avec orthèse
60,30.0,31.98,30.990000000000002,-0.027399334427822775,True,False,xsens_imu_data_segment_registered_austra_gwo.csv,austra,GWO - marche avec orthèse
61,30.5,32.480000000000004,31.490000000000002,-0.009699969819994991,True,False,xsens_imu_data_segment_registered_austra_gwo.csv,austra,GWO - marche avec orthèse
62,31.0,32.980000000000004,31.990000000000002,-0.039420054681390426,True,False,xsens_imu_data_segment_registered_austra_gwo.csv,austra,GWO - marche avec orthèse
63,31.5,33.480000000000004,32.49,-0.038914871408627205,True,False,xsens_imu_data_segment_registered_austra_gwo.csv,austra,GWO - marche avec orthèse
64,32.0,33.980000000000004,32.99,-0.0502771757408923,True,False,xsens_imu_data_segment_registered_austra_gwo.csv,austra,GWO - marche avec orthèse
65,32.5,34.480000000000004,33.49,-0.07555267690039896,True,False,xsens_imu_data_segment_registered_austra_gwo.csv,austra,GWO - marche avec orthèse
66,33.0,34.980000000000004,33.99,-0.05368599025333015,True,False,xsens_imu_data_segment_registered_austra_gwo.csv,austra,GWO - marche avec orthèse
67,33.5,35.480000000000004,34.49,-0.044821429739461904,True,False,xsens_imu_data_segment_registered_austra_gwo.csv,austra,GWO - marche avec orthèse
68,34.0,35.980000000000004,34.99,-0.005085169705419834,True,False,xsens_imu_data_segment_registered_austra_gwo.csv,austra,GWO - marche avec orthèse
69,34.5,36.48,35.489999999999995,0.00806136182836903,True,True,xsens_imu_data_segment_registered_austra_gwo.csv,austra,GWO - marche avec orthèse
70,35.0,36.98,35.989999999999995,0.041078308933650276,True,True,xsens_imu_data_segment_registered_austra_gwo.csv,austra,GWO - marche avec orthèse
71,35.5,37.48,36.489999999999995,0.027054952742029292,True,True,xsens_imu_data_segment_registered_austra_gwo.csv,austra,GWO - marche avec orthèse
72,36.0,37.98,36.989999999999995,-0.016679827868344543,True,False,xsens_imu_data_segment_registered_austra_gwo.csv,austra,GWO - marche avec orthèse
73,36.5,38.48,37.489999999999995,0.017166797608239803,True,True,xsens_imu_data_segment_registered_austra_gwo.csv,austra,GWO - marche avec orthèse
74,37.0,38.98,37.989999999999995,0.00598530132019548,True,True,xsens_imu_data_segment_registered_austra_gwo.csv,austra,GWO - marche avec orthèse
75,37.5,39.48,38.489999999999995,0.009891775753397836,True,True,xsens_imu_data_segment_registered_austra_gwo.csv,austra,GWO - marche avec orthèse
76,38.0,39.98,38.989999999999995,-0.00648765238358906,True,False,xsens_imu_data_segment_registered_austra_gwo.csv,austra,GWO - marche avec orthèse
77,38.5,40.48,39.489999999999995,-0.0018520037654286003,True,False,xsens_imu_data_segment_registered_austra_gwo.csv,austra,GWO - marche avec orthèse
78,39.0,40.98,39.989999999999995,-0.01092696325739384,True,False,xsens_imu_data_segment_registered_austra_gwo.csv,austra,GWO - marche avec orthèse
79,39.5,41.48,40.489999999999995,0.003083002609961638,True,True,xsens_imu_data_segment_registered_austra_gwo.csv,austra,GWO - marche avec orthèse
80,40.0,41.98,40.989999999999995,0.005057664323389832,True,True,xsens_imu_data_segment_registered_austra_gwo.csv,austra,GWO - marche avec orthèse
81,40.5,42.48,41.489999999999995,-0.024027667339735825,True,False,xsens_imu_data_segment_registered_austra_gwo.csv,austra,GWO - marche avec orthèse
82,41.0,42.98,41.989999999999995,-0.03133154885803996,True,False,xsens_imu_data_segment_registered_austra_gwo.csv,austra,GWO - marche avec orthèse
83,41.5,43.48,42.489999999999995,-0.05492939431308169,True,False,xsens_imu_data_segment_registered_austra_gwo.csv,austra,GWO - marche avec orthèse
84,42.0,43.98,42.989999999999995,-0.02585739985014518,True,False,xsens_imu_data_segment_registered_austra_gwo.csv,austra,GWO - marche avec orthèse
85,42.5,44.48,43.489999999999995,0.016891551825434448,True,True,xsens_imu_data_segment_registered_austra_gwo.csv,austra,GWO - marche avec orthèse
86,43.0,44.98,43.989999999999995,0.0017771755318242155,True,True,xsens_imu_data_segment_registered_austra_gwo.csv,austra,GWO - marche avec orthèse
87,43.5,45.48,44.489999999999995,0.02156666790701478,True,True,xsens_imu_data_segment_registered_austra_gwo.csv,austra,GWO - marche avec orthèse
88,44.0,45.98,44.989999999999995,0.010693952119890215,True,True,xsens_imu_data_segment_registered_austra_gwo.csv,austra,GWO - marche avec orthèse
89,44.5,46.48,45.489999999999995,-0.0288322236636816,True,False,xsens_imu_data_segment_registered_austra_gwo.csv,austra,GWO - marche avec orthèse
90,45.0,46.98,45.989999999999995,-0.044277823362564084,True,False,xsens_imu_data_segment_registered_austra_gwo.csv,austra,GWO - marche avec orthèse
91,45.5,47.48,46.489999999999995,0.016398817119950393,True,True,xsens_imu_data_segment_registered_austra_gwo.csv,austra,GWO - marche avec orthèse
92,46.0,47.98,46.989999999999995,-0.010643030430230405,True,False,xsens_imu_data_segment_registered_austra_gwo.csv,austra,GWO - marche avec orthèse
93,46.5,48.48,47.489999999999995,0.007157989909998941,True,True,xsens_imu_data_segment_registered_austra_gwo.csv,austra,GWO - marche avec orthèse
94,47.0,48.98,47.989999999999995,0.004816275218635924,True,True,xsens_imu_data_segment_registered_austra_gwo.csv,austra,GWO - marche avec orthèse
95,47.5,49.48,48.489999999999995,-0.022422864066776516,True,False,xsens_imu_data_segment_registered_austra_gwo.csv,austra,GWO - marche avec orthèse
96,48.0,49.98,48.989999999999995,-0.00031294132754555726,True,False,xsens_imu_data_segment_registered_austra_gwo.csv,austra,GWO - marche avec orthèse
97,48.5,50.48,49.489999999999995,-0.02703128785564951,True,False,xsens_imu_data_segment_registered_austra_gwo.csv,austra,GWO - marche avec orthèse
98,49.0,50.98,49.989999999999995,-0.0370579839725384,True,False,xsens_imu_data_segment_registered_austra_gwo.csv,austra,GWO - marche avec orthèse
99,49.5,51.48,50.489999999999995,-0.051444825432437835,True,False,xsens_imu_data_segment_registered_austra_gwo.csv,austra,GWO - marche avec orthèse
100,50.0,51.98,50.989999999999995,-0.023667814925884767,True,False,xsens_imu_data_segment_registered_austra_gwo.csv,austra,GWO - marche avec orthèse
101,50.5,52.48,51.489999999999995,-0.0257211876051342,True,False,xsens_imu_data_segment_registered_austra_gwo.csv,austra,GWO - marche avec orthèse
102,51.0,52.98,51.989999999999995,-0.025287025712597666,True,False,xsens_imu_data_segment_registered_austra_gwo.csv,austra,GWO - marche avec orthèse
103,51.5,53.48,52.489999999999995,-0.02942704776178179,True,False,xsens_imu_data_segment_registered_austra_gwo.csv,austra,GWO - marche avec orthèse
104,52.0,53.98,52.989999999999995,-0.041562461055399624,True,False,xsens_imu_data_segment_registered_austra_gwo.csv,austra,GWO - marche avec orthèse
105,52.5,54.48,53.489999999999995,-0.036203397015446614,True,False,xsens_imu_data_segment_registered_austra_gwo.csv,austra,GWO - marche avec orthèse
106,53.0,54.98,53.989999999999995,-0.013482700434104045,True,False,xsens_imu_data_segment_registered_austra_gwo.csv,austra,GWO - marche avec orthèse
107,53.5,55.48,54.489999999999995,0.024332128368121486,True,True,xsens_imu_data_segment_registered_austra_gwo.csv,austra,GWO - marche avec orthèse
108,54.0,55.98,54.989999999999995,0.012888808109587813,True,True,xsens_imu_data_segment_registered_austra_gwo.csv,austra,GWO - marche avec orthèse
109,54.5,56.48,55.489999999999995,0.02454919175009662,True,True,xsens_imu_data_segment_registered_austra_gwo.csv,austra,GWO - marche avec orthèse
110,55.0,56.98,55.989999999999995,0.036633888576160456,True,True,xsens_imu_data_segment_registered_austra_gwo.csv,austra,GWO - marche avec orthèse
111,55.5,57.48,56.489999999999995,0.01995356748851529,True,True,xsens_imu_data_segment_registered_austra_gwo.csv,austra,GWO - marche avec orthèse
112,56.0,57.98,56.989999999999995,0.0463116666871044,True,True,xsens_imu_data_segment_registered_austra_gwo.csv,austra,GWO - marche avec orthèse
113,56.5,58.48,57.489999999999995,0.019052084781497336,True,True,xsens_imu_data_segment_registered_austra_gwo.csv,austra,GWO - marche avec orthèse
114,57.0,58.98,57.989999999999995,-0.03202512602173824,True,False,xsens_imu_data_segment_registered_austra_gwo.csv,austra,GWO - marche avec orthèse
115,57.5,59.48,58.489999999999995,-0.04205291060756522,True,False,xsens_imu_data_segment_registered_austra_gwo.csv,austra,GWO - marche avec orthèse
116,58.0,59.98,58.989999999999995,-0.007463080971147229,True,False,xsens_imu_data_segment_registered_austra_gwo.csv,austra,GWO - marche avec orthèse
117,58.5,60.48,59.489999999999995,-0.011079412626472052,True,False,xsens_imu_data_segment_registered_austra_gwo.csv,austra,GWO - marche avec orthèse
118,59.0,60.98,59.989999999999995,-0.04390966871057289,True,False,xsens_imu_data_segment_registered_austra_gwo.csv,austra,GWO - marche avec orthèse
119,59.5,61.48,60.489999999999995,0.004584964267948299,True,True,xsens_imu_data_segment_registered_austra_gwo.csv,austra,GWO - marche avec orthèse
120,60.0,61.98,60.989999999999995,-0.011082862734777321,True,False,xsens_imu_data_segment_registered_austra_gwo.csv,austra,GWO - marche avec orthèse
121,60.5,62.48,61.489999999999995,0.054477528441784884,True,True,xsens_imu_data_segment_registered_austra_gwo.csv,austra,GWO - marche avec orthèse
122,61.0,62.98,61.989999999999995,0.03186421630715053,True,True,xsens_imu_data_segment_registered_austra_gwo.csv,austra,GWO - marche avec orthèse
123,61.5,63.48,62.489999999999995,-0.004216018827803425,True,False,xsens_imu_data_segment_registered_austra_gwo.csv,austra,GWO - marche avec orthèse
124,62.0,63.98,62.989999999999995,-0.04822495125063797,True,False,xsens_imu_data_segment_registered_austra_gwo.csv,austra,GWO - marche avec orthèse
125,62.5,64.48,63.49,-0.05720294471357279,True,False,xsens_imu_data_segment_registered_austra_gwo.csv,austra,GWO - marche avec orthèse
126,63.0,64.98,63.99,-0.05255734998074857,True,False,xsens_imu_data_segment_registered_austra_gwo.csv,austra,GWO - marche avec orthèse
127,63.5,65.48,64.49000000000001,-0.041913422065365136,True,False,xsens_imu_data_segment_registered_austra_gwo.csv,austra,GWO - marche avec orthèse
128,64.0,65.98,64.99000000000001,-0.011154477886063163,True,False,xsens_imu_data_segment_registered_austra_gwo.csv,austra,GWO - marche avec orthèse
129,64.5,66.48,65.49000000000001,-0.036972605688606996,True,False,xsens_imu_data_segment_registered_austra_gwo.csv,austra,GWO - marche avec orthèse
130,65.0,66.98,65.99000000000001,-0.04423990615703188,True,False,xsens_imu_data_segment_registered_austra_gwo.csv,austra,GWO - marche avec orthèse
131,65.5,67.48,66.49000000000001,-0.027148597914303296,True,False,xsens_imu_data_segment_registered_austra_gwo.csv,austra,GWO - marche avec orthèse
132,66.0,67.98,66.99000000000001,-0.03878918855816188,True,False,xsens_imu_data_segment_registered_austra_gwo.csv,austra,GWO - marche avec orthèse
133,66.5,68.48,67.49000000000001,0.013988791659550026,True,True,xsens_imu_data_segment_registered_austra_gwo.csv,austra,GWO - marche avec orthèse
134,67.0,68.98,67.99000000000001,0.0006050196461342416,True,True,xsens_imu_data_segment_registered_austra_gwo.csv,austra,GWO - marche avec orthèse
135,67.5,69.48,68.49000000000001,0.0028101244331721897,True,True,xsens_imu_data_segment_registered_austra_gwo.csv,austra,GWO - marche avec orthèse
136,68.0,69.98,68.99000000000001,-0.02354802748190965,True,False,xsens_imu_data_segment_registered_austra_gwo.csv,austra,GWO - marche avec orthèse
137,68.5,70.48,69.49000000000001,-0.027993216656702458,True,False,xsens_imu_data_segment_registered_austra_gwo.csv,austra,GWO - marche avec orthèse
138,69.0,70.98,69.99000000000001,-0.027644432332821878,True,False,xsens_imu_data_segment_registered_austra_gwo.csv,austra,GWO - marche avec orthèse
139,69.5,71.48,70.49000000000001,-0.02782845204662615,True,False,xsens_imu_data_segment_registered_austra_gwo.csv,austra,GWO - marche avec orthèse
140,70.0,71.98,70.99000000000001,-0.03367385632966596,True,False,xsens_imu_data_segment_registered_austra_gwo.csv,austra,GWO - marche avec orthèse
141,70.5,72.48,71.49000000000001,-0.04844577345962192,True,False,xsens_imu_data_segment_registered_austra_gwo.csv,austra,GWO - marche avec orthèse
142,71.0,72.98,71.99000000000001,-0.004513938658518457,True,False,xsens_imu_data_segment_registered_austra_gwo.csv,austra,GWO - marche avec orthèse
143,71.5,73.48,72.49000000000001,0.011348698043956773,True,True,xsens_imu_data_segment_registered_austra_gwo.csv,austra,GWO - marche avec orthèse
144,72.0,73.98,72.99000000000001,0.04359593746180157,True,True,xsens_imu_data_segment_registered_austra_gwo.csv,austra,GWO - marche avec orthèse
145,72.5,74.48,73.49000000000001,0.04220736528447,True,True,xsens_imu_data_segment_registered_austra_gwo.csv,austra,GWO - marche avec orthèse
146,73.0,74.98,73.99000000000001,0.015618218572524545,True,True,xsens_imu_data_segment_registered_austra_gwo.csv,austra,GWO - marche avec orthèse
147,73.5,75.48,74.49000000000001,-0.003869651802878682,True,False,xsens_imu_data_segment_registered_austra_gwo.csv,austra,GWO - marche avec orthèse
148,74.0,75.98,74.99000000000001,-0.013530512610395506,True,False,xsens_imu_data_segment_registered_austra_gwo.csv,austra,GWO - marche avec orthèse
149,74.5,76.48,75.49000000000001,-0.002222091361737011,True,False,xsens_imu_data_segment_registered_austra_gwo.csv,austra,GWO - marche avec orthèse
150,75.0,76.98,75.99000000000001,-0.014950371056466571,True,False,xsens_imu_data_segment_registered_austra_gwo.csv,austra,GWO - marche avec orthèse
151,75.5,77.48,76.49000000000001,-0.014252967010031314,True,False,xsens_imu_data_segment_registered_austra_gwo.csv,austra,GWO - marche avec orthèse
152,76.0,77.98,76.99000000000001,-0.020128551508193815,True,False,xsens_imu_data_segment_registered_austra_gwo.csv,austra,GWO - marche avec orthèse
153,76.5,78.48,77.49000000000001,-0.03481658114318281,True,False,xsens_imu_data_segment_registered_austra_gwo.csv,austra,GWO - marche avec orthèse
154,77.0,78.98,77.99000000000001,-0.009930484700467535,True,False,xsens_imu_data_segment_registered_austra_gwo.csv,austra,GWO - marche avec orthèse
155,77.5,79.48,78.49000000000001,-0.0203893472276242,True,False,xsens_imu_data_segment_registered_austra_gwo.csv,austra,GWO - marche avec orthèse
156,78.0,79.98,78.99000000000001,-0.006632620068262929,True,False,xsens_imu_data_segment_registered_austra_gwo.csv,austra,GWO - marche avec orthèse
157,78.5,80.48,79.49000000000001,0.005765208582351855,True,True,xsens_imu_data_segment_registered_austra_gwo.csv,austra,GWO - marche avec orthèse
158,79.0,80.98,79.99000000000001,0.01596819671641203,True,True,xsens_imu_data_segment_registered_austra_gwo.csv,austra,GWO - marche avec orthèse
159,79.5,81.48,80.49000000000001,0.003670090205781129,True,True,xsens_imu_data_segment_registered_austra_gwo.csv,austra,GWO - marche avec orthèse
160,80.0,81.98,80.99000000000001,-0.004801483609564894,True,False,xsens_imu_data_segment_registered_austra_gwo.csv,austra,GWO - marche avec orthèse
161,80.5,82.48,81.49000000000001,-0.011843578471305571,True,False,xsens_imu_data_segment_registered_austra_gwo.csv,austra,GWO - marche avec orthèse
162,81.0,82.98,81.99000000000001,-0.005541006413615768,True,False,xsens_imu_data_segment_registered_austra_gwo.csv,austra,GWO - marche avec orthèse
163,81.5,83.48,82.49000000000001,-0.03378149428386684,True,False,xsens_imu_data_segment_registered_austra_gwo.csv,austra,GWO - marche avec orthèse
164,82.0,83.98,82.99000000000001,-0.03500565409081846,True,False,xsens_imu_data_segment_registered_austra_gwo.csv,austra,GWO - marche avec orthèse
165,82.5,84.48,83.49000000000001,-0.05078732451001883,True,False,xsens_imu_data_segment_registered_austra_gwo.csv,austra,GWO - marche avec orthèse
166,83.0,84.98,83.99000000000001,-0.046408766219205866,True,False,xsens_imu_data_segment_registered_austra_gwo.csv,austra,GWO - marche avec orthèse
167,83.5,85.48,84.49000000000001,-0.02543206170728496,True,False,xsens_imu_data_segment_registered_austra_gwo.csv,austra,GWO - marche avec orthèse
168,84.0,85.98,84.99000000000001,-0.042575309272990525,True,False,xsens_imu_data_segment_registered_austra_gwo.csv,austra,GWO - marche avec orthèse
169,84.5,86.48,85.49000000000001,0.022063443227020807,True,True,xsens_imu_data_segment_registered_austra_gwo.csv,austra,GWO - marche avec orthèse
170,85.0,86.98,85.99000000000001,0.013527872055192236,True,True,xsens_imu_data_segment_registered_austra_gwo.csv,austra,GWO - marche avec orthèse
171,85.5,87.48,86.49000000000001,0.035383794089091425,True,True,xsens_imu_data_segment_registered_austra_gwo.csv,austra,GWO - marche avec orthèse
172,86.0,87.98,86.99000000000001,0.03233621178075108,True,True,xsens_imu_data_segment_registered_austra_gwo.csv,austra,GWO - marche avec orthèse
173,86.5,88.48,87.49000000000001,-0.005250752769476619,True,False,xsens_imu_data_segment_registered_austra_gwo.csv,austra,GWO - marche avec orthèse
174,87.0,88.98,87.99000000000001,-0.027849698441061888,True,False,xsens_imu_data_segment_registered_austra_gwo.csv,austra,GWO - marche avec orthèse
175,87.5,89.48,88.49000000000001,-0.02739529505115401,True,False,xsens_imu_data_segment_registered_austra_gwo.csv,austra,GWO - marche avec orthèse
176,88.0,89.98,88.99000000000001,-0.03354211674903734,True,False,xsens_imu_data_segment_registered_austra_gwo.csv,austra,GWO - marche avec orthèse
177,88.5,90.48,89.49000000000001,-0.033477456635931546,True,False,xsens_imu_data_segment_registered_austra_gwo.csv,austra,GWO - marche avec orthèse
178,89.0,90.98,89.99000000000001,-0.027700724659914133,True,False,xsens_imu_data_segment_registered_austra_gwo.csv,austra,GWO - marche avec orthèse
179,89.5,91.48,90.49000000000001,-0.02916236681004858,True,False,xsens_imu_data_segment_registered_austra_gwo.csv,austra,GWO - marche avec orthèse
180,90.0,91.98,90.99000000000001,-0.049593225120277584,True,False,xsens_imu_data_segment_registered_austra_gwo.csv,austra,GWO - marche avec orthèse
181,90.5,92.48,91.49000000000001,-0.060059152972446794,True,False,xsens_imu_data_segment_registered_austra_gwo.csv,austra,GWO - marche avec orthèse
182,91.0,92.98,91.99000000000001,-0.007562350871565315,True,False,xsens_imu_data_segment_registered_austra_gwo.csv,austra,GWO - marche avec orthèse
183,91.5,93.48,92.49000000000001,-0.009661151608799656,True,False,xsens_imu_data_segment_registered_austra_gwo.csv,austra,GWO - marche avec orthèse
184,92.0,93.98,92.99000000000001,-0.0077369359580349295,True,False,xsens_imu_data_segment_registered_austra_gwo.csv,austra,GWO - marche avec orthèse
185,92.5,94.48,93.49000000000001,-0.013649421364740566,True,False,xsens_imu_data_segment_registered_austra_gwo.csv,austra,GWO - marche avec orthèse
186,93.0,94.98,93.99000000000001,-0.01340279532454558,True,False,xsens_imu_data_segment_registered_austra_gwo.csv,austra,GWO - marche avec orthèse
187,93.5,95.48,94.49000000000001,-0.03270236651303127,True,False,xsens_imu_data_segment_registered_austra_gwo.csv,austra,GWO - marche avec orthèse
188,94.0,95.98,94.99000000000001,-0.030125064610790175,True,False,xsens_imu_data_segment_registered_austra_gwo.csv,austra,GWO - marche avec orthèse
189,94.5,96.48,95.49000000000001,-0.026317510684443823,True,False,xsens_imu_data_segment_registered_austra_gwo.csv,austra,GWO - marche avec orthèse
190,95.0,96.98,95.99000000000001,-0.0050549651970662746,True,False,xsens_imu_data_segment_registered_austra_gwo.csv,austra,GWO - marche avec orthèse
191,95.5,97.48,96.49000000000001,0.01394962982519754,True,True,xsens_imu_data_segment_registered_austra_gwo.csv,austra,GWO - marche avec orthèse
192,96.0,97.98,96.99000000000001,0.007546156413099192,True,True,xsens_imu_data_segment_registered_austra_gwo.csv,austra,GWO - marche avec orthèse
193,96.5,98.48,97.49000000000001,-0.005931089410972201,True,False,xsens_imu_data_segment_registered_austra_gwo.csv,austra,GWO - marche avec orthèse
194,97.0,98.98,97.99000000000001,-0.009477031016752568,True,False,xsens_imu_data_segment_registered_austra_gwo.csv,austra,GWO - marche avec orthèse
195,97.5,99.48,98.49000000000001,-0.021169255737055415,True,False,xsens_imu_data_segment_registered_austra_gwo.csv,austra,GWO - marche avec orthèse
196,98.0,99.98,98.99000000000001,-0.013463490312448534,True,False,xsens_imu_data_segment_registered_austra_gwo.csv,austra,GWO - marche avec orthèse
197,98.5,100.48,99.49000000000001,-0.002307640054449611,True,False,xsens_imu_data_segment_registered_austra_gwo.csv,austra,GWO - marche avec orthèse
198,99.0,100.98,99.99000000000001,-0.00549879708599299,True,False,xsens_imu_data_segment_registered_austra_gwo.csv,austra,GWO - marche avec orthèse
199,99.5,101.48,100.49000000000001,0.024619586118816983,True,True,xsens_imu_data_segment_registered_austra_gwo.csv,austra,GWO - marche avec orthèse
200,100.0,101.98,100.99000000000001,0.01900913636238999,True,True,xsens_imu_data_segment_registered_austra_gwo.csv,austra,GWO - marche avec orthèse
201,100.5,102.48,101.49000000000001,0.009530534700192494,True,True,xsens_imu_data_segment_registered_austra_gwo.csv,austra,GWO - marche avec orthèse
202,101.0,102.98,101.99000000000001,0.01660358058424516,True,True,xsens_imu_data_segment_registered_austra_gwo.csv,austra,GWO - marche avec orthèse
203,101.5,103.48,102.49000000000001,0.008257707079644017,True,True,xsens_imu_data_segment_registered_austra_gwo.csv,austra,GWO - marche avec orthèse
204,102.0,103.98,102.99000000000001,0.014065741461637526,True,True,xsens_imu_data_segment_registered_austra_gwo.csv,austra,GWO - marche avec orthèse
205,102.5,104.48,103.49000000000001,0.0018851587558433858,True,True,xsens_imu_data_segment_registered_austra_gwo.csv,austra,GWO - marche avec orthèse
206,103.0,104.98,103.99000000000001,-0.01155225796554693,True,False,xsens_imu_data_segment_registered_austra_gwo.csv,austra,GWO - marche avec orthèse
207,103.5,105.48,104.49000000000001,-0.02049169297252751,True,False,xsens_imu_data_segment_registered_austra_gwo.csv,austra,GWO - marche avec orthèse
208,104.0,105.98,104.99000000000001,-0.02193319692995732,True,False,xsens_imu_data_segment_registered_austra_gwo.csv,austra,GWO - marche avec orthèse
209,104.5,106.48,105.49000000000001,-0.019754564062632873,True,False,xsens_imu_data_segment_registered_austra_gwo.csv,austra,GWO - marche avec orthèse
210,105.0,106.98,105.99000000000001,-0.024115582802344604,True,False,xsens_imu_data_segment_registered_austra_gwo.csv,austra,GWO - marche avec orthèse
211,105.5,107.48,106.49000000000001,-0.02495958920283281,True,False,xsens_imu_data_segment_registered_austra_gwo.csv,austra,GWO - marche avec orthèse
212,106.0,107.98,106.99000000000001,-0.05415948080764227,True,False,xsens_imu_data_segment_registered_austra_gwo.csv,austra,GWO - marche avec orthèse
213,106.5,108.48,107.49000000000001,-0.04941959941469942,True,False,xsens_imu_data_segment_registered_austra_gwo.csv,austra,GWO - marche avec orthèse
214,107.0,108.98,107.99000000000001,-0.054857410724293953,True,False,xsens_imu_data_segment_registered_austra_gwo.csv,austra,GWO - marche avec orthèse
215,107.5,109.48,108.49000000000001,-0.04446765077790232,True,False,xsens_imu_data_segment_registered_austra_gwo.csv,austra,GWO - marche avec orthèse
216,108.0,109.98,108.99000000000001,-0.03524633475712535,True,False,xsens_imu_data_segment_registered_austra_gwo.csv,austra,GWO - marche avec orthèse
217,108.5,110.48,109.49000000000001,-0.03204705223618515,True,False,xsens_imu_data_segment_registered_austra_gwo.csv,austra,GWO - marche avec orthèse
218,109.0,110.98,109.99000000000001,-0.012790963167405245,True,False,xsens_imu_data_segment_registered_austra_gwo.csv,austra,GWO - marche avec orthèse
219,109.5,111.48,110.49000000000001,-0.007916415578886005,True,False,xsens_imu_data_segment_registered_austra_gwo.csv,austra,GWO - marche avec orthèse
220,110.0,111.98,110.99000000000001,-0.005669696843634275,True,False,xsens_imu_data_segment_registered_austra_gwo.csv,austra,GWO - marche avec orthèse
221,110.5,112.48,111.49000000000001,0.0051674891642197185,True,True,xsens_imu_data_segment_registered_austra_gwo.csv,austra,GWO - marche avec orthèse
222,111.0,112.98,111.99000000000001,-0.0077307856412387466,True,False,xsens_imu_data_segment_registered_austra_gwo.csv,austra,GWO - marche avec orthèse
223,111.5,113.48,112.49000000000001,-0.002801111413894164,True,False,xsens_imu_data_segment_registered_austra_gwo.csv,austra,GWO - marche avec orthèse
224,112.0,113.98,112.99000000000001,-0.03704702421495221,True,False,xsens_imu_data_segment_registered_austra_gwo.csv,austra,GWO - marche avec orthèse
225,112.5,114.48,113.49000000000001,-0.03676887766456899,True,False,xsens_imu_data_segment_registered_austra_gwo.csv,austra,GWO - marche avec orthèse
226,113.0,114.98,113.99000000000001,-0.023120119843192843,True,False,xsens_imu_data_segment_registered_austra_gwo.csv,austra,GWO - marche avec orthèse
227,113.5,115.48,114.49000000000001,-0.026583029295877636,True,False,xsens_imu_data_segment_registered_austra_gwo.csv,austra,GWO - marche avec orthèse
228,114.0,115.98,114.99000000000001,-0.02595981404905784,True,False,xsens_imu_data_segment_registered_austra_gwo.csv,austra,GWO - marche avec orthèse
229,114.5,116.48,115.49000000000001,-0.014196111454161664,True,False,xsens_imu_data_segment_registered_austra_gwo.csv,austra,GWO - marche avec orthèse
230,115.0,116.98,115.99000000000001,0.004460068919451943,True,True,xsens_imu_data_segment_registered_austra_gwo.csv,austra,GWO - marche avec orthèse
231,115.5,117.48,116.49000000000001,0.018362106946933077,True,True,xsens_imu_data_segment_registered_austra_gwo.csv,austra,GWO - marche avec orthèse
232,116.0,117.98,116.99000000000001,0.028415539889782515,True,True,xsens_imu_data_segment_registered_austra_gwo.csv,austra,GWO - marche avec orthèse
233,116.5,118.48,117.49000000000001,-0.018505484202986477,True,False,xsens_imu_data_segment_registered_austra_gwo.csv,austra,GWO - marche avec orthèse
234,117.0,118.98,117.99000000000001,-0.01898042017287027,True,False,xsens_imu_data_segment_registered_austra_gwo.csv,austra,GWO - marche avec orthèse
235,117.5,119.48,118.49000000000001,-0.025700084893405528,True,False,xsens_imu_data_segment_registered_austra_gwo.csv,austra,GWO - marche avec orthèse
236,118.0,119.98,118.99000000000001,-0.0007751672937287291,True,False,xsens_imu_data_segment_registered_austra_gwo.csv,austra,GWO - marche avec orthèse
237,118.5,120.48,119.49000000000001,0.02083575454730424,True,True,xsens_imu_data_segment_registered_austra_gwo.csv,austra,GWO - marche avec orthèse
238,119.0,120.98,119.99000000000001,0.004179089486320953,True,True,xsens_imu_data_segment_registered_austra_gwo.csv,austra,GWO - marche avec orthèse
239,119.5,121.48,120.49000000000001,-0.037779718863634015,True,False,xsens_imu_data_segment_registered_austra_gwo.csv,austra,GWO - marche avec orthèse
240,120.0,121.98,120.99000000000001,-0.040744218584066905,True,False,xsens_imu_data_segment_registered_austra_gwo.csv,austra,GWO - marche avec orthèse
241,120.5,122.48,121.49000000000001,,False,False,xsens_imu_data_segment_registered_austra_gwo.csv,austra,GWO - marche avec orthèse
242,121.0,122.98,121.99000000000001,,False,False,xsens_imu_data_segment_registered_austra_gwo.csv,austra,GWO - marche avec orthèse
243,121.5,123.48,122.49000000000001,-0.007374774037097853,True,False,xsens_imu_data_segment_registered_austra_gwo.csv,austra,GWO - marche avec orthèse
244,122.0,123.98,122.99000000000001,-0.008082865939036288,True,False,xsens_imu_data_segment_registered_austra_gwo.csv,austra,GWO - marche avec orthèse
245,122.5,124.48,123.49000000000001,-0.021096017491450625,True,False,xsens_imu_data_segment_registered_austra_gwo.csv,austra,GWO - marche avec orthèse
246,123.0,124.98,123.99000000000001,-0.0038487541945326775,True,False,xsens_imu_data_segment_registered_austra_gwo.csv,austra,GWO - marche avec orthèse
247,123.5,125.48,124.49000000000001,-0.0012358983524113354,True,False,xsens_imu_data_segment_registered_austra_gwo.csv,austra,GWO - marche avec orthèse
248,124.0,125.98,124.99000000000001,-0.03811702900433944,True,False,xsens_imu_data_segment_registered_austra_gwo.csv,austra,GWO - marche avec orthèse
249,124.5,126.48,125.49000000000001,-0.03081566739524022,True,False,xsens_imu_data_segment_registered_austra_gwo.csv,austra,GWO - marche avec orthèse
250,125.0,126.98,125.99000000000001,-0.04218907723808385,True,False,xsens_imu_data_segment_registered_austra_gwo.csv,austra,GWO - marche avec orthèse
251,125.5,127.48,126.49000000000001,-0.03129924755724928,True,False,xsens_imu_data_segment_registered_austra_gwo.csv,austra,GWO - marche avec orthèse
252,126.0,127.98,126.99000000000001,-0.03359043833842984,True,False,xsens_imu_data_segment_registered_austra_gwo.csv,austra,GWO - marche avec orthèse
253,126.5,128.48,127.49,-0.03383488903817544,True,False,xsens_imu_data_segment_registered_austra_gwo.csv,austra,GWO - marche avec orthèse
254,127.0,128.98,127.99,-0.035667178171747305,True,False,xsens_imu_data_segment_registered_austra_gwo.csv,austra,GWO - marche avec orthèse
255,127.5,129.48,128.49,-0.03931480841712004,True,False,xsens_imu_data_segment_registered_austra_gwo.csv,austra,GWO - marche avec orthèse
256,128.0,129.98,128.99,-0.03780622553749807,True,False,xsens_imu_data_segment_registered_austra_gwo.csv,austra,GWO - marche avec orthèse
257,128.5,130.48,129.49,-0.011234463531917593,True,False,xsens_imu_data_segment_registered_austra_gwo.csv,austra,GWO - marche avec orthèse
258,129.0,130.98,129.99,-0.008087873744805019,True,False,xsens_imu_data_segment_registered_austra_gwo.csv,austra,GWO - marche avec orthèse
259,129.5,131.48,130.49,0.0016728103878459466,True,True,xsens_imu_data_segment_registered_austra_gwo.csv,austra,GWO - marche avec orthèse
260,130.0,131.98,130.99,-0.015143861808279646,True,False,xsens_imu_data_segment_registered_austra_gwo.csv,austra,GWO - marche avec orthèse
261,130.5,132.48,131.49,-0.04234716100872399,True,False,xsens_imu_data_segment_registered_austra_gwo.csv,austra,GWO - marche avec orthèse
262,131.0,132.98,131.99,-0.045934825163981785,True,False,xsens_imu_data_segment_registered_austra_gwo.csv,austra,GWO - marche avec orthèse
263,131.5,133.48,132.49,-0.02847358507077602,True,False,xsens_imu_data_segment_registered_austra_gwo.csv,austra,GWO - marche avec orthèse
264,132.0,133.98,132.99,-0.028484606620910513,True,False,xsens_imu_data_segment_registered_austra_gwo.csv,austra,GWO - marche avec orthèse
265,132.5,134.48,133.49,-0.026268143006724753,True,False,xsens_imu_data_segment_registered_austra_gwo.csv,austra,GWO - marche avec orthèse
266,133.0,134.98,133.99,-0.024037149088010468,True,False,xsens_imu_data_segment_registered_austra_gwo.csv,austra,GWO - marche avec orthèse
267,133.5,135.48,134.49,-0.030043460196541028,True,False,xsens_imu_data_segment_registered_austra_gwo.csv,austra,GWO - marche avec orthèse
268,134.0,135.98,134.99,-0.0267318801931144,True,False,xsens_imu_data_segment_registered_austra_gwo.csv,austra,GWO - marche avec orthèse
269,134.5,136.48,135.49,-0.03151843927082448,True,False,xsens_imu_data_segment_registered_austra_gwo.csv,austra,GWO - marche avec orthèse
270,135.0,136.98,135.99,-0.018564870867140204,True,False,xsens_imu_data_segment_registered_austra_gwo.csv,austra,GWO - marche avec orthèse
271,135.5,137.48,136.49,-0.014847220325828081,True,False,xsens_imu_data_segment_registered_austra_gwo.csv,austra,GWO - marche avec orthèse
272,136.0,137.98,136.99,-0.009876949721066897,True,False,xsens_imu_data_segment_registered_austra_gwo.csv,austra,GWO - marche avec orthèse
273,136.5,138.48,137.49,0.004904331481232815,True,True,xsens_imu_data_segment_registered_austra_gwo.csv,austra,GWO - marche avec orthèse
274,137.0,138.98,137.99,0.0073181193193639915,True,True,xsens_imu_data_segment_registered_austra_gwo.csv,austra,GWO - marche avec orthèse
275,137.5,139.48,138.49,0.0004722509316004153,True,True,xsens_imu_data_segment_registered_austra_gwo.csv,austra,GWO - marche avec orthèse
276,138.0,139.98,138.99,-0.022310182398371126,True,False,xsens_imu_data_segment_registered_austra_gwo.csv,austra,GWO - marche avec orthèse
277,138.5,140.48,139.49,-0.042734484312885956,True,False,xsens_imu_data_segment_registered_austra_gwo.csv,austra,GWO - marche avec orthèse
278,139.0,140.98,139.99,-0.056859752298623,True,False,xsens_imu_data_segment_registered_austra_gwo.csv,austra,GWO - marche avec orthèse
279,139.5,141.48,140.49,-0.034726385792121894,True,False,xsens_imu_data_segment_registered_austra_gwo.csv,austra,GWO - marche avec orthèse
280,140.0,141.98,140.99,-0.030514681305692848,True,False,xsens_imu_data_segment_registered_austra_gwo.csv,austra,GWO - marche avec orthèse
281,140.5,142.48,141.49,-0.03674458966769095,True,False,xsens_imu_data_segment_registered_austra_gwo.csv,austra,GWO - marche avec orthèse
282,141.0,142.98,141.99,-0.033288414666280686,True,False,xsens_imu_data_segment_registered_austra_gwo.csv,austra,GWO - marche avec orthèse
283,141.5,143.48,142.49,-0.04379300587490437,True,False,xsens_imu_data_segment_registered_austra_gwo.csv,austra,GWO - marche avec orthèse
284,142.0,143.98,142.99,-0.050193827197027585,True,False,xsens_imu_data_segment_registered_austra_gwo.csv,austra,GWO - marche avec orthèse
285,142.5,144.48,143.49,-0.0280211569298221,True,False,xsens_imu_data_segment_registered_austra_gwo.csv,austra,GWO - marche avec orthèse
286,143.0,144.98,143.99,0.0032548026251204565,True,True,xsens_imu_data_segment_registered_austra_gwo.csv,austra,GWO - marche avec orthèse
287,143.5,145.48,144.49,0.04656523875090168,True,True,xsens_imu_data_segment_registered_austra_gwo.csv,austra,GWO - marche avec orthèse
288,144.0,145.98,144.99,0.03923366937370021,True,True,xsens_imu_data_segment_registered_austra_gwo.csv,austra,GWO - marche avec orthèse
289,144.5,146.48,145.49,0.0011328039691933522,True,True,xsens_imu_data_segment_registered_austra_gwo.csv,austra,GWO - marche avec orthèse
290,145.0,146.98,145.99,-0.012978436684934147,True,False,xsens_imu_data_segment_registered_austra_gwo.csv,austra,GWO - marche avec orthèse
291,145.5,147.48,146.49,-0.03873024716201867,True,False,xsens_imu_data_segment_registered_austra_gwo.csv,austra,GWO - marche avec orthèse
292,146.0,147.98,146.99,-0.017631848013814122,True,False,xsens_imu_data_segment_registered_austra_gwo.csv,austra,GWO - marche avec orthèse
293,146.5,148.48,147.49,-0.005706030935354933,True,False,xsens_imu_data_segment_registered_austra_gwo.csv,austra,GWO - marche avec orthèse
294,147.0,148.98,147.99,-0.019902618133316397,True,False,xsens_imu_data_segment_registered_austra_gwo.csv,austra,GWO - marche avec orthèse
295,147.5,149.48,148.49,-0.011680186730991582,True,False,xsens_imu_data_segment_registered_austra_gwo.csv,austra,GWO - marche avec orthèse
296,148.0,149.98,148.99,-0.025476973402723146,True,False,xsens_imu_data_segment_registered_austra_gwo.csv,austra,GWO - marche avec orthèse
297,148.5,150.48,149.49,-0.022630473210333846,True,False,xsens_imu_data_segment_registered_austra_gwo.csv,austra,GWO - marche avec orthèse
298,149.0,150.98,149.99,-0.02948682775556649,True,False,xsens_imu_data_segment_registered_austra_gwo.csv,austra,GWO - marche avec orthèse
299,149.5,151.48,150.49,-0.04465725670459586,True,False,xsens_imu_data_segment_registered_austra_gwo.csv,austra,GWO - marche avec orthèse
300,150.0,151.98,150.99,-0.04047524821824783,True,False,xsens_imu_data_segment_registered_austra_gwo.csv,austra,GWO - marche avec orthèse
301,150.5,152.48,151.49,-0.038674721096681686,True,False,xsens_imu_data_segment_registered_austra_gwo.csv,austra,GWO - marche avec orthèse
302,151.0,152.98,151.99,-0.032773815259416195,True,False,xsens_imu_data_segment_registered_austra_gwo.csv,austra,GWO - marche avec orthèse
303,151.5,153.48,152.49,0.004186598573580169,True,True,xsens_imu_data_segment_registered_austra_gwo.csv,austra,GWO - marche avec orthèse
304,152.0,153.98,152.99,0.011848485345892334,True,True,xsens_imu_data_segment_registered_austra_gwo.csv,austra,GWO - marche avec orthèse
305,152.5,154.48,153.49,-0.03809892283787192,True,False,xsens_imu_data_segment_registered_austra_gwo.csv,austra,GWO - marche avec orthèse
306,153.0,154.98,153.99,-0.04386361137117656,True,False,xsens_imu_data_segment_registered_austra_gwo.csv,austra,GWO - marche avec orthèse
307,153.5,155.48,154.49,-0.02560719360415248,True,False,xsens_imu_data_segment_registered_austra_gwo.csv,austra,GWO - marche avec orthèse
308,154.0,155.98,154.99,-0.013718973628031872,True,False,xsens_imu_data_segment_registered_austra_gwo.csv,austra,GWO - marche avec orthèse
309,154.5,156.48,155.49,-0.033725766915026545,True,False,xsens_imu_data_segment_registered_austra_gwo.csv,austra,GWO - marche avec orthèse
310,155.0,156.98,155.99,-0.05241598417974619,True,False,xsens_imu_data_segment_registered_austra_gwo.csv,austra,GWO - marche avec orthèse
311,155.5,157.48,156.49,-0.048096202741267136,True,False,xsens_imu_data_segment_registered_austra_gwo.csv,austra,GWO - marche avec orthèse
312,156.0,157.98,156.99,-0.039425157334318894,True,False,xsens_imu_data_segment_registered_austra_gwo.csv,austra,GWO - marche avec orthèse
313,156.5,158.48,157.49,-0.045848145490879955,True,False,xsens_imu_data_segment_registered_austra_gwo.csv,austra,GWO - marche avec orthèse
314,157.0,158.98,157.99,-0.028942092548715603,True,False,xsens_imu_data_segment_registered_austra_gwo.csv,austra,GWO - marche avec orthèse
315,157.5,159.48,158.49,-0.030091252724785633,True,False,xsens_imu_data_segment_registered_austra_gwo.csv,austra,GWO - marche avec orthèse
316,158.0,159.98,158.99,-0.05084668089011718,True,False,xsens_imu_data_segment_registered_austra_gwo.csv,austra,GWO - marche avec orthèse
317,158.5,160.48,159.49,-0.0434187998646452,True,False,xsens_imu_data_segment_registered_austra_gwo.csv,austra,GWO - marche avec orthèse
318,159.0,160.98,159.99,-0.038125945370896086,True,False,xsens_imu_data_segment_registered_austra_gwo.csv,austra,GWO - marche avec orthèse
319,159.5,161.48,160.49,-0.038342643410847366,True,False,xsens_imu_data_segment_registered_austra_gwo.csv,austra,GWO - marche avec orthèse
320,160.0,161.98,160.99,-0.05140110855055191,True,False,xsens_imu_data_segment_registered_austra_gwo.csv,austra,GWO - marche avec orthèse
321,160.5,162.48,161.49,-0.05320566791997822,True,False,xsens_imu_data_segment_registered_austra_gwo.csv,austra,GWO - marche avec orthèse
322,161.0,162.98,161.99,-0.037312845033015074,True,False,xsens_imu_data_segment_registered_austra_gwo.csv,austra,GWO - marche avec orthèse
323,161.5,163.48,162.49,-0.04021553619119428,True,False,xsens_imu_data_segment_registered_austra_gwo.csv,austra,GWO - marche avec orthèse
324,162.0,163.98,162.99,-0.04952803251006482,True,False,xsens_imu_data_segment_registered_austra_gwo.csv,austra,GWO - marche avec orthèse
325,162.5,164.48,163.49,-0.0313385690776648,True,False,xsens_imu_data_segment_registered_austra_gwo.csv,austra,GWO - marche avec orthèse
326,163.0,164.98,163.99,,False,False,xsens_imu_data_segment_registered_austra_gwo.csv,austra,GWO - marche avec orthèse
327,163.5,165.48,164.49,,False,False,xsens_imu_data_segment_registered_austra_gwo.csv,austra,GWO - marche avec orthèse
328,164.0,165.98,164.99,-0.02114563749938081,True,False,xsens_imu_data_segment_registered_austra_gwo.csv,austra,GWO - marche avec orthèse
329,164.5,166.48,165.49,-0.0284196974820759,True,False,xsens_imu_data_segment_registered_austra_gwo.csv,austra,GWO - marche avec orthèse
330,165.0,166.98,165.99,-0.009797965118725438,True,False,xsens_imu_data_segment_registered_austra_gwo.csv,austra,GWO - marche avec orthèse
331,165.5,167.48,166.49,0.0013662735867870923,True,True,xsens_imu_data_segment_registered_austra_gwo.csv,austra,GWO - marche avec orthèse
332,166.0,167.98,166.99,-0.01247579398156784,True,False,xsens_imu_data_segment_registered_austra_gwo.csv,austra,GWO - marche avec orthèse
333,166.5,168.48,167.49,0.015736773483708277,True,True,xsens_imu_data_segment_registered_austra_gwo.csv,austra,GWO - marche avec orthèse
334,167.0,168.98,167.99,0.0003904571835592341,True,True,xsens_imu_data_segment_registered_austra_gwo.csv,austra,GWO - marche avec orthèse
335,167.5,169.48,168.49,-0.007921206813507164,True,False,xsens_imu_data_segment_registered_austra_gwo.csv,austra,GWO - marche avec orthèse
336,168.0,169.98,168.99,-0.005994074726673904,True,False,xsens_imu_data_segment_registered_austra_gwo.csv,austra,GWO - marche avec orthèse
337,168.5,170.48,169.49,-0.012436972363286558,True,False,xsens_imu_data_segment_registered_austra_gwo.csv,austra,GWO - marche avec orthèse
338,169.0,170.98,169.99,-0.013148334474230694,True,False,xsens_imu_data_segment_registered_austra_gwo.csv,austra,GWO - marche avec orthèse
339,169.5,171.48,170.49,-0.0028184589186409648,True,False,xsens_imu_data_segment_registered_austra_gwo.csv,austra,GWO - marche avec orthèse
340,170.0,171.98,170.99,-0.03832954004137623,True,False,xsens_imu_data_segment_registered_austra_gwo.csv,austra,GWO - marche avec orthèse
341,170.5,172.48,171.49,-0.03389826059818751,True,False,xsens_imu_data_segment_registered_austra_gwo.csv,austra,GWO - marche avec orthèse
342,171.0,172.98,171.99,-0.0066749371443707295,True,False,xsens_imu_data_segment_registered_austra_gwo.csv,austra,GWO - marche avec orthèse
343,171.5,173.48,172.49,0.019483318368705316,True,True,xsens_imu_data_segment_registered_austra_gwo.csv,austra,GWO - marche avec orthèse
344,172.0,173.98,172.99,-0.013889233756172348,True,False,xsens_imu_data_segment_registered_austra_gwo.csv,austra,GWO - marche avec orthèse
345,172.5,174.48,173.49,-0.040151726749051264,True,False,xsens_imu_data_segment_registered_austra_gwo.csv,austra,GWO - marche avec orthèse
346,173.0,174.98,173.99,-0.04104294468174391,True,False,xsens_imu_data_segment_registered_austra_gwo.csv,austra,GWO - marche avec orthèse
347,173.5,175.48,174.49,-0.062373710153966866,True,False,xsens_imu_data_segment_registered_austra_gwo.csv,austra,GWO - marche avec orthèse
348,174.0,175.98,174.99,-0.06017004078267918,True,False,xsens_imu_data_segment_registered_austra_gwo.csv,austra,GWO - marche avec orthèse
349,174.5,176.48,175.49,-0.06365217630393427,True,False,xsens_imu_data_segment_registered_austra_gwo.csv,austra,GWO - marche avec orthèse
350,175.0,176.98,175.99,-0.06691877339293645,True,False,xsens_imu_data_segment_registered_austra_gwo.csv,austra,GWO - marche avec orthèse
351,175.5,177.48,176.49,-0.046980552320615765,True,False,xsens_imu_data_segment_registered_austra_gwo.csv,austra,GWO - marche avec orthèse
352,176.0,177.98,176.99,-0.049375881872517846,True,False,xsens_imu_data_segment_registered_austra_gwo.csv,austra,GWO - marche avec orthèse
353,176.5,178.48,177.49,-0.027217043236040184,True,False,xsens_imu_data_segment_registered_austra_gwo.csv,austra,GWO - marche avec orthèse
354,177.0,178.98,177.99,-0.025920780181301506,True,False,xsens_imu_data_segment_registered_austra_gwo.csv,austra,GWO - marche avec orthèse
355,177.5,179.48,178.49,-0.03323884298966062,True,False,xsens_imu_data_segment_registered_austra_gwo.csv,austra,GWO - marche avec orthèse
356,178.0,179.98,178.99,-0.025446049636771106,True,False,xsens_imu_data_segment_registered_austra_gwo.csv,austra,GWO - marche avec orthèse
357,178.5,180.48,179.49,0.006993070649570665,True,True,xsens_imu_data_segment_registered_austra_gwo.csv,austra,GWO - marche avec orthèse
358,179.0,180.98,179.99,0.04208797332708236,True,True,xsens_imu_data_segment_registered_austra_gwo.csv,austra,GWO - marche avec orthèse
359,179.5,181.48,180.49,0.0005621039295432562,True,True,xsens_imu_data_segment_registered_austra_gwo.csv,austra,GWO - marche avec orthèse
360,180.0,181.98,180.99,0.018445897102319142,True,True,xsens_imu_data_segment_registered_austra_gwo.csv,austra,GWO - marche avec orthèse
361,180.5,182.48,181.49,0.020073157528029517,True,True,xsens_imu_data_segment_registered_austra_gwo.csv,austra,GWO - marche avec orthèse
362,181.0,182.98,181.99,-0.013236195861929811,True,False,xsens_imu_data_segment_registered_austra_gwo.csv,austra,GWO - marche avec orthèse
363,181.5,183.48,182.49,-0.009954394545000023,True,False,xsens_imu_data_segment_registered_austra_gwo.csv,austra,GWO - marche avec orthèse
364,182.0,183.98,182.99,-0.02948075999964178,True,False,xsens_imu_data_segment_registered_austra_gwo.csv,austra,GWO - marche avec orthèse
365,182.5,184.48,183.49,-0.03672636126144457,True,False,xsens_imu_data_segment_registered_austra_gwo.csv,austra,GWO - marche avec orthèse
366,183.0,184.98,183.99,-0.018513857949517765,True,False,xsens_imu_data_segment_registered_austra_gwo.csv,austra,GWO - marche avec orthèse
367,183.5,185.48,184.49,-0.024161333684007635,True,False,xsens_imu_data_segment_registered_austra_gwo.csv,austra,GWO - marche avec orthèse
368,184.0,185.98,184.99,0.010190722104509331,True,True,xsens_imu_data_segment_registered_austra_gwo.csv,austra,GWO - marche avec orthèse
369,184.5,186.48,185.49,0.011611281973754606,True,True,xsens_imu_data_segment_registered_austra_gwo.csv,austra,GWO - marche avec orthèse
370,185.0,186.98,185.99,0.0070819711580366596,True,True,xsens_imu_data_segment_registered_austra_gwo.csv,austra,GWO - marche avec orthèse
371,185.5,187.48,186.49,0.007569964331474166,True,True,xsens_imu_data_segment_registered_austra_gwo.csv,austra,GWO - marche avec orthèse
372,186.0,187.98,186.99,-0.023905299516768563,True,False,xsens_imu_data_segment_registered_austra_gwo.csv,austra,GWO - marche avec orthèse
373,186.5,188.48,187.49,-0.01792064774757307,True,False,xsens_imu_data_segment_registered_austra_gwo.csv,austra,GWO - marche avec orthèse
374,187.0,188.98,187.99,-0.04066236191464623,True,False,xsens_imu_data_segment_registered_austra_gwo.csv,austra,GWO - marche avec orthèse
375,187.5,189.48,188.49,-0.037649704264594186,True,False,xsens_imu_data_segment_registered_austra_gwo.csv,austra,GWO - marche avec orthèse
376,188.0,189.98,188.99,-0.014744338138419688,True,False,xsens_imu_data_segment_registered_austra_gwo.csv,austra,GWO - marche avec orthèse
377,188.5,190.48,189.49,-0.027488069859509634,True,False,xsens_imu_data_segment_registered_austra_gwo.csv,austra,GWO - marche avec orthèse
378,189.0,190.98,189.99,-0.0302184969112676,True,False,xsens_imu_data_segment_registered_austra_gwo.csv,austra,GWO - marche avec orthèse
379,189.5,191.48,190.49,-0.024272300563659477,True,False,xsens_imu_data_segment_registered_austra_gwo.csv,austra,GWO - marche avec orthèse
380,190.0,191.98,190.99,-0.0225275417729619,True,False,xsens_imu_data_segment_registered_austra_gwo.csv,austra,GWO - marche avec orthèse
381,190.5,192.48,191.49,-0.036330110331065424,True,False,xsens_imu_data_segment_registered_austra_gwo.csv,austra,GWO - marche avec orthèse
382,191.0,192.98,191.99,-0.04153168662518958,True,False,xsens_imu_data_segment_registered_austra_gwo.csv,austra,GWO - marche avec orthèse
383,191.5,193.48,192.49,-0.02998068283769434,True,False,xsens_imu_data_segment_registered_austra_gwo.csv,austra,GWO - marche avec orthèse
384,192.0,193.98,192.99,-0.026395550304588677,True,False,xsens_imu_data_segment_registered_austra_gwo.csv,austra,GWO - marche avec orthèse
385,192.5,194.48,193.49,-0.02553878544890692,True,False,xsens_imu_data_segment_registered_austra_gwo.csv,austra,GWO - marche avec orthèse
386,193.0,194.98,193.99,-0.015779750978322737,True,False,xsens_imu_data_segment_registered_austra_gwo.csv,austra,GWO - marche avec orthèse
387,0.0,1.98,0.99,,False,False,xsens_imu_data_segment_registered_darryl_gwo.csv,darryl,GWO - marche avec orthèse
388,0.5,2.48,1.49,,False,False,xsens_imu_data_segment_registered_darryl_gwo.csv,darryl,GWO - marche avec orthèse
389,1.0,2.98,1.99,,False,False,xsens_imu_data_segment_registered_darryl_gwo.csv,darryl,GWO - marche avec orthèse
390,1.5,3.48,2.49,,False,False,xsens_imu_data_segment_registered_darryl_gwo.csv,darryl,GWO - marche avec orthèse
391,2.0,3.98,2.99,,False,False,xsens_imu_data_segment_registered_darryl_gwo.csv,darryl,GWO - marche avec orthèse
392,2.5,4.48,3.49,0.0976140257581447,True,True,xsens_imu_data_segment_registered_darryl_gwo.csv,darryl,GWO - marche avec orthèse
393,3.0,4.98,3.99,,False,False,xsens_imu_data_segment_registered_darryl_gwo.csv,darryl,GWO - marche avec orthèse
394,3.5,5.48,4.49,0.12614764010987878,True,True,xsens_imu_data_segment_registered_darryl_gwo.csv,darryl,GWO - marche avec orthèse
395,4.0,5.98,4.99,,False,False,xsens_imu_data_segment_registered_darryl_gwo.csv,darryl,GWO - marche avec orthèse
396,4.5,6.48,5.49,,False,False,xsens_imu_data_segment_registered_darryl_gwo.csv,darryl,GWO - marche avec orthèse
397,5.0,6.98,5.99,,False,False,xsens_imu_data_segment_registered_darryl_gwo.csv,darryl,GWO - marche avec orthèse
398,5.5,7.48,6.49,,False,False,xsens_imu_data_segment_registered_darryl_gwo.csv,darryl,GWO - marche avec orthèse
399,6.0,7.98,6.99,,False,False,xsens_imu_data_segment_registered_darryl_gwo.csv,darryl,GWO - marche avec orthèse
400,6.5,8.48,7.49,,False,False,xsens_imu_data_segment_registered_darryl_gwo.csv,darryl,GWO - marche avec orthèse
401,7.0,8.98,7.99,,False,False,xsens_imu_data_segment_registered_darryl_gwo.csv,darryl,GWO - marche avec orthèse
402,7.5,9.48,8.49,,False,False,xsens_imu_data_segment_registered_darryl_gwo.csv,darryl,GWO - marche avec orthèse
403,8.0,9.98,8.99,,False,False,xsens_imu_data_segment_registered_darryl_gwo.csv,darryl,GWO - marche avec orthèse
404,8.5,10.48,9.49,0.06333058279343595,True,True,xsens_imu_data_segment_registered_darryl_gwo.csv,darryl,GWO - marche avec orthèse
405,9.0,10.98,9.99,,False,False,xsens_imu_data_segment_registered_darryl_gwo.csv,darryl,GWO - marche avec orthèse
406,9.5,11.48,10.49,0.07734594347456691,True,True,xsens_imu_data_segment_registered_darryl_gwo.csv,darryl,GWO - marche avec orthèse
407,10.0,11.98,10.99,,False,False,xsens_imu_data_segment_registered_darryl_gwo.csv,darryl,GWO - marche avec orthèse
408,10.5,12.48,11.49,0.010208487773107566,True,True,xsens_imu_data_segment_registered_darryl_gwo.csv,darryl,GWO - marche avec orthèse
409,11.0,12.98,11.99,,False,False,xsens_imu_data_segment_registered_darryl_gwo.csv,darryl,GWO - marche avec orthèse
410,11.5,13.48,12.49,-0.010597882455679386,True,False,xsens_imu_data_segment_registered_darryl_gwo.csv,darryl,GWO - marche avec orthèse
411,12.0,13.98,12.99,-0.002443778358681592,True,False,xsens_imu_data_segment_registered_darryl_gwo.csv,darryl,GWO - marche avec orthèse
412,12.5,14.48,13.49,-0.06064866270490182,True,False,xsens_imu_data_segment_registered_darryl_gwo.csv,darryl,GWO - marche avec orthèse
413,13.0,14.98,13.99,-0.0653863822298063,True,False,xsens_imu_data_segment_registered_darryl_gwo.csv,darryl,GWO - marche avec orthèse
414,13.5,15.48,14.49,-0.047864628717596,True,False,xsens_imu_data_segment_registered_darryl_gwo.csv,darryl,GWO - marche avec orthèse
415,14.0,15.98,14.99,-0.07541804866250446,True,False,xsens_imu_data_segment_registered_darryl_gwo.csv,darryl,GWO - marche avec orthèse
416,14.5,16.48,15.49,-0.03655253259907282,True,False,xsens_imu_data_segment_registered_darryl_gwo.csv,darryl,GWO - marche avec orthèse
417,15.0,16.98,15.99,-0.06871920720092517,True,False,xsens_imu_data_segment_registered_darryl_gwo.csv,darryl,GWO - marche avec orthèse
418,15.5,17.48,16.490000000000002,-0.09678677857325146,True,False,xsens_imu_data_segment_registered_darryl_gwo.csv,darryl,GWO - marche avec orthèse
419,16.0,17.98,16.990000000000002,-0.06060368008141814,True,False,xsens_imu_data_segment_registered_darryl_gwo.csv,darryl,GWO - marche avec orthèse
420,16.5,18.48,17.490000000000002,-0.09543564419063283,True,False,xsens_imu_data_segment_registered_darryl_gwo.csv,darryl,GWO - marche avec orthèse
421,17.0,18.98,17.990000000000002,-0.05938837908692812,True,False,xsens_imu_data_segment_registered_darryl_gwo.csv,darryl,GWO - marche avec orthèse
422,17.5,19.48,18.490000000000002,-0.09768699750876336,True,False,xsens_imu_data_segment_registered_darryl_gwo.csv,darryl,GWO - marche avec orthèse
423,18.0,19.98,18.990000000000002,-0.08184018661970477,True,False,xsens_imu_data_segment_registered_darryl_gwo.csv,darryl,GWO - marche avec orthèse
424,18.5,20.48,19.490000000000002,-0.09202930427927936,True,False,xsens_imu_data_segment_registered_darryl_gwo.csv,darryl,GWO - marche avec orthèse
425,19.0,20.98,19.990000000000002,-0.09224150666219089,True,False,xsens_imu_data_segment_registered_darryl_gwo.csv,darryl,GWO - marche avec orthèse
426,19.5,21.48,20.490000000000002,-0.09505442632088834,True,False,xsens_imu_data_segment_registered_darryl_gwo.csv,darryl,GWO - marche avec orthèse
427,20.0,21.98,20.990000000000002,-0.09100978228643686,True,False,xsens_imu_data_segment_registered_darryl_gwo.csv,darryl,GWO - marche avec orthèse
428,20.5,22.48,21.490000000000002,-0.08067339195091683,True,False,xsens_imu_data_segment_registered_darryl_gwo.csv,darryl,GWO - marche avec orthèse
429,21.0,22.98,21.990000000000002,-0.09484176841239716,True,False,xsens_imu_data_segment_registered_darryl_gwo.csv,darryl,GWO - marche avec orthèse
430,21.5,23.48,22.490000000000002,-0.072274142724854,True,False,xsens_imu_data_segment_registered_darryl_gwo.csv,darryl,GWO - marche avec orthèse
431,22.0,23.98,22.990000000000002,-0.08043905395171824,True,False,xsens_imu_data_segment_registered_darryl_gwo.csv,darryl,GWO - marche avec orthèse
432,22.5,24.48,23.490000000000002,-0.07542051601464517,True,False,xsens_imu_data_segment_registered_darryl_gwo.csv,darryl,GWO - marche avec orthèse
433,23.0,24.98,23.990000000000002,-0.08195873799372433,True,False,xsens_imu_data_segment_registered_darryl_gwo.csv,darryl,GWO - marche avec orthèse
434,23.5,25.48,24.490000000000002,-0.06510411766065244,True,False,xsens_imu_data_segment_registered_darryl_gwo.csv,darryl,GWO - marche avec orthèse
435,24.0,25.98,24.990000000000002,-0.09844048407357736,True,False,xsens_imu_data_segment_registered_darryl_gwo.csv,darryl,GWO - marche avec orthèse
436,24.5,26.48,25.490000000000002,-0.09198882739107672,True,False,xsens_imu_data_segment_registered_darryl_gwo.csv,darryl,GWO - marche avec orthèse
437,25.0,26.98,25.990000000000002,-0.07331853140631867,True,False,xsens_imu_data_segment_registered_darryl_gwo.csv,darryl,GWO - marche avec orthèse
438,25.5,27.48,26.490000000000002,-0.07389108495285507,True,False,xsens_imu_data_segment_registered_darryl_gwo.csv,darryl,GWO - marche avec orthèse
439,26.0,27.98,26.990000000000002,-0.04953457262791272,True,False,xsens_imu_data_segment_registered_darryl_gwo.csv,darryl,GWO - marche avec orthèse
440,26.5,28.48,27.490000000000002,-0.0830717414021509,True,False,xsens_imu_data_segment_registered_darryl_gwo.csv,darryl,GWO - marche avec orthèse
441,27.0,28.98,27.990000000000002,-0.08114126313552988,True,False,xsens_imu_data_segment_registered_darryl_gwo.csv,darryl,GWO - marche avec orthèse
442,27.5,29.48,28.490000000000002,-0.08925550802224369,True,False,xsens_imu_data_segment_registered_darryl_gwo.csv,darryl,GWO - marche avec orthèse
443,28.0,29.98,28.990000000000002,-0.09397446840479634,True,False,xsens_imu_data_segment_registered_darryl_gwo.csv,darryl,GWO - marche avec orthèse
444,28.5,30.48,29.490000000000002,-0.09552698989277164,True,False,xsens_imu_data_segment_registered_darryl_gwo.csv,darryl,GWO - marche avec orthèse
445,29.0,30.98,29.990000000000002,-0.09108619974985716,True,False,xsens_imu_data_segment_registered_darryl_gwo.csv,darryl,GWO - marche avec orthèse
446,29.5,31.48,30.490000000000002,,False,False,xsens_imu_data_segment_registered_darryl_gwo.csv,darryl,GWO - marche avec orthèse
447,30.0,31.98,30.990000000000002,-0.08890924252869536,True,False,xsens_imu_data_segment_registered_darryl_gwo.csv,darryl,GWO - marche avec orthèse
448,30.5,32.480000000000004,31.490000000000002,-0.06910438270935171,True,False,xsens_imu_data_segment_registered_darryl_gwo.csv,darryl,GWO - marche avec orthèse
449,31.0,32.980000000000004,31.990000000000002,-0.09186271038486238,True,False,xsens_imu_data_segment_registered_darryl_gwo.csv,darryl,GWO - marche avec orthèse
450,31.5,33.480000000000004,32.49,-0.09072806053272547,True,False,xsens_imu_data_segment_registered_darryl_gwo.csv,darryl,GWO - marche avec orthèse
451,32.0,33.980000000000004,32.99,-0.09786619483834713,True,False,xsens_imu_data_segment_registered_darryl_gwo.csv,darryl,GWO - marche avec orthèse
452,32.5,34.480000000000004,33.49,-0.0987985324964043,True,False,xsens_imu_data_segment_registered_darryl_gwo.csv,darryl,GWO - marche avec orthèse
453,33.0,34.980000000000004,33.99,-0.10431990042607986,True,False,xsens_imu_data_segment_registered_darryl_gwo.csv,darryl,GWO - marche avec orthèse
454,33.5,35.480000000000004,34.49,-0.10628158065991844,True,False,xsens_imu_data_segment_registered_darryl_gwo.csv,darryl,GWO - marche avec orthèse
455,34.0,35.980000000000004,34.99,-0.08619543245265954,True,False,xsens_imu_data_segment_registered_darryl_gwo.csv,darryl,GWO - marche avec orthèse
456,34.5,36.48,35.489999999999995,-0.09114344410148378,True,False,xsens_imu_data_segment_registered_darryl_gwo.csv,darryl,GWO - marche avec orthèse
457,35.0,36.98,35.989999999999995,-0.06311778640329879,True,False,xsens_imu_data_segment_registered_darryl_gwo.csv,darryl,GWO - marche avec orthèse
458,35.5,37.48,36.489999999999995,-0.08893213837716935,True,False,xsens_imu_data_segment_registered_darryl_gwo.csv,darryl,GWO - marche avec orthèse
459,36.0,37.98,36.989999999999995,-0.07590060528095244,True,False,xsens_imu_data_segment_registered_darryl_gwo.csv,darryl,GWO - marche avec orthèse
460,36.5,38.48,37.489999999999995,-0.08022735064064085,True,False,xsens_imu_data_segment_registered_darryl_gwo.csv,darryl,GWO - marche avec orthèse
461,37.0,38.98,37.989999999999995,-0.0837695983003674,True,False,xsens_imu_data_segment_registered_darryl_gwo.csv,darryl,GWO - marche avec orthèse
462,37.5,39.48,38.489999999999995,-0.0905712830453756,True,False,xsens_imu_data_segment_registered_darryl_gwo.csv,darryl,GWO - marche avec orthèse
463,38.0,39.98,38.989999999999995,-0.09382902299169948,True,False,xsens_imu_data_segment_registered_darryl_gwo.csv,darryl,GWO - marche avec orthèse
464,38.5,40.48,39.489999999999995,-0.09167664692317157,True,False,xsens_imu_data_segment_registered_darryl_gwo.csv,darryl,GWO - marche avec orthèse
465,39.0,40.98,39.989999999999995,-0.1005525189126995,True,False,xsens_imu_data_segment_registered_darryl_gwo.csv,darryl,GWO - marche avec orthèse
466,39.5,41.48,40.489999999999995,-0.07996021476362736,True,False,xsens_imu_data_segment_registered_darryl_gwo.csv,darryl,GWO - marche avec orthèse
467,40.0,41.98,40.989999999999995,-0.08267562972639458,True,False,xsens_imu_data_segment_registered_darryl_gwo.csv,darryl,GWO - marche avec orthèse
468,40.5,42.48,41.489999999999995,-0.05610699547813536,True,False,xsens_imu_data_segment_registered_darryl_gwo.csv,darryl,GWO - marche avec orthèse
469,41.0,42.98,41.989999999999995,,False,False,xsens_imu_data_segment_registered_darryl_gwo.csv,darryl,GWO - marche avec orthèse
470,41.5,43.48,42.489999999999995,,False,False,xsens_imu_data_segment_registered_darryl_gwo.csv,darryl,GWO - marche avec orthèse
471,42.0,43.98,42.989999999999995,-0.07363858810239526,True,False,xsens_imu_data_segment_registered_darryl_gwo.csv,darryl,GWO - marche avec orthèse
472,42.5,44.48,43.489999999999995,-0.08067811406493686,True,False,xsens_imu_data_segment_registered_darryl_gwo.csv,darryl,GWO - marche avec orthèse
473,43.0,44.98,43.989999999999995,-0.07734407964580814,True,False,xsens_imu_data_segment_registered_darryl_gwo.csv,darryl,GWO - marche avec orthèse
474,43.5,45.48,44.489999999999995,-0.06654060373279463,True,False,xsens_imu_data_segment_registered_darryl_gwo.csv,darryl,GWO - marche avec orthèse
475,44.0,45.98,44.989999999999995,-0.07760606257684777,True,False,xsens_imu_data_segment_registered_darryl_gwo.csv,darryl,GWO - marche avec orthèse
476,44.5,46.48,45.489999999999995,-0.08367700588376198,True,False,xsens_imu_data_segment_registered_darryl_gwo.csv,darryl,GWO - marche avec orthèse
477,45.0,46.98,45.989999999999995,-0.08072217107009771,True,False,xsens_imu_data_segment_registered_darryl_gwo.csv,darryl,GWO - marche avec orthèse
478,45.5,47.48,46.489999999999995,-0.09334395744424295,True,False,xsens_imu_data_segment_registered_darryl_gwo.csv,darryl,GWO - marche avec orthèse
479,46.0,47.98,46.989999999999995,-0.07109514660662813,True,False,xsens_imu_data_segment_registered_darryl_gwo.csv,darryl,GWO - marche avec orthèse
480,46.5,48.48,47.489999999999995,-0.0898013361140283,True,False,xsens_imu_data_segment_registered_darryl_gwo.csv,darryl,GWO - marche avec orthèse
481,47.0,48.98,47.989999999999995,-0.07863927050588781,True,False,xsens_imu_data_segment_registered_darryl_gwo.csv,darryl,GWO - marche avec orthèse
482,47.5,49.48,48.489999999999995,-0.08583209971836908,True,False,xsens_imu_data_segment_registered_darryl_gwo.csv,darryl,GWO - marche avec orthèse
483,48.0,49.98,48.989999999999995,-0.08335521600479512,True,False,xsens_imu_data_segment_registered_darryl_gwo.csv,darryl,GWO - marche avec orthèse
484,48.5,50.48,49.489999999999995,-0.08298648007997789,True,False,xsens_imu_data_segment_registered_darryl_gwo.csv,darryl,GWO - marche avec orthèse
485,49.0,50.98,49.989999999999995,-0.09228146914444613,True,False,xsens_imu_data_segment_registered_darryl_gwo.csv,darryl,GWO - marche avec orthèse
486,49.5,51.48,50.489999999999995,-0.0845848961249791,True,False,xsens_imu_data_segment_registered_darryl_gwo.csv,darryl,GWO - marche avec orthèse
487,50.0,51.98,50.989999999999995,-0.09185606288037135,True,False,xsens_imu_data_segment_registered_darryl_gwo.csv,darryl,GWO - marche avec orthèse
488,50.5,52.48,51.489999999999995,-0.05512448274722437,True,False,xsens_imu_data_segment_registered_darryl_gwo.csv,darryl,GWO - marche avec orthèse
489,51.0,52.98,51.989999999999995,-0.08093515782893074,True,False,xsens_imu_data_segment_registered_darryl_gwo.csv,darryl,GWO - marche avec orthèse
490,51.5,53.48,52.489999999999995,-0.07492558029807372,True,False,xsens_imu_data_segment_registered_darryl_gwo.csv,darryl,GWO - marche avec orthèse
491,52.0,53.98,52.989999999999995,-0.08623295636271838,True,False,xsens_imu_data_segment_registered_darryl_gwo.csv,darryl,GWO - marche avec orthèse
492,52.5,54.48,53.489999999999995,-0.08164195376848055,True,False,xsens_imu_data_segment_registered_darryl_gwo.csv,darryl,GWO - marche avec orthèse
493,53.0,54.98,53.989999999999995,-0.08793622829337094,True,False,xsens_imu_data_segment_registered_darryl_gwo.csv,darryl,GWO - marche avec orthèse
494,53.5,55.48,54.489999999999995,-0.08493118719473147,True,False,xsens_imu_data_segment_registered_darryl_gwo.csv,darryl,GWO - marche avec orthèse
495,54.0,55.98,54.989999999999995,,False,False,xsens_imu_data_segment_registered_darryl_gwo.csv,darryl,GWO - marche avec orthèse
496,54.5,56.48,55.489999999999995,-0.07337117424945871,True,False,xsens_imu_data_segment_registered_darryl_gwo.csv,darryl,GWO - marche avec orthèse
497,55.0,56.98,55.989999999999995,,False,False,xsens_imu_data_segment_registered_darryl_gwo.csv,darryl,GWO - marche avec orthèse
498,55.5,57.48,56.489999999999995,-0.08181877688727568,True,False,xsens_imu_data_segment_registered_darryl_gwo.csv,darryl,GWO - marche avec orthèse
499,56.0,57.98,56.989999999999995,-0.0278436207527481,True,False,xsens_imu_data_segment_registered_darryl_gwo.csv,darryl,GWO - marche avec orthèse
500,56.5,58.48,57.489999999999995,-0.08601273019919681,True,False,xsens_imu_data_segment_registered_darryl_gwo.csv,darryl,GWO - marche avec orthèse
501,57.0,58.98,57.989999999999995,-0.09943757187559271,True,False,xsens_imu_data_segment_registered_darryl_gwo.csv,darryl,GWO - marche avec orthèse
502,57.5,59.48,58.489999999999995,-0.10554450079318939,True,False,xsens_imu_data_segment_registered_darryl_gwo.csv,darryl,GWO - marche avec orthèse
503,58.0,59.98,58.989999999999995,-0.10452336618317598,True,False,xsens_imu_data_segment_registered_darryl_gwo.csv,darryl,GWO - marche avec orthèse
504,58.5,60.48,59.489999999999995,-0.10593468100651587,True,False,xsens_imu_data_segment_registered_darryl_gwo.csv,darryl,GWO - marche avec orthèse
505,59.0,60.98,59.989999999999995,-0.09874104446376936,True,False,xsens_imu_data_segment_registered_darryl_gwo.csv,darryl,GWO - marche avec orthèse
506,59.5,61.48,60.489999999999995,,False,False,xsens_imu_data_segment_registered_darryl_gwo.csv,darryl,GWO - marche avec orthèse
507,60.0,61.98,60.989999999999995,-0.09701160128347353,True,False,xsens_imu_data_segment_registered_darryl_gwo.csv,darryl,GWO - marche avec orthèse
508,60.5,62.48,61.489999999999995,-0.08012274802355118,True,False,xsens_imu_data_segment_registered_darryl_gwo.csv,darryl,GWO - marche avec orthèse
509,61.0,62.98,61.989999999999995,-0.0941203926716484,True,False,xsens_imu_data_segment_registered_darryl_gwo.csv,darryl,GWO - marche avec orthèse
510,61.5,63.48,62.489999999999995,-0.06797411209089349,True,False,xsens_imu_data_segment_registered_darryl_gwo.csv,darryl,GWO - marche avec orthèse
511,62.0,63.98,62.989999999999995,-0.10444972050925466,True,False,xsens_imu_data_segment_registered_darryl_gwo.csv,darryl,GWO - marche avec orthèse
512,62.5,64.48,63.49,-0.09878229100840052,True,False,xsens_imu_data_segment_registered_darryl_gwo.csv,darryl,GWO - marche avec orthèse
513,63.0,64.98,63.99,-0.10545525590912175,True,False,xsens_imu_data_segment_registered_darryl_gwo.csv,darryl,GWO - marche avec orthèse
514,63.5,65.48,64.49000000000001,-0.10160486886023262,True,False,xsens_imu_data_segment_registered_darryl_gwo.csv,darryl,GWO - marche avec orthèse
515,64.0,65.98,64.99000000000001,-0.10588642434908047,True,False,xsens_imu_data_segment_registered_darryl_gwo.csv,darryl,GWO - marche avec orthèse
516,64.5,66.48,65.49000000000001,-0.10108369016962099,True,False,xsens_imu_data_segment_registered_darryl_gwo.csv,darryl,GWO - marche avec orthèse
517,65.0,66.98,65.99000000000001,-0.10377526191851794,True,False,xsens_imu_data_segment_registered_darryl_gwo.csv,darryl,GWO - marche avec orthèse
518,65.5,67.48,66.49000000000001,-0.10286751808027,True,False,xsens_imu_data_segment_registered_darryl_gwo.csv,darryl,GWO - marche avec orthèse
519,66.0,67.98,66.99000000000001,-0.09224993716403429,True,False,xsens_imu_data_segment_registered_darryl_gwo.csv,darryl,GWO - marche avec orthèse
520,66.5,68.48,67.49000000000001,-0.10514493388091434,True,False,xsens_imu_data_segment_registered_darryl_gwo.csv,darryl,GWO - marche avec orthèse
521,67.0,68.98,67.99000000000001,-0.055001470880821024,True,False,xsens_imu_data_segment_registered_darryl_gwo.csv,darryl,GWO - marche avec orthèse
522,67.5,69.48,68.49000000000001,-0.074693787925464,True,False,xsens_imu_data_segment_registered_darryl_gwo.csv,darryl,GWO - marche avec orthèse
523,68.0,69.98,68.99000000000001,-0.044992028444537424,True,False,xsens_imu_data_segment_registered_darryl_gwo.csv,darryl,GWO - marche avec orthèse
524,68.5,70.48,69.49000000000001,-0.08276580738108258,True,False,xsens_imu_data_segment_registered_darryl_gwo.csv,darryl,GWO - marche avec orthèse
525,69.0,70.98,69.99000000000001,-0.06273767671437885,True,False,xsens_imu_data_segment_registered_darryl_gwo.csv,darryl,GWO - marche avec orthèse
526,69.5,71.48,70.49000000000001,-0.08203119595787689,True,False,xsens_imu_data_segment_registered_darryl_gwo.csv,darryl,GWO - marche avec orthèse
527,70.0,71.98,70.99000000000001,-0.07597859609563218,True,False,xsens_imu_data_segment_registered_darryl_gwo.csv,darryl,GWO - marche avec orthèse
528,70.5,72.48,71.49000000000001,-0.08442024628769984,True,False,xsens_imu_data_segment_registered_darryl_gwo.csv,darryl,GWO - marche avec orthèse
529,71.0,72.98,71.99000000000001,-0.08136423551536442,True,False,xsens_imu_data_segment_registered_darryl_gwo.csv,darryl,GWO - marche avec orthèse
530,71.5,73.48,72.49000000000001,-0.0635885901501641,True,False,xsens_imu_data_segment_registered_darryl_gwo.csv,darryl,GWO - marche avec orthèse
531,72.0,73.98,72.99000000000001,-0.058467416069455436,True,False,xsens_imu_data_segment_registered_darryl_gwo.csv,darryl,GWO - marche avec orthèse
532,72.5,74.48,73.49000000000001,-0.04839538676077232,True,False,xsens_imu_data_segment_registered_darryl_gwo.csv,darryl,GWO - marche avec orthèse
533,73.0,74.98,73.99000000000001,-0.05959131717057464,True,False,xsens_imu_data_segment_registered_darryl_gwo.csv,darryl,GWO - marche avec orthèse
534,73.5,75.48,74.49000000000001,-0.05929652808750513,True,False,xsens_imu_data_segment_registered_darryl_gwo.csv,darryl,GWO - marche avec orthèse
535,74.0,75.98,74.99000000000001,-0.07620350462677655,True,False,xsens_imu_data_segment_registered_darryl_gwo.csv,darryl,GWO - marche avec orthèse
536,74.5,76.48,75.49000000000001,-0.062297158924947194,True,False,xsens_imu_data_segment_registered_darryl_gwo.csv,darryl,GWO - marche avec orthèse
537,75.0,76.98,75.99000000000001,-0.07739033463497158,True,False,xsens_imu_data_segment_registered_darryl_gwo.csv,darryl,GWO - marche avec orthèse
538,75.5,77.48,76.49000000000001,-0.05276220631717321,True,False,xsens_imu_data_segment_registered_darryl_gwo.csv,darryl,GWO - marche avec orthèse
539,76.0,77.98,76.99000000000001,-0.07642934818044922,True,False,xsens_imu_data_segment_registered_darryl_gwo.csv,darryl,GWO - marche avec orthèse
540,76.5,78.48,77.49000000000001,-0.06350941721846548,True,False,xsens_imu_data_segment_registered_darryl_gwo.csv,darryl,GWO - marche avec orthèse
541,77.0,78.98,77.99000000000001,-0.06966169293604646,True,False,xsens_imu_data_segment_registered_darryl_gwo.csv,darryl,GWO - marche avec orthèse
542,77.5,79.48,78.49000000000001,-0.058562683670102145,True,False,xsens_imu_data_segment_registered_darryl_gwo.csv,darryl,GWO - marche avec orthèse
543,78.0,79.98,78.99000000000001,-0.07390537139334846,True,False,xsens_imu_data_segment_registered_darryl_gwo.csv,darryl,GWO - marche avec orthèse
544,78.5,80.48,79.49000000000001,-0.07900121853452657,True,False,xsens_imu_data_segment_registered_darryl_gwo.csv,darryl,GWO - marche avec orthèse
545,79.0,80.98,79.99000000000001,-0.08733164878188582,True,False,xsens_imu_data_segment_registered_darryl_gwo.csv,darryl,GWO - marche avec orthèse
546,79.5,81.48,80.49000000000001,-0.07910742058757397,True,False,xsens_imu_data_segment_registered_darryl_gwo.csv,darryl,GWO - marche avec orthèse
547,80.0,81.98,80.99000000000001,-0.08080247742855434,True,False,xsens_imu_data_segment_registered_darryl_gwo.csv,darryl,GWO - marche avec orthèse
548,80.5,82.48,81.49000000000001,-0.09067720246326261,True,False,xsens_imu_data_segment_registered_darryl_gwo.csv,darryl,GWO - marche avec orthèse
549,81.0,82.98,81.99000000000001,-0.09219831868117684,True,False,xsens_imu_data_segment_registered_darryl_gwo.csv,darryl,GWO - marche avec orthèse
550,81.5,83.48,82.49000000000001,-0.10824746937058455,True,False,xsens_imu_data_segment_registered_darryl_gwo.csv,darryl,GWO - marche avec orthèse
551,82.0,83.98,82.99000000000001,-0.10401131434830152,True,False,xsens_imu_data_segment_registered_darryl_gwo.csv,darryl,GWO - marche avec orthèse
552,82.5,84.48,83.49000000000001,-0.10475981027760706,True,False,xsens_imu_data_segment_registered_darryl_gwo.csv,darryl,GWO - marche avec orthèse
553,83.0,84.98,83.99000000000001,-0.07385651809475463,True,False,xsens_imu_data_segment_registered_darryl_gwo.csv,darryl,GWO - marche avec orthèse
554,83.5,85.48,84.49000000000001,-0.086303234478322,True,False,xsens_imu_data_segment_registered_darryl_gwo.csv,darryl,GWO - marche avec orthèse
555,84.0,85.98,84.99000000000001,-0.06601672089775484,True,False,xsens_imu_data_segment_registered_darryl_gwo.csv,darryl,GWO - marche avec orthèse
556,84.5,86.48,85.49000000000001,-0.08663468979175759,True,False,xsens_imu_data_segment_registered_darryl_gwo.csv,darryl,GWO - marche avec orthèse
557,85.0,86.98,85.99000000000001,-0.09473020301392937,True,False,xsens_imu_data_segment_registered_darryl_gwo.csv,darryl,GWO - marche avec orthèse
558,85.5,87.48,86.49000000000001,-0.10110390370439137,True,False,xsens_imu_data_segment_registered_darryl_gwo.csv,darryl,GWO - marche avec orthèse
559,86.0,87.98,86.99000000000001,-0.08531187496143666,True,False,xsens_imu_data_segment_registered_darryl_gwo.csv,darryl,GWO - marche avec orthèse
560,86.5,88.48,87.49000000000001,-0.08963772576491236,True,False,xsens_imu_data_segment_registered_darryl_gwo.csv,darryl,GWO - marche avec orthèse
561,87.0,88.98,87.99000000000001,-0.08382388878375813,True,False,xsens_imu_data_segment_registered_darryl_gwo.csv,darryl,GWO - marche avec orthèse
562,87.5,89.48,88.49000000000001,-0.09770806763781775,True,False,xsens_imu_data_segment_registered_darryl_gwo.csv,darryl,GWO - marche avec orthèse
563,88.0,89.98,88.99000000000001,-0.08714811864726535,True,False,xsens_imu_data_segment_registered_darryl_gwo.csv,darryl,GWO - marche avec orthèse
564,88.5,90.48,89.49000000000001,-0.09734690562978215,True,False,xsens_imu_data_segment_registered_darryl_gwo.csv,darryl,GWO - marche avec orthèse
565,89.0,90.98,89.99000000000001,-0.08913504526609473,True,False,xsens_imu_data_segment_registered_darryl_gwo.csv,darryl,GWO - marche avec orthèse
566,89.5,91.48,90.49000000000001,-0.09858706569413889,True,False,xsens_imu_data_segment_registered_darryl_gwo.csv,darryl,GWO - marche avec orthèse
567,90.0,91.98,90.99000000000001,-0.10455223157746663,True,False,xsens_imu_data_segment_registered_darryl_gwo.csv,darryl,GWO - marche avec orthèse
568,90.5,92.48,91.49000000000001,-0.10970064776035282,True,False,xsens_imu_data_segment_registered_darryl_gwo.csv,darryl,GWO - marche avec orthèse
569,91.0,92.98,91.99000000000001,-0.10888962344709141,True,False,xsens_imu_data_segment_registered_darryl_gwo.csv,darryl,GWO - marche avec orthèse
570,91.5,93.48,92.49000000000001,-0.10232346989798524,True,False,xsens_imu_data_segment_registered_darryl_gwo.csv,darryl,GWO - marche avec orthèse
571,92.0,93.98,92.99000000000001,-0.10122304768087659,True,False,xsens_imu_data_segment_registered_darryl_gwo.csv,darryl,GWO - marche avec orthèse
572,92.5,94.48,93.49000000000001,-0.07935857726153689,True,False,xsens_imu_data_segment_registered_darryl_gwo.csv,darryl,GWO - marche avec orthèse
573,93.0,94.98,93.99000000000001,-0.0837801016441595,True,False,xsens_imu_data_segment_registered_darryl_gwo.csv,darryl,GWO - marche avec orthèse
574,93.5,95.48,94.49000000000001,-0.0824569660257658,True,False,xsens_imu_data_segment_registered_darryl_gwo.csv,darryl,GWO - marche avec orthèse
575,94.0,95.98,94.99000000000001,-0.08947191345735794,True,False,xsens_imu_data_segment_registered_darryl_gwo.csv,darryl,GWO - marche avec orthèse
576,94.5,96.48,95.49000000000001,-0.08360724739809339,True,False,xsens_imu_data_segment_registered_darryl_gwo.csv,darryl,GWO - marche avec orthèse
577,95.0,96.98,95.99000000000001,-0.08628241453035967,True,False,xsens_imu_data_segment_registered_darryl_gwo.csv,darryl,GWO - marche avec orthèse
578,95.5,97.48,96.49000000000001,-0.07778912952393241,True,False,xsens_imu_data_segment_registered_darryl_gwo.csv,darryl,GWO - marche avec orthèse
579,96.0,97.98,96.99000000000001,-0.08439114241717205,True,False,xsens_imu_data_segment_registered_darryl_gwo.csv,darryl,GWO - marche avec orthèse
580,96.5,98.48,97.49000000000001,-0.0773823869396631,True,False,xsens_imu_data_segment_registered_darryl_gwo.csv,darryl,GWO - marche avec orthèse
581,97.0,98.98,97.99000000000001,-0.08098291608676772,True,False,xsens_imu_data_segment_registered_darryl_gwo.csv,darryl,GWO - marche avec orthèse
582,97.5,99.48,98.49000000000001,-0.07741968507819619,True,False,xsens_imu_data_segment_registered_darryl_gwo.csv,darryl,GWO - marche avec orthèse
583,98.0,99.98,98.99000000000001,-0.0954920164893977,True,False,xsens_imu_data_segment_registered_darryl_gwo.csv,darryl,GWO - marche avec orthèse
584,98.5,100.48,99.49000000000001,-0.09023599979173502,True,False,xsens_imu_data_segment_registered_darryl_gwo.csv,darryl,GWO - marche avec orthèse
585,99.0,100.98,99.99000000000001,-0.10300061913241315,True,False,xsens_imu_data_segment_registered_darryl_gwo.csv,darryl,GWO - marche avec orthèse
586,99.5,101.48,100.49000000000001,-0.09648749930740674,True,False,xsens_imu_data_segment_registered_darryl_gwo.csv,darryl,GWO - marche avec orthèse
587,100.0,101.98,100.99000000000001,-0.0925031320034107,True,False,xsens_imu_data_segment_registered_darryl_gwo.csv,darryl,GWO - marche avec orthèse
588,100.5,102.48,101.49000000000001,-0.0879715689862563,True,False,xsens_imu_data_segment_registered_darryl_gwo.csv,darryl,GWO - marche avec orthèse
589,101.0,102.98,101.99000000000001,-0.09842078419916522,True,False,xsens_imu_data_segment_registered_darryl_gwo.csv,darryl,GWO - marche avec orthèse
590,101.5,103.48,102.49000000000001,-0.0922759654185128,True,False,xsens_imu_data_segment_registered_darryl_gwo.csv,darryl,GWO - marche avec orthèse
591,102.0,103.98,102.99000000000001,-0.10445690632907895,True,False,xsens_imu_data_segment_registered_darryl_gwo.csv,darryl,GWO - marche avec orthèse
592,102.5,104.48,103.49000000000001,-0.09225633881708079,True,False,xsens_imu_data_segment_registered_darryl_gwo.csv,darryl,GWO - marche avec orthèse
593,103.0,104.98,103.99000000000001,-0.09107000657014236,True,False,xsens_imu_data_segment_registered_darryl_gwo.csv,darryl,GWO - marche avec orthèse
594,103.5,105.48,104.49000000000001,-0.08785454722235564,True,False,xsens_imu_data_segment_registered_darryl_gwo.csv,darryl,GWO - marche avec orthèse
595,104.0,105.98,104.99000000000001,-0.0876831794105224,True,False,xsens_imu_data_segment_registered_darryl_gwo.csv,darryl,GWO - marche avec orthèse
596,104.5,106.48,105.49000000000001,-0.09075401955170437,True,False,xsens_imu_data_segment_registered_darryl_gwo.csv,darryl,GWO - marche avec orthèse
597,105.0,106.98,105.99000000000001,-0.09013828500423238,True,False,xsens_imu_data_segment_registered_darryl_gwo.csv,darryl,GWO - marche avec orthèse
598,105.5,107.48,106.49000000000001,-0.09156972513766887,True,False,xsens_imu_data_segment_registered_darryl_gwo.csv,darryl,GWO - marche avec orthèse
599,106.0,107.98,106.99000000000001,-0.06557093129324171,True,False,xsens_imu_data_segment_registered_darryl_gwo.csv,darryl,GWO - marche avec orthèse
600,106.5,108.48,107.49000000000001,-0.07686418144379237,True,False,xsens_imu_data_segment_registered_darryl_gwo.csv,darryl,GWO - marche avec orthèse
601,107.0,108.98,107.99000000000001,-0.08233670031458562,True,False,xsens_imu_data_segment_registered_darryl_gwo.csv,darryl,GWO - marche avec orthèse
602,107.5,109.48,108.49000000000001,-0.08127809382871526,True,False,xsens_imu_data_segment_registered_darryl_gwo.csv,darryl,GWO - marche avec orthèse
603,108.0,109.98,108.99000000000001,-0.08960758853687034,True,False,xsens_imu_data_segment_registered_darryl_gwo.csv,darryl,GWO - marche avec orthèse
604,108.5,110.48,109.49000000000001,-0.10266086162295057,True,False,xsens_imu_data_segment_registered_darryl_gwo.csv,darryl,GWO - marche avec orthèse
605,109.0,110.98,109.99000000000001,-0.08976220194082102,True,False,xsens_imu_data_segment_registered_darryl_gwo.csv,darryl,GWO - marche avec orthèse
606,109.5,111.48,110.49000000000001,-0.10071693407835558,True,False,xsens_imu_data_segment_registered_darryl_gwo.csv,darryl,GWO - marche avec orthèse
607,110.0,111.98,110.99000000000001,-0.05093317258595531,True,False,xsens_imu_data_segment_registered_darryl_gwo.csv,darryl,GWO - marche avec orthèse
608,110.5,112.48,111.49000000000001,-0.09561384393784861,True,False,xsens_imu_data_segment_registered_darryl_gwo.csv,darryl,GWO - marche avec orthèse
609,111.0,112.98,111.99000000000001,-0.08869439005865032,True,False,xsens_imu_data_segment_registered_darryl_gwo.csv,darryl,GWO - marche avec orthèse
610,111.5,113.48,112.49000000000001,-0.10755597309806286,True,False,xsens_imu_data_segment_registered_darryl_gwo.csv,darryl,GWO - marche avec orthèse
611,112.0,113.98,112.99000000000001,-0.11406227708973127,True,False,xsens_imu_data_segment_registered_darryl_gwo.csv,darryl,GWO - marche avec orthèse
612,112.5,114.48,113.49000000000001,-0.11619380542880497,True,False,xsens_imu_data_segment_registered_darryl_gwo.csv,darryl,GWO - marche avec orthèse
613,113.0,114.98,113.99000000000001,-0.11519005849229375,True,False,xsens_imu_data_segment_registered_darryl_gwo.csv,darryl,GWO - marche avec orthèse
614,113.5,115.48,114.49000000000001,-0.11512504645196542,True,False,xsens_imu_data_segment_registered_darryl_gwo.csv,darryl,GWO - marche avec orthèse
615,114.0,115.98,114.99000000000001,-0.10835797831666344,True,False,xsens_imu_data_segment_registered_darryl_gwo.csv,darryl,GWO - marche avec orthèse
616,114.5,116.48,115.49000000000001,-0.07537277449220053,True,False,xsens_imu_data_segment_registered_darryl_gwo.csv,darryl,GWO - marche avec orthèse
617,115.0,116.98,115.99000000000001,-0.10525853448192135,True,False,xsens_imu_data_segment_registered_darryl_gwo.csv,darryl,GWO - marche avec orthèse
618,115.5,117.48,116.49000000000001,-0.0786232890713725,True,False,xsens_imu_data_segment_registered_darryl_gwo.csv,darryl,GWO - marche avec orthèse
619,116.0,117.98,116.99000000000001,-0.10310085533535468,True,False,xsens_imu_data_segment_registered_darryl_gwo.csv,darryl,GWO - marche avec orthèse
620,116.5,118.48,117.49000000000001,-0.08229288903934584,True,False,xsens_imu_data_segment_registered_darryl_gwo.csv,darryl,GWO - marche avec orthèse
621,117.0,118.98,117.99000000000001,-0.11280150391165111,True,False,xsens_imu_data_segment_registered_darryl_gwo.csv,darryl,GWO - marche avec orthèse
622,117.5,119.48,118.49000000000001,-0.1049242462777834,True,False,xsens_imu_data_segment_registered_darryl_gwo.csv,darryl,GWO - marche avec orthèse
623,118.0,119.98,118.99000000000001,-0.11460117006110215,True,False,xsens_imu_data_segment_registered_darryl_gwo.csv,darryl,GWO - marche avec orthèse
624,118.5,120.48,119.49000000000001,-0.09564898543235717,True,False,xsens_imu_data_segment_registered_darryl_gwo.csv,darryl,GWO - marche avec orthèse
625,119.0,120.98,119.99000000000001,-0.08949227504722851,True,False,xsens_imu_data_segment_registered_darryl_gwo.csv,darryl,GWO - marche avec orthèse
626,119.5,121.48,120.49000000000001,-0.08450814183676353,True,False,xsens_imu_data_segment_registered_darryl_gwo.csv,darryl,GWO - marche avec orthèse
627,120.0,121.98,120.99000000000001,-0.08835894897706187,True,False,xsens_imu_data_segment_registered_darryl_gwo.csv,darryl,GWO - marche avec orthèse
628,120.5,122.48,121.49000000000001,-0.09760414609653228,True,False,xsens_imu_data_segment_registered_darryl_gwo.csv,darryl,GWO - marche avec orthèse
629,121.0,122.98,121.99000000000001,-0.0977380113458774,True,False,xsens_imu_data_segment_registered_darryl_gwo.csv,darryl,GWO - marche avec orthèse
630,121.5,123.48,122.49000000000001,-0.09522358432489475,True,False,xsens_imu_data_segment_registered_darryl_gwo.csv,darryl,GWO - marche avec orthèse
631,122.0,123.98,122.99000000000001,-0.09928933106296417,True,False,xsens_imu_data_segment_registered_darryl_gwo.csv,darryl,GWO - marche avec orthèse
632,122.5,124.48,123.49000000000001,-0.10671217128117688,True,False,xsens_imu_data_segment_registered_darryl_gwo.csv,darryl,GWO - marche avec orthèse
633,123.0,124.98,123.99000000000001,-0.10002559232560149,True,False,xsens_imu_data_segment_registered_darryl_gwo.csv,darryl,GWO - marche avec orthèse
634,123.5,125.48,124.49000000000001,-0.11239064185253494,True,False,xsens_imu_data_segment_registered_darryl_gwo.csv,darryl,GWO - marche avec orthèse
635,124.0,125.98,124.99000000000001,-0.09498205257290093,True,False,xsens_imu_data_segment_registered_darryl_gwo.csv,darryl,GWO - marche avec orthèse
636,124.5,126.48,125.49000000000001,-0.1027133711483566,True,False,xsens_imu_data_segment_registered_darryl_gwo.csv,darryl,GWO - marche avec orthèse
637,125.0,126.98,125.99000000000001,-0.07355180586747778,True,False,xsens_imu_data_segment_registered_darryl_gwo.csv,darryl,GWO - marche avec orthèse
638,125.5,127.48,126.49000000000001,-0.07883193641855257,True,False,xsens_imu_data_segment_registered_darryl_gwo.csv,darryl,GWO - marche avec orthèse
639,126.0,127.98,126.99000000000001,-0.06981289167818272,True,False,xsens_imu_data_segment_registered_darryl_gwo.csv,darryl,GWO - marche avec orthèse
640,126.5,128.48,127.49,,False,False,xsens_imu_data_segment_registered_darryl_gwo.csv,darryl,GWO - marche avec orthèse
641,127.0,128.98,127.99,,False,False,xsens_imu_data_segment_registered_darryl_gwo.csv,darryl,GWO - marche avec orthèse
642,127.5,129.48,128.49,-0.09218790779489505,True,False,xsens_imu_data_segment_registered_darryl_gwo.csv,darryl,GWO - marche avec orthèse
643,128.0,129.98,128.99,,False,False,xsens_imu_data_segment_registered_darryl_gwo.csv,darryl,GWO - marche avec orthèse
644,128.5,130.48,129.49,-0.09088313269296122,True,False,xsens_imu_data_segment_registered_darryl_gwo.csv,darryl,GWO - marche avec orthèse
645,129.0,130.98,129.99,-0.08692947186721556,True,False,xsens_imu_data_segment_registered_darryl_gwo.csv,darryl,GWO - marche avec orthèse
646,129.5,131.48,130.49,-0.0595758342227688,True,False,xsens_imu_data_segment_registered_darryl_gwo.csv,darryl,GWO - marche avec orthèse
647,130.0,131.98,130.99,-0.039390950224138355,True,False,xsens_imu_data_segment_registered_darryl_gwo.csv,darryl,GWO - marche avec orthèse
648,130.5,132.48,131.49,-0.06179494979857458,True,False,xsens_imu_data_segment_registered_darryl_gwo.csv,darryl,GWO - marche avec orthèse
649,131.0,132.98,131.99,-0.07143975738412883,True,False,xsens_imu_data_segment_registered_darryl_gwo.csv,darryl,GWO - marche avec orthèse
650,131.5,133.48,132.49,-0.09198087763326873,True,False,xsens_imu_data_segment_registered_darryl_gwo.csv,darryl,GWO - marche avec orthèse
651,132.0,133.98,132.99,-0.09702936187463018,True,False,xsens_imu_data_segment_registered_darryl_gwo.csv,darryl,GWO - marche avec orthèse
652,132.5,134.48,133.49,-0.06422215778699575,True,False,xsens_imu_data_segment_registered_darryl_gwo.csv,darryl,GWO - marche avec orthèse
653,133.0,134.98,133.99,-0.0764527119391687,True,False,xsens_imu_data_segment_registered_darryl_gwo.csv,darryl,GWO - marche avec orthèse
654,133.5,135.48,134.49,-0.04200776833522257,True,False,xsens_imu_data_segment_registered_darryl_gwo.csv,darryl,GWO - marche avec orthèse
655,134.0,135.98,134.99,-0.06964792277022841,True,False,xsens_imu_data_segment_registered_darryl_gwo.csv,darryl,GWO - marche avec orthèse
656,134.5,136.48,135.49,-0.08920661754476561,True,False,xsens_imu_data_segment_registered_darryl_gwo.csv,darryl,GWO - marche avec orthèse
657,135.0,136.98,135.99,-0.11327740059713776,True,False,xsens_imu_data_segment_registered_darryl_gwo.csv,darryl,GWO - marche avec orthèse
658,135.5,137.48,136.49,-0.09200932247811905,True,False,xsens_imu_data_segment_registered_darryl_gwo.csv,darryl,GWO - marche avec orthèse
659,136.0,137.98,136.99,-0.11542801430995497,True,False,xsens_imu_data_segment_registered_darryl_gwo.csv,darryl,GWO - marche avec orthèse
660,136.5,138.48,137.49,-0.11072395837645349,True,False,xsens_imu_data_segment_registered_darryl_gwo.csv,darryl,GWO - marche avec orthèse
661,137.0,138.98,137.99,-0.11054802557644389,True,False,xsens_imu_data_segment_registered_darryl_gwo.csv,darryl,GWO - marche avec orthèse
662,137.5,139.48,138.49,-0.11136066230903802,True,False,xsens_imu_data_segment_registered_darryl_gwo.csv,darryl,GWO - marche avec orthèse
663,138.0,139.98,138.99,-0.11525250903401374,True,False,xsens_imu_data_segment_registered_darryl_gwo.csv,darryl,GWO - marche avec orthèse
664,138.5,140.48,139.49,-0.11189572460713682,True,False,xsens_imu_data_segment_registered_darryl_gwo.csv,darryl,GWO - marche avec orthèse
665,139.0,140.98,139.99,-0.10956878903068551,True,False,xsens_imu_data_segment_registered_darryl_gwo.csv,darryl,GWO - marche avec orthèse
666,139.5,141.48,140.49,-0.09665813872683532,True,False,xsens_imu_data_segment_registered_darryl_gwo.csv,darryl,GWO - marche avec orthèse
667,140.0,141.98,140.99,-0.10284515751661633,True,False,xsens_imu_data_segment_registered_darryl_gwo.csv,darryl,GWO - marche avec orthèse
668,140.5,142.48,141.49,-0.09931506811778507,True,False,xsens_imu_data_segment_registered_darryl_gwo.csv,darryl,GWO - marche avec orthèse
669,141.0,142.98,141.99,-0.10486547076533637,True,False,xsens_imu_data_segment_registered_darryl_gwo.csv,darryl,GWO - marche avec orthèse
670,141.5,143.48,142.49,,False,False,xsens_imu_data_segment_registered_darryl_gwo.csv,darryl,GWO - marche avec orthèse
671,142.0,143.98,142.99,,False,False,xsens_imu_data_segment_registered_darryl_gwo.csv,darryl,GWO - marche avec orthèse
672,142.5,144.48,143.49,-0.10131818469288223,True,False,xsens_imu_data_segment_registered_darryl_gwo.csv,darryl,GWO - marche avec orthèse
673,143.0,144.98,143.99,-0.09904500052941884,True,False,xsens_imu_data_segment_registered_darryl_gwo.csv,darryl,GWO - marche avec orthèse
674,143.5,145.48,144.49,-0.10129532525151008,True,False,xsens_imu_data_segment_registered_darryl_gwo.csv,darryl,GWO - marche avec orthèse
675,144.0,145.98,144.99,-0.08654178839712157,True,False,xsens_imu_data_segment_registered_darryl_gwo.csv,darryl,GWO - marche avec orthèse
676,144.5,146.48,145.49,-0.08407324258675913,True,False,xsens_imu_data_segment_registered_darryl_gwo.csv,darryl,GWO - marche avec orthèse
677,145.0,146.98,145.99,-0.0922057654979408,True,False,xsens_imu_data_segment_registered_darryl_gwo.csv,darryl,GWO - marche avec orthèse
678,145.5,147.48,146.49,-0.09423753894917908,True,False,xsens_imu_data_segment_registered_darryl_gwo.csv,darryl,GWO - marche avec orthèse
679,146.0,147.98,146.99,-0.09764824888402146,True,False,xsens_imu_data_segment_registered_darryl_gwo.csv,darryl,GWO - marche avec orthèse
680,146.5,148.48,147.49,-0.10172812178806234,True,False,xsens_imu_data_segment_registered_darryl_gwo.csv,darryl,GWO - marche avec orthèse
681,147.0,148.98,147.99,-0.10775696248378824,True,False,xsens_imu_data_segment_registered_darryl_gwo.csv,darryl,GWO - marche avec orthèse
682,147.5,149.48,148.49,-0.1001321973209296,True,False,xsens_imu_data_segment_registered_darryl_gwo.csv,darryl,GWO - marche avec orthèse
683,148.0,149.98,148.99,-0.09379892235830051,True,False,xsens_imu_data_segment_registered_darryl_gwo.csv,darryl,GWO - marche avec orthèse
684,148.5,150.48,149.49,-0.09144374429494523,True,False,xsens_imu_data_segment_registered_darryl_gwo.csv,darryl,GWO - marche avec orthèse
685,149.0,150.98,149.99,-0.09281296502091285,True,False,xsens_imu_data_segment_registered_darryl_gwo.csv,darryl,GWO - marche avec orthèse
686,149.5,151.48,150.49,-0.10521058573049391,True,False,xsens_imu_data_segment_registered_darryl_gwo.csv,darryl,GWO - marche avec orthèse
687,150.0,151.98,150.99,-0.10163032340543382,True,False,xsens_imu_data_segment_registered_darryl_gwo.csv,darryl,GWO - marche avec orthèse
688,150.5,152.48,151.49,-0.11363993215412216,True,False,xsens_imu_data_segment_registered_darryl_gwo.csv,darryl,GWO - marche avec orthèse
689,151.0,152.98,151.99,-0.10539649994934003,True,False,xsens_imu_data_segment_registered_darryl_gwo.csv,darryl,GWO - marche avec orthèse
690,151.5,153.48,152.49,-0.11336148852669181,True,False,xsens_imu_data_segment_registered_darryl_gwo.csv,darryl,GWO - marche avec orthèse
691,152.0,153.98,152.99,-0.11270662693937095,True,False,xsens_imu_data_segment_registered_darryl_gwo.csv,darryl,GWO - marche avec orthèse
692,152.5,154.48,153.49,-0.11384514341918844,True,False,xsens_imu_data_segment_registered_darryl_gwo.csv,darryl,GWO - marche avec orthèse
693,153.0,154.98,153.99,-0.11654363770885501,True,False,xsens_imu_data_segment_registered_darryl_gwo.csv,darryl,GWO - marche avec orthèse
694,153.5,155.48,154.49,-0.11101955671686659,True,False,xsens_imu_data_segment_registered_darryl_gwo.csv,darryl,GWO - marche avec orthèse
695,154.0,155.98,154.99,-0.09544044073900049,True,False,xsens_imu_data_segment_registered_darryl_gwo.csv,darryl,GWO - marche avec orthèse
696,154.5,156.48,155.49,-0.0988503548786126,True,False,xsens_imu_data_segment_registered_darryl_gwo.csv,darryl,GWO - marche avec orthèse
697,155.0,156.98,155.99,-0.11102983106774206,True,False,xsens_imu_data_segment_registered_darryl_gwo.csv,darryl,GWO - marche avec orthèse
698,155.5,157.48,156.49,-0.11489210232935498,True,False,xsens_imu_data_segment_registered_darryl_gwo.csv,darryl,GWO - marche avec orthèse
699,156.0,157.98,156.99,-0.10787272067851211,True,False,xsens_imu_data_segment_registered_darryl_gwo.csv,darryl,GWO - marche avec orthèse
700,156.5,158.48,157.49,-0.1244337751334968,True,False,xsens_imu_data_segment_registered_darryl_gwo.csv,darryl,GWO - marche avec orthèse
701,157.0,158.98,157.99,-0.11571512146869029,True,False,xsens_imu_data_segment_registered_darryl_gwo.csv,darryl,GWO - marche avec orthèse
702,157.5,159.48,158.49,-0.1218049239437129,True,False,xsens_imu_data_segment_registered_darryl_gwo.csv,darryl,GWO - marche avec orthèse
703,158.0,159.98,158.99,-0.11258780025253234,True,False,xsens_imu_data_segment_registered_darryl_gwo.csv,darryl,GWO - marche avec orthèse
704,158.5,160.48,159.49,-0.1161454330387916,True,False,xsens_imu_data_segment_registered_darryl_gwo.csv,darryl,GWO - marche avec orthèse
705,159.0,160.98,159.99,-0.08944489114717696,True,False,xsens_imu_data_segment_registered_darryl_gwo.csv,darryl,GWO - marche avec orthèse
706,159.5,161.48,160.49,-0.08387652126102674,True,False,xsens_imu_data_segment_registered_darryl_gwo.csv,darryl,GWO - marche avec orthèse
707,160.0,161.98,160.99,-0.104731327303065,True,False,xsens_imu_data_segment_registered_darryl_gwo.csv,darryl,GWO - marche avec orthèse
708,160.5,162.48,161.49,-0.11414836536931655,True,False,xsens_imu_data_segment_registered_darryl_gwo.csv,darryl,GWO - marche avec orthèse
709,161.0,162.98,161.99,-0.11231900678278911,True,False,xsens_imu_data_segment_registered_darryl_gwo.csv,darryl,GWO - marche avec orthèse
710,161.5,163.48,162.49,-0.11856975631710248,True,False,xsens_imu_data_segment_registered_darryl_gwo.csv,darryl,GWO - marche avec orthèse
711,162.0,163.98,162.99,-0.11559413838850213,True,False,xsens_imu_data_segment_registered_darryl_gwo.csv,darryl,GWO - marche avec orthèse
712,162.5,164.48,163.49,-0.10903577599419473,True,False,xsens_imu_data_segment_registered_darryl_gwo.csv,darryl,GWO - marche avec orthèse
713,163.0,164.98,163.99,-0.10005869426949565,True,False,xsens_imu_data_segment_registered_darryl_gwo.csv,darryl,GWO - marche avec orthèse
714,163.5,165.48,164.49,-0.10739249239027171,True,False,xsens_imu_data_segment_registered_darryl_gwo.csv,darryl,GWO - marche avec orthèse
715,164.0,165.98,164.99,-0.11298995910759252,True,False,xsens_imu_data_segment_registered_darryl_gwo.csv,darryl,GWO - marche avec orthèse
716,164.5,166.48,165.49,-0.10809749644533384,True,False,xsens_imu_data_segment_registered_darryl_gwo.csv,darryl,GWO - marche avec orthèse
717,165.0,166.98,165.99,-0.11421126245134244,True,False,xsens_imu_data_segment_registered_darryl_gwo.csv,darryl,GWO - marche avec orthèse
718,165.5,167.48,166.49,-0.09494056464278622,True,False,xsens_imu_data_segment_registered_darryl_gwo.csv,darryl,GWO - marche avec orthèse
719,166.0,167.98,166.99,-0.0940667187546354,True,False,xsens_imu_data_segment_registered_darryl_gwo.csv,darryl,GWO - marche avec orthèse
720,166.5,168.48,167.49,-0.09223456935043878,True,False,xsens_imu_data_segment_registered_darryl_gwo.csv,darryl,GWO - marche avec orthèse
721,167.0,168.98,167.99,-0.09896458400090674,True,False,xsens_imu_data_segment_registered_darryl_gwo.csv,darryl,GWO - marche avec orthèse
722,167.5,169.48,168.49,-0.10078830050943227,True,False,xsens_imu_data_segment_registered_darryl_gwo.csv,darryl,GWO - marche avec orthèse
723,168.0,169.98,168.99,-0.10286556905705618,True,False,xsens_imu_data_segment_registered_darryl_gwo.csv,darryl,GWO - marche avec orthèse
724,168.5,170.48,169.49,-0.108223950215796,True,False,xsens_imu_data_segment_registered_darryl_gwo.csv,darryl,GWO - marche avec orthèse
725,169.0,170.98,169.99,-0.09401800975394276,True,False,xsens_imu_data_segment_registered_darryl_gwo.csv,darryl,GWO - marche avec orthèse
726,169.5,171.48,170.49,-0.08222691777897123,True,False,xsens_imu_data_segment_registered_darryl_gwo.csv,darryl,GWO - marche avec orthèse
727,170.0,171.98,170.99,-0.07507817979021203,True,False,xsens_imu_data_segment_registered_darryl_gwo.csv,darryl,GWO - marche avec orthèse
728,170.5,172.48,171.49,-0.07593080962493093,True,False,xsens_imu_data_segment_registered_darryl_gwo.csv,darryl,GWO - marche avec orthèse
729,171.0,172.98,171.99,-0.08292139187914122,True,False,xsens_imu_data_segment_registered_darryl_gwo.csv,darryl,GWO - marche avec orthèse
730,171.5,173.48,172.49,-0.09342601040084825,True,False,xsens_imu_data_segment_registered_darryl_gwo.csv,darryl,GWO - marche avec orthèse
731,172.0,173.98,172.99,-0.0936973759491912,True,False,xsens_imu_data_segment_registered_darryl_gwo.csv,darryl,GWO - marche avec orthèse
732,172.5,174.48,173.49,-0.1048225075145876,True,False,xsens_imu_data_segment_registered_darryl_gwo.csv,darryl,GWO - marche avec orthèse
733,173.0,174.98,173.99,-0.10923643281015566,True,False,xsens_imu_data_segment_registered_darryl_gwo.csv,darryl,GWO - marche avec orthèse
734,173.5,175.48,174.49,-0.10373090005326624,True,False,xsens_imu_data_segment_registered_darryl_gwo.csv,darryl,GWO - marche avec orthèse
735,174.0,175.98,174.99,-0.09787344506400569,True,False,xsens_imu_data_segment_registered_darryl_gwo.csv,darryl,GWO - marche avec orthèse
736,174.5,176.48,175.49,-0.0949726750910127,True,False,xsens_imu_data_segment_registered_darryl_gwo.csv,darryl,GWO - marche avec orthèse
737,175.0,176.98,175.99,-0.09723480607452983,True,False,xsens_imu_data_segment_registered_darryl_gwo.csv,darryl,GWO - marche avec orthèse
738,175.5,177.48,176.49,-0.0914843045175372,True,False,xsens_imu_data_segment_registered_darryl_gwo.csv,darryl,GWO - marche avec orthèse
739,176.0,177.98,176.99,-0.09208614408691096,True,False,xsens_imu_data_segment_registered_darryl_gwo.csv,darryl,GWO - marche avec orthèse
740,176.5,178.48,177.49,-0.08645525646502411,True,False,xsens_imu_data_segment_registered_darryl_gwo.csv,darryl,GWO - marche avec orthèse
741,177.0,178.98,177.99,-0.08338884860633139,True,False,xsens_imu_data_segment_registered_darryl_gwo.csv,darryl,GWO - marche avec orthèse
742,177.5,179.48,178.49,-0.08342130134491643,True,False,xsens_imu_data_segment_registered_darryl_gwo.csv,darryl,GWO - marche avec orthèse
743,178.0,179.98,178.99,-0.10197567852064998,True,False,xsens_imu_data_segment_registered_darryl_gwo.csv,darryl,GWO - marche avec orthèse
744,178.5,180.48,179.49,-0.1012815896990909,True,False,xsens_imu_data_segment_registered_darryl_gwo.csv,darryl,GWO - marche avec orthèse
745,179.0,180.98,179.99,-0.109445271438941,True,False,xsens_imu_data_segment_registered_darryl_gwo.csv,darryl,GWO - marche avec orthèse
746,179.5,181.48,180.49,-0.0988451950375121,True,False,xsens_imu_data_segment_registered_darryl_gwo.csv,darryl,GWO - marche avec orthèse
747,180.0,181.98,180.99,-0.08644188780542733,True,False,xsens_imu_data_segment_registered_darryl_gwo.csv,darryl,GWO - marche avec orthèse
748,180.5,182.48,181.49,-0.08384947974189705,True,False,xsens_imu_data_segment_registered_darryl_gwo.csv,darryl,GWO - marche avec orthèse
749,181.0,182.98,181.99,-0.08844442923277962,True,False,xsens_imu_data_segment_registered_darryl_gwo.csv,darryl,GWO - marche avec orthèse
750,181.5,183.48,182.49,-0.0935010724509851,True,False,xsens_imu_data_segment_registered_darryl_gwo.csv,darryl,GWO - marche avec orthèse
751,182.0,183.98,182.99,-0.11401584792444242,True,False,xsens_imu_data_segment_registered_darryl_gwo.csv,darryl,GWO - marche avec orthèse
752,182.5,184.48,183.49,-0.10712275631067592,True,False,xsens_imu_data_segment_registered_darryl_gwo.csv,darryl,GWO - marche avec orthèse
753,183.0,184.98,183.99,-0.11226097291118353,True,False,xsens_imu_data_segment_registered_darryl_gwo.csv,darryl,GWO - marche avec orthèse
754,183.5,185.48,184.49,-0.11182865188701024,True,False,xsens_imu_data_segment_registered_darryl_gwo.csv,darryl,GWO - marche avec orthèse
755,184.0,185.98,184.99,-0.10787888836071446,True,False,xsens_imu_data_segment_registered_darryl_gwo.csv,darryl,GWO - marche avec orthèse
756,184.5,186.48,185.49,-0.11123176818969571,True,False,xsens_imu_data_segment_registered_darryl_gwo.csv,darryl,GWO - marche avec orthèse
757,185.0,186.98,185.99,-0.10255432255293057,True,False,xsens_imu_data_segment_registered_darryl_gwo.csv,darryl,GWO - marche avec orthèse
758,185.5,187.48,186.49,-0.1102296376745423,True,False,xsens_imu_data_segment_registered_darryl_gwo.csv,darryl,GWO - marche avec orthèse
759,186.0,187.98,186.99,-0.10766486833380318,True,False,xsens_imu_data_segment_registered_darryl_gwo.csv,darryl,GWO - marche avec orthèse
760,186.5,188.48,187.49,-0.10836680747108629,True,False,xsens_imu_data_segment_registered_darryl_gwo.csv,darryl,GWO - marche avec orthèse
761,187.0,188.98,187.99,-0.0996149698959442,True,False,xsens_imu_data_segment_registered_darryl_gwo.csv,darryl,GWO - marche avec orthèse
762,187.5,189.48,188.49,-0.10190971812826644,True,False,xsens_imu_data_segment_registered_darryl_gwo.csv,darryl,GWO - marche avec orthèse
763,188.0,189.98,188.99,-0.09013583003694497,True,False,xsens_imu_data_segment_registered_darryl_gwo.csv,darryl,GWO - marche avec orthèse
764,188.5,190.48,189.49,-0.11731280142071904,True,False,xsens_imu_data_segment_registered_darryl_gwo.csv,darryl,GWO - marche avec orthèse
765,189.0,190.98,189.99,-0.11096638838229406,True,False,xsens_imu_data_segment_registered_darryl_gwo.csv,darryl,GWO - marche avec orthèse
766,189.5,191.48,190.49,-0.11540400871914658,True,False,xsens_imu_data_segment_registered_darryl_gwo.csv,darryl,GWO - marche avec orthèse
767,190.0,191.98,190.99,-0.11964675924233875,True,False,xsens_imu_data_segment_registered_darryl_gwo.csv,darryl,GWO - marche avec orthèse
768,190.5,192.48,191.49,-0.12175610881853621,True,False,xsens_imu_data_segment_registered_darryl_gwo.csv,darryl,GWO - marche avec orthèse
769,191.0,192.98,191.99,-0.1035635377529503,True,False,xsens_imu_data_segment_registered_darryl_gwo.csv,darryl,GWO - marche avec orthèse
770,191.5,193.48,192.49,-0.09967483745953548,True,False,xsens_imu_data_segment_registered_darryl_gwo.csv,darryl,GWO - marche avec orthèse
771,192.0,193.98,192.99,-0.07007335017463034,True,False,xsens_imu_data_segment_registered_darryl_gwo.csv,darryl,GWO - marche avec orthèse
772,192.5,194.48,193.49,-0.06532626209068199,True,False,xsens_imu_data_segment_registered_darryl_gwo.csv,darryl,GWO - marche avec orthèse
773,193.0,194.98,193.99,-0.07652662397179455,True,False,xsens_imu_data_segment_registered_darryl_gwo.csv,darryl,GWO - marche avec orthèse
774,193.5,195.48,194.49,-0.0891941626617489,True,False,xsens_imu_data_segment_registered_darryl_gwo.csv,darryl,GWO - marche avec orthèse
775,194.0,195.98,194.99,-0.11004323250427867,True,False,xsens_imu_data_segment_registered_darryl_gwo.csv,darryl,GWO - marche avec orthèse
776,194.5,196.48,195.49,-0.1214432168436328,True,False,xsens_imu_data_segment_registered_darryl_gwo.csv,darryl,GWO - marche avec orthèse
777,195.0,196.98,195.99,-0.11331610250123597,True,False,xsens_imu_data_segment_registered_darryl_gwo.csv,darryl,GWO - marche avec orthèse
778,195.5,197.48,196.49,-0.11954153874399764,True,False,xsens_imu_data_segment_registered_darryl_gwo.csv,darryl,GWO - marche avec orthèse
779,196.0,197.98,196.99,-0.11971494751120504,True,False,xsens_imu_data_segment_registered_darryl_gwo.csv,darryl,GWO - marche avec orthèse
780,196.5,198.48,197.49,-0.1095787394764966,True,False,xsens_imu_data_segment_registered_darryl_gwo.csv,darryl,GWO - marche avec orthèse
781,0.0,1.98,0.99,,False,False,xsens_imu_data_segment_registered_elodie_gwo.csv,elodie,GWO - marche avec orthèse
782,0.5,2.48,1.49,,False,False,xsens_imu_data_segment_registered_elodie_gwo.csv,elodie,GWO - marche avec orthèse
783,1.0,2.98,1.99,,False,False,xsens_imu_data_segment_registered_elodie_gwo.csv,elodie,GWO - marche avec orthèse
784,1.5,3.48,2.49,,False,False,xsens_imu_data_segment_registered_elodie_gwo.csv,elodie,GWO - marche avec orthèse
785,2.0,3.98,2.99,,False,False,xsens_imu_data_segment_registered_elodie_gwo.csv,elodie,GWO - marche avec orthèse
786,2.5,4.48,3.49,,False,False,xsens_imu_data_segment_registered_elodie_gwo.csv,elodie,GWO - marche avec orthèse
787,3.0,4.98,3.99,,False,False,xsens_imu_data_segment_registered_elodie_gwo.csv,elodie,GWO - marche avec orthèse
788,3.5,5.48,4.49,,False,False,xsens_imu_data_segment_registered_elodie_gwo.csv,elodie,GWO - marche avec orthèse
789,4.0,5.98,4.99,,False,False,xsens_imu_data_segment_registered_elodie_gwo.csv,elodie,GWO - marche avec orthèse
790,4.5,6.48,5.49,,False,False,xsens_imu_data_segment_registered_elodie_gwo.csv,elodie,GWO - marche avec orthèse
791,5.0,6.98,5.99,,False,False,xsens_imu_data_segment_registered_elodie_gwo.csv,elodie,GWO - marche avec orthèse
792,5.5,7.48,6.49,,False,False,xsens_imu_data_segment_registered_elodie_gwo.csv,elodie,GWO - marche avec orthèse
793,6.0,7.98,6.99,,False,False,xsens_imu_data_segment_registered_elodie_gwo.csv,elodie,GWO - marche avec orthèse
794,6.5,8.48,7.49,0.09004146203974583,True,True,xsens_imu_data_segment_registered_elodie_gwo.csv,elodie,GWO - marche avec orthèse
795,7.0,8.98,7.99,0.13008841949812122,True,True,xsens_imu_data_segment_registered_elodie_gwo.csv,elodie,GWO - marche avec orthèse
796,7.5,9.48,8.49,0.0422919185609727,True,True,xsens_imu_data_segment_registered_elodie_gwo.csv,elodie,GWO - marche avec orthèse
797,8.0,9.98,8.99,0.03240667102651451,True,True,xsens_imu_data_segment_registered_elodie_gwo.csv,elodie,GWO - marche avec orthèse
798,8.5,10.48,9.49,-0.023745791875664057,True,False,xsens_imu_data_segment_registered_elodie_gwo.csv,elodie,GWO - marche avec orthèse
799,9.0,10.98,9.99,,False,False,xsens_imu_data_segment_registered_elodie_gwo.csv,elodie,GWO - marche avec orthèse
800,9.5,11.48,10.49,,False,False,xsens_imu_data_segment_registered_elodie_gwo.csv,elodie,GWO - marche avec orthèse
801,10.0,11.98,10.99,-0.039143477697467954,True,False,xsens_imu_data_segment_registered_elodie_gwo.csv,elodie,GWO - marche avec orthèse
802,10.5,12.48,11.49,-0.07180909602579244,True,False,xsens_imu_data_segment_registered_elodie_gwo.csv,elodie,GWO - marche avec orthèse
803,11.0,12.98,11.99,-0.05979513519054502,True,False,xsens_imu_data_segment_registered_elodie_gwo.csv,elodie,GWO - marche avec orthèse
804,11.5,13.48,12.49,-0.023090422623027407,True,False,xsens_imu_data_segment_registered_elodie_gwo.csv,elodie,GWO - marche avec orthèse
805,12.0,13.98,12.99,-0.07781890640487882,True,False,xsens_imu_data_segment_registered_elodie_gwo.csv,elodie,GWO - marche avec orthèse
806,12.5,14.48,13.49,-0.05625354460132653,True,False,xsens_imu_data_segment_registered_elodie_gwo.csv,elodie,GWO - marche avec orthèse
807,13.0,14.98,13.99,-0.051331563940620495,True,False,xsens_imu_data_segment_registered_elodie_gwo.csv,elodie,GWO - marche avec orthèse
808,13.5,15.48,14.49,,False,False,xsens_imu_data_segment_registered_elodie_gwo.csv,elodie,GWO - marche avec orthèse
809,14.0,15.98,14.99,-0.04232469117736176,True,False,xsens_imu_data_segment_registered_elodie_gwo.csv,elodie,GWO - marche avec orthèse
810,14.5,16.48,15.49,,False,False,xsens_imu_data_segment_registered_elodie_gwo.csv,elodie,GWO - marche avec orthèse
811,15.0,16.98,15.99,,False,False,xsens_imu_data_segment_registered_elodie_gwo.csv,elodie,GWO - marche avec orthèse
812,15.5,17.48,16.490000000000002,-0.015244748951565579,True,False,xsens_imu_data_segment_registered_elodie_gwo.csv,elodie,GWO - marche avec orthèse
813,16.0,17.98,16.990000000000002,-0.05455002385648566,True,False,xsens_imu_data_segment_registered_elodie_gwo.csv,elodie,GWO - marche avec orthèse
814,16.5,18.48,17.490000000000002,-0.06357116136643554,True,False,xsens_imu_data_segment_registered_elodie_gwo.csv,elodie,GWO - marche avec orthèse
815,17.0,18.98,17.990000000000002,-0.018022702857554918,True,False,xsens_imu_data_segment_registered_elodie_gwo.csv,elodie,GWO - marche avec orthèse
816,17.5,19.48,18.490000000000002,-0.05972537355766522,True,False,xsens_imu_data_segment_registered_elodie_gwo.csv,elodie,GWO - marche avec orthèse
817,18.0,19.98,18.990000000000002,,False,False,xsens_imu_data_segment_registered_elodie_gwo.csv,elodie,GWO - marche avec orthèse
818,18.5,20.48,19.490000000000002,-0.07339907900823761,True,False,xsens_imu_data_segment_registered_elodie_gwo.csv,elodie,GWO - marche avec orthèse
819,19.0,20.98,19.990000000000002,-0.06908150421674669,True,False,xsens_imu_data_segment_registered_elodie_gwo.csv,elodie,GWO - marche avec orthèse
820,19.5,21.48,20.490000000000002,-0.04042929981636162,True,False,xsens_imu_data_segment_registered_elodie_gwo.csv,elodie,GWO - marche avec orthèse
821,20.0,21.98,20.990000000000002,-0.05626411976283968,True,False,xsens_imu_data_segment_registered_elodie_gwo.csv,elodie,GWO - marche avec orthèse
822,20.5,22.48,21.490000000000002,-0.07375515139708583,True,False,xsens_imu_data_segment_registered_elodie_gwo.csv,elodie,GWO - marche avec orthèse
823,21.0,22.98,21.990000000000002,-0.07775465454596614,True,False,xsens_imu_data_segment_registered_elodie_gwo.csv,elodie,GWO - marche avec orthèse
824,21.5,23.48,22.490000000000002,-0.07623120775559111,True,False,xsens_imu_data_segment_registered_elodie_gwo.csv,elodie,GWO - marche avec orthèse
825,22.0,23.98,22.990000000000002,-0.04178158241554375,True,False,xsens_imu_data_segment_registered_elodie_gwo.csv,elodie,GWO - marche avec orthèse
826,22.5,24.48,23.490000000000002,-0.05197405851353526,True,False,xsens_imu_data_segment_registered_elodie_gwo.csv,elodie,GWO - marche avec orthèse
827,23.0,24.98,23.990000000000002,-0.07118705903549188,True,False,xsens_imu_data_segment_registered_elodie_gwo.csv,elodie,GWO - marche avec orthèse
828,23.5,25.48,24.490000000000002,0.015582319110848508,True,True,xsens_imu_data_segment_registered_elodie_gwo.csv,elodie,GWO - marche avec orthèse
829,24.0,25.98,24.990000000000002,-0.05436442190557467,True,False,xsens_imu_data_segment_registered_elodie_gwo.csv,elodie,GWO - marche avec orthèse
830,24.5,26.48,25.490000000000002,-0.051541409908334,True,False,xsens_imu_data_segment_registered_elodie_gwo.csv,elodie,GWO - marche avec orthèse
831,25.0,26.98,25.990000000000002,-0.05051711310147927,True,False,xsens_imu_data_segment_registered_elodie_gwo.csv,elodie,GWO - marche avec orthèse
832,25.5,27.48,26.490000000000002,-0.06717609301762073,True,False,xsens_imu_data_segment_registered_elodie_gwo.csv,elodie,GWO - marche avec orthèse
833,26.0,27.98,26.990000000000002,-0.04176580706024302,True,False,xsens_imu_data_segment_registered_elodie_gwo.csv,elodie,GWO - marche avec orthèse
834,26.5,28.48,27.490000000000002,-0.021071069444187795,True,False,xsens_imu_data_segment_registered_elodie_gwo.csv,elodie,GWO - marche avec orthèse
835,27.0,28.98,27.990000000000002,,False,False,xsens_imu_data_segment_registered_elodie_gwo.csv,elodie,GWO - marche avec orthèse
836,27.5,29.48,28.490000000000002,,False,False,xsens_imu_data_segment_registered_elodie_gwo.csv,elodie,GWO - marche avec orthèse
837,28.0,29.98,28.990000000000002,-0.06701483984788531,True,False,xsens_imu_data_segment_registered_elodie_gwo.csv,elodie,GWO - marche avec orthèse
838,28.5,30.48,29.490000000000002,,False,False,xsens_imu_data_segment_registered_elodie_gwo.csv,elodie,GWO - marche avec orthèse
839,29.0,30.98,29.990000000000002,-0.06235158242604849,True,False,xsens_imu_data_segment_registered_elodie_gwo.csv,elodie,GWO - marche avec orthèse
840,29.5,31.48,30.490000000000002,,False,False,xsens_imu_data_segment_registered_elodie_gwo.csv,elodie,GWO - marche avec orthèse
841,30.0,31.98,30.990000000000002,-0.07142952117464924,True,False,xsens_imu_data_segment_registered_elodie_gwo.csv,elodie,GWO - marche avec orthèse
842,30.5,32.480000000000004,31.490000000000002,-0.06793214261983987,True,False,xsens_imu_data_segment_registered_elodie_gwo.csv,elodie,GWO - marche avec orthèse
843,31.0,32.980000000000004,31.990000000000002,-0.06234634441346665,True,False,xsens_imu_data_segment_registered_elodie_gwo.csv,elodie,GWO - marche avec orthèse
844,31.5,33.480000000000004,32.49,-0.07421090422673043,True,False,xsens_imu_data_segment_registered_elodie_gwo.csv,elodie,GWO - marche avec orthèse
845,32.0,33.980000000000004,32.99,-0.03740146794416671,True,False,xsens_imu_data_segment_registered_elodie_gwo.csv,elodie,GWO - marche avec orthèse
846,32.5,34.480000000000004,33.49,-0.04019233110499554,True,False,xsens_imu_data_segment_registered_elodie_gwo.csv,elodie,GWO - marche avec orthèse
847,33.0,34.980000000000004,33.99,-0.02277380687354924,True,False,xsens_imu_data_segment_registered_elodie_gwo.csv,elodie,GWO - marche avec orthèse
848,33.5,35.480000000000004,34.49,-0.03961863954839173,True,False,xsens_imu_data_segment_registered_elodie_gwo.csv,elodie,GWO - marche avec orthèse
849,34.0,35.980000000000004,34.99,-0.05814842048431196,True,False,xsens_imu_data_segment_registered_elodie_gwo.csv,elodie,GWO - marche avec orthèse
850,34.5,36.48,35.489999999999995,-0.06977823413856199,True,False,xsens_imu_data_segment_registered_elodie_gwo.csv,elodie,GWO - marche avec orthèse
851,35.0,36.98,35.989999999999995,-0.032774532419378,True,False,xsens_imu_data_segment_registered_elodie_gwo.csv,elodie,GWO - marche avec orthèse
852,35.5,37.48,36.489999999999995,-0.05885131232174978,True,False,xsens_imu_data_segment_registered_elodie_gwo.csv,elodie,GWO - marche avec orthèse
853,36.0,37.98,36.989999999999995,-0.05061103644522308,True,False,xsens_imu_data_segment_registered_elodie_gwo.csv,elodie,GWO - marche avec orthèse
854,36.5,38.48,37.489999999999995,-0.06472446356239142,True,False,xsens_imu_data_segment_registered_elodie_gwo.csv,elodie,GWO - marche avec orthèse
855,37.0,38.98,37.989999999999995,-0.07383367399653712,True,False,xsens_imu_data_segment_registered_elodie_gwo.csv,elodie,GWO - marche avec orthèse
856,37.5,39.48,38.489999999999995,-0.05111566562510378,True,False,xsens_imu_data_segment_registered_elodie_gwo.csv,elodie,GWO - marche avec orthèse
857,38.0,39.98,38.989999999999995,-0.04098289001217015,True,False,xsens_imu_data_segment_registered_elodie_gwo.csv,elodie,GWO - marche avec orthèse
858,38.5,40.48,39.489999999999995,-0.07285191431370236,True,False,xsens_imu_data_segment_registered_elodie_gwo.csv,elodie,GWO - marche avec orthèse
859,39.0,40.98,39.989999999999995,-0.02170740830620832,True,False,xsens_imu_data_segment_registered_elodie_gwo.csv,elodie,GWO - marche avec orthèse
860,39.5,41.48,40.489999999999995,-0.0772028777380433,True,False,xsens_imu_data_segment_registered_elodie_gwo.csv,elodie,GWO - marche avec orthèse
861,40.0,41.98,40.989999999999995,-0.06901272359603228,True,False,xsens_imu_data_segment_registered_elodie_gwo.csv,elodie,GWO - marche avec orthèse
862,40.5,42.48,41.489999999999995,-0.030437914379581543,True,False,xsens_imu_data_segment_registered_elodie_gwo.csv,elodie,GWO - marche avec orthèse
863,41.0,42.98,41.989999999999995,-0.04993488647501054,True,False,xsens_imu_data_segment_registered_elodie_gwo.csv,elodie,GWO - marche avec orthèse
864,41.5,43.48,42.489999999999995,-0.05397737304339606,True,False,xsens_imu_data_segment_registered_elodie_gwo.csv,elodie,GWO - marche avec orthèse
865,42.0,43.98,42.989999999999995,-0.07030079786544735,True,False,xsens_imu_data_segment_registered_elodie_gwo.csv,elodie,GWO - marche avec orthèse
866,42.5,44.48,43.489999999999995,-0.07592910452886276,True,False,xsens_imu_data_segment_registered_elodie_gwo.csv,elodie,GWO - marche avec orthèse
867,43.0,44.98,43.989999999999995,,False,False,xsens_imu_data_segment_registered_elodie_gwo.csv,elodie,GWO - marche avec orthèse
868,43.5,45.48,44.489999999999995,-0.051175214027597005,True,False,xsens_imu_data_segment_registered_elodie_gwo.csv,elodie,GWO - marche avec orthèse
869,44.0,45.98,44.989999999999995,-0.0460128534221832,True,False,xsens_imu_data_segment_registered_elodie_gwo.csv,elodie,GWO - marche avec orthèse
870,44.5,46.48,45.489999999999995,0.0031927158802860234,True,True,xsens_imu_data_segment_registered_elodie_gwo.csv,elodie,GWO - marche avec orthèse
871,45.0,46.98,45.989999999999995,-0.05490959095555609,True,False,xsens_imu_data_segment_registered_elodie_gwo.csv,elodie,GWO - marche avec orthèse
872,45.5,47.48,46.489999999999995,-0.04021367919206553,True,False,xsens_imu_data_segment_registered_elodie_gwo.csv,elodie,GWO - marche avec orthèse
873,46.0,47.98,46.989999999999995,-0.07364023987775514,True,False,xsens_imu_data_segment_registered_elodie_gwo.csv,elodie,GWO - marche avec orthèse
874,46.5,48.48,47.489999999999995,-0.09378983991726614,True,False,xsens_imu_data_segment_registered_elodie_gwo.csv,elodie,GWO - marche avec orthèse
875,47.0,48.98,47.989999999999995,-0.05143883598620497,True,False,xsens_imu_data_segment_registered_elodie_gwo.csv,elodie,GWO - marche avec orthèse
876,47.5,49.48,48.489999999999995,-0.08545437318824117,True,False,xsens_imu_data_segment_registered_elodie_gwo.csv,elodie,GWO - marche avec orthèse
877,48.0,49.98,48.989999999999995,-0.06529090588371766,True,False,xsens_imu_data_segment_registered_elodie_gwo.csv,elodie,GWO - marche avec orthèse
878,48.5,50.48,49.489999999999995,-0.03008944293923349,True,False,xsens_imu_data_segment_registered_elodie_gwo.csv,elodie,GWO - marche avec orthèse
879,49.0,50.98,49.989999999999995,-0.06908002831312232,True,False,xsens_imu_data_segment_registered_elodie_gwo.csv,elodie,GWO - marche avec orthèse
880,49.5,51.48,50.489999999999995,-0.02011162776230424,True,False,xsens_imu_data_segment_registered_elodie_gwo.csv,elodie,GWO - marche avec orthèse
881,50.0,51.98,50.989999999999995,,False,False,xsens_imu_data_segment_registered_elodie_gwo.csv,elodie,GWO - marche avec orthèse
882,50.5,52.48,51.489999999999995,-0.059187972729217886,True,False,xsens_imu_data_segment_registered_elodie_gwo.csv,elodie,GWO - marche avec orthèse
883,51.0,52.98,51.989999999999995,-0.06260442114330994,True,False,xsens_imu_data_segment_registered_elodie_gwo.csv,elodie,GWO - marche avec orthèse
884,51.5,53.48,52.489999999999995,-0.05415975483348501,True,False,xsens_imu_data_segment_registered_elodie_gwo.csv,elodie,GWO - marche avec orthèse
885,52.0,53.98,52.989999999999995,-0.06646596343347078,True,False,xsens_imu_data_segment_registered_elodie_gwo.csv,elodie,GWO - marche avec orthèse
886,52.5,54.48,53.489999999999995,-0.01404206207458214,True,False,xsens_imu_data_segment_registered_elodie_gwo.csv,elodie,GWO - marche avec orthèse
887,53.0,54.98,53.989999999999995,-0.034498822679392194,True,False,xsens_imu_data_segment_registered_elodie_gwo.csv,elodie,GWO - marche avec orthèse
888,53.5,55.48,54.489999999999995,-0.03339679773691184,True,False,xsens_imu_data_segment_registered_elodie_gwo.csv,elodie,GWO - marche avec orthèse
889,54.0,55.98,54.989999999999995,-0.019149243243149372,True,False,xsens_imu_data_segment_registered_elodie_gwo.csv,elodie,GWO - marche avec orthèse
890,54.5,56.48,55.489999999999995,,False,False,xsens_imu_data_segment_registered_elodie_gwo.csv,elodie,GWO - marche avec orthèse
891,55.0,56.98,55.989999999999995,-0.0227099872081995,True,False,xsens_imu_data_segment_registered_elodie_gwo.csv,elodie,GWO - marche avec orthèse
892,55.5,57.48,56.489999999999995,,False,False,xsens_imu_data_segment_registered_elodie_gwo.csv,elodie,GWO - marche avec orthèse
893,56.0,57.98,56.989999999999995,-0.04847101010762145,True,False,xsens_imu_data_segment_registered_elodie_gwo.csv,elodie,GWO - marche avec orthèse
894,56.5,58.48,57.489999999999995,-0.05025729779615029,True,False,xsens_imu_data_segment_registered_elodie_gwo.csv,elodie,GWO - marche avec orthèse
895,57.0,58.98,57.989999999999995,-0.06778526856025979,True,False,xsens_imu_data_segment_registered_elodie_gwo.csv,elodie,GWO - marche avec orthèse
896,57.5,59.48,58.489999999999995,-0.06268299222307905,True,False,xsens_imu_data_segment_registered_elodie_gwo.csv,elodie,GWO - marche avec orthèse
897,58.0,59.98,58.989999999999995,-0.02370840216164649,True,False,xsens_imu_data_segment_registered_elodie_gwo.csv,elodie,GWO - marche avec orthèse
898,58.5,60.48,59.489999999999995,-0.05837044636565403,True,False,xsens_imu_data_segment_registered_elodie_gwo.csv,elodie,GWO - marche avec orthèse
899,59.0,60.98,59.989999999999995,-0.031167894529140927,True,False,xsens_imu_data_segment_registered_elodie_gwo.csv,elodie,GWO - marche avec orthèse
900,59.5,61.48,60.489999999999995,-0.06247653465568692,True,False,xsens_imu_data_segment_registered_elodie_gwo.csv,elodie,GWO - marche avec orthèse
901,60.0,61.98,60.989999999999995,-0.06868634931465745,True,False,xsens_imu_data_segment_registered_elodie_gwo.csv,elodie,GWO - marche avec orthèse
902,60.5,62.48,61.489999999999995,-0.046250960128517316,True,False,xsens_imu_data_segment_registered_elodie_gwo.csv,elodie,GWO - marche avec orthèse
903,61.0,62.98,61.989999999999995,-0.06784286422560099,True,False,xsens_imu_data_segment_registered_elodie_gwo.csv,elodie,GWO - marche avec orthèse
904,61.5,63.48,62.489999999999995,,False,False,xsens_imu_data_segment_registered_elodie_gwo.csv,elodie,GWO - marche avec orthèse
905,62.0,63.98,62.989999999999995,-0.05464861226310053,True,False,xsens_imu_data_segment_registered_elodie_gwo.csv,elodie,GWO - marche avec orthèse
906,62.5,64.48,63.49,-0.08084735261042425,True,False,xsens_imu_data_segment_registered_elodie_gwo.csv,elodie,GWO - marche avec orthèse
907,63.0,64.98,63.99,-0.04083943386840594,True,False,xsens_imu_data_segment_registered_elodie_gwo.csv,elodie,GWO - marche avec orthèse
908,63.5,65.48,64.49000000000001,-0.024164228434800594,True,False,xsens_imu_data_segment_registered_elodie_gwo.csv,elodie,GWO - marche avec orthèse
909,64.0,65.98,64.99000000000001,-0.08249905144911768,True,False,xsens_imu_data_segment_registered_elodie_gwo.csv,elodie,GWO - marche avec orthèse
910,64.5,66.48,65.49000000000001,0.017651971491772223,True,True,xsens_imu_data_segment_registered_elodie_gwo.csv,elodie,GWO - marche avec orthèse
911,65.0,66.98,65.99000000000001,,False,False,xsens_imu_data_segment_registered_elodie_gwo.csv,elodie,GWO - marche avec orthèse
912,65.5,67.48,66.49000000000001,,False,False,xsens_imu_data_segment_registered_elodie_gwo.csv,elodie,GWO - marche avec orthèse
913,66.0,67.98,66.99000000000001,-0.05200890419430981,True,False,xsens_imu_data_segment_registered_elodie_gwo.csv,elodie,GWO - marche avec orthèse
914,66.5,68.48,67.49000000000001,-0.045606443919194606,True,False,xsens_imu_data_segment_registered_elodie_gwo.csv,elodie,GWO - marche avec orthèse
915,67.0,68.98,67.99000000000001,-0.05509455017497494,True,False,xsens_imu_data_segment_registered_elodie_gwo.csv,elodie,GWO - marche avec orthèse
916,67.5,69.48,68.49000000000001,,False,False,xsens_imu_data_segment_registered_elodie_gwo.csv,elodie,GWO - marche avec orthèse
917,68.0,69.98,68.99000000000001,-0.02421342881129107,True,False,xsens_imu_data_segment_registered_elodie_gwo.csv,elodie,GWO - marche avec orthèse
918,68.5,70.48,69.49000000000001,-0.03455449466748883,True,False,xsens_imu_data_segment_registered_elodie_gwo.csv,elodie,GWO - marche avec orthèse
919,69.0,70.98,69.99000000000001,-0.014355374751584549,True,False,xsens_imu_data_segment_registered_elodie_gwo.csv,elodie,GWO - marche avec orthèse
920,69.5,71.48,70.49000000000001,-0.05040938381676263,True,False,xsens_imu_data_segment_registered_elodie_gwo.csv,elodie,GWO - marche avec orthèse
921,70.0,71.98,70.99000000000001,-0.03109259123688707,True,False,xsens_imu_data_segment_registered_elodie_gwo.csv,elodie,GWO - marche avec orthèse
922,70.5,72.48,71.49000000000001,,False,False,xsens_imu_data_segment_registered_elodie_gwo.csv,elodie,GWO - marche avec orthèse
923,71.0,72.98,71.99000000000001,-0.04238493987694286,True,False,xsens_imu_data_segment_registered_elodie_gwo.csv,elodie,GWO - marche avec orthèse
924,71.5,73.48,72.49000000000001,,False,False,xsens_imu_data_segment_registered_elodie_gwo.csv,elodie,GWO - marche avec orthèse
925,72.0,73.98,72.99000000000001,-0.07093814268637627,True,False,xsens_imu_data_segment_registered_elodie_gwo.csv,elodie,GWO - marche avec orthèse
926,72.5,74.48,73.49000000000001,-0.07722670377331387,True,False,xsens_imu_data_segment_registered_elodie_gwo.csv,elodie,GWO - marche avec orthèse
927,73.0,74.98,73.99000000000001,,False,False,xsens_imu_data_segment_registered_elodie_gwo.csv,elodie,GWO - marche avec orthèse
928,73.5,75.48,74.49000000000001,-0.04715643723676566,True,False,xsens_imu_data_segment_registered_elodie_gwo.csv,elodie,GWO - marche avec orthèse
929,74.0,75.98,74.99000000000001,,False,False,xsens_imu_data_segment_registered_elodie_gwo.csv,elodie,GWO - marche avec orthèse
930,74.5,76.48,75.49000000000001,-0.026386392971767758,True,False,xsens_imu_data_segment_registered_elodie_gwo.csv,elodie,GWO - marche avec orthèse
931,75.0,76.98,75.99000000000001,,False,False,xsens_imu_data_segment_registered_elodie_gwo.csv,elodie,GWO - marche avec orthèse
932,75.5,77.48,76.49000000000001,-0.047077304929049324,True,False,xsens_imu_data_segment_registered_elodie_gwo.csv,elodie,GWO - marche avec orthèse
933,76.0,77.98,76.99000000000001,-0.08234530158577547,True,False,xsens_imu_data_segment_registered_elodie_gwo.csv,elodie,GWO - marche avec orthèse
934,76.5,78.48,77.49000000000001,-0.1005691928476331,True,False,xsens_imu_data_segment_registered_elodie_gwo.csv,elodie,GWO - marche avec orthèse
935,77.0,78.98,77.99000000000001,-0.07992528058045417,True,False,xsens_imu_data_segment_registered_elodie_gwo.csv,elodie,GWO - marche avec orthèse
936,77.5,79.48,78.49000000000001,-0.09894525431229917,True,False,xsens_imu_data_segment_registered_elodie_gwo.csv,elodie,GWO - marche avec orthèse
937,78.0,79.98,78.99000000000001,,False,False,xsens_imu_data_segment_registered_elodie_gwo.csv,elodie,GWO - marche avec orthèse
938,78.5,80.48,79.49000000000001,-0.09866989647185692,True,False,xsens_imu_data_segment_registered_elodie_gwo.csv,elodie,GWO - marche avec orthèse
939,79.0,80.98,79.99000000000001,-0.0992588946233876,True,False,xsens_imu_data_segment_registered_elodie_gwo.csv,elodie,GWO - marche avec orthèse
940,79.5,81.48,80.49000000000001,,False,False,xsens_imu_data_segment_registered_elodie_gwo.csv,elodie,GWO - marche avec orthèse
941,80.0,81.98,80.99000000000001,-0.09976983258163485,True,False,xsens_imu_data_segment_registered_elodie_gwo.csv,elodie,GWO - marche avec orthèse
942,80.5,82.48,81.49000000000001,-0.07528271967180067,True,False,xsens_imu_data_segment_registered_elodie_gwo.csv,elodie,GWO - marche avec orthèse
943,81.0,82.98,81.99000000000001,-0.09234358516365565,True,False,xsens_imu_data_segment_registered_elodie_gwo.csv,elodie,GWO - marche avec orthèse
944,81.5,83.48,82.49000000000001,-0.08615482821601261,True,False,xsens_imu_data_segment_registered_elodie_gwo.csv,elodie,GWO - marche avec orthèse
945,82.0,83.98,82.99000000000001,-0.09579538897795498,True,False,xsens_imu_data_segment_registered_elodie_gwo.csv,elodie,GWO - marche avec orthèse
946,82.5,84.48,83.49000000000001,-0.12099941102171202,True,False,xsens_imu_data_segment_registered_elodie_gwo.csv,elodie,GWO - marche avec orthèse
947,83.0,84.98,83.99000000000001,-0.0852294928325481,True,False,xsens_imu_data_segment_registered_elodie_gwo.csv,elodie,GWO - marche avec orthèse
948,83.5,85.48,84.49000000000001,-0.09786342343849841,True,False,xsens_imu_data_segment_registered_elodie_gwo.csv,elodie,GWO - marche avec orthèse
949,84.0,85.98,84.99000000000001,-0.10559736816409643,True,False,xsens_imu_data_segment_registered_elodie_gwo.csv,elodie,GWO - marche avec orthèse
950,84.5,86.48,85.49000000000001,,False,False,xsens_imu_data_segment_registered_elodie_gwo.csv,elodie,GWO - marche avec orthèse
951,85.0,86.98,85.99000000000001,-0.1026571215601782,True,False,xsens_imu_data_segment_registered_elodie_gwo.csv,elodie,GWO - marche avec orthèse
952,85.5,87.48,86.49000000000001,,False,False,xsens_imu_data_segment_registered_elodie_gwo.csv,elodie,GWO - marche avec orthèse
953,86.0,87.98,86.99000000000001,-0.09155841801345993,True,False,xsens_imu_data_segment_registered_elodie_gwo.csv,elodie,GWO - marche avec orthèse
954,86.5,88.48,87.49000000000001,-0.0854990164112781,True,False,xsens_imu_data_segment_registered_elodie_gwo.csv,elodie,GWO - marche avec orthèse
955,87.0,88.98,87.99000000000001,-0.05070395407974004,True,False,xsens_imu_data_segment_registered_elodie_gwo.csv,elodie,GWO - marche avec orthèse
956,87.5,89.48,88.49000000000001,-0.101490810908694,True,False,xsens_imu_data_segment_registered_elodie_gwo.csv,elodie,GWO - marche avec orthèse
957,88.0,89.98,88.99000000000001,-0.07525570963093026,True,False,xsens_imu_data_segment_registered_elodie_gwo.csv,elodie,GWO - marche avec orthèse
958,88.5,90.48,89.49000000000001,-0.09769175467794738,True,False,xsens_imu_data_segment_registered_elodie_gwo.csv,elodie,GWO - marche avec orthèse
959,89.0,90.98,89.99000000000001,-0.10926115976171957,True,False,xsens_imu_data_segment_registered_elodie_gwo.csv,elodie,GWO - marche avec orthèse
960,89.5,91.48,90.49000000000001,-0.08099196284566978,True,False,xsens_imu_data_segment_registered_elodie_gwo.csv,elodie,GWO - marche avec orthèse
961,90.0,91.98,90.99000000000001,-0.10176162627506502,True,False,xsens_imu_data_segment_registered_elodie_gwo.csv,elodie,GWO - marche avec orthèse
962,90.5,92.48,91.49000000000001,-0.07150175400279069,True,False,xsens_imu_data_segment_registered_elodie_gwo.csv,elodie,GWO - marche avec orthèse
963,91.0,92.98,91.99000000000001,-0.0731616720402361,True,False,xsens_imu_data_segment_registered_elodie_gwo.csv,elodie,GWO - marche avec orthèse
964,91.5,93.48,92.49000000000001,-0.08746947669889782,True,False,xsens_imu_data_segment_registered_elodie_gwo.csv,elodie,GWO - marche avec orthèse
965,92.0,93.98,92.99000000000001,-0.06033019406461182,True,False,xsens_imu_data_segment_registered_elodie_gwo.csv,elodie,GWO - marche avec orthèse
966,92.5,94.48,93.49000000000001,-0.10223106630706819,True,False,xsens_imu_data_segment_registered_elodie_gwo.csv,elodie,GWO - marche avec orthèse
967,93.0,94.98,93.99000000000001,-0.09109810337638247,True,False,xsens_imu_data_segment_registered_elodie_gwo.csv,elodie,GWO - marche avec orthèse
968,93.5,95.48,94.49000000000001,-0.09224927853683068,True,False,xsens_imu_data_segment_registered_elodie_gwo.csv,elodie,GWO - marche avec orthèse
969,94.0,95.98,94.99000000000001,-0.11044346231880603,True,False,xsens_imu_data_segment_registered_elodie_gwo.csv,elodie,GWO - marche avec orthèse
970,94.5,96.48,95.49000000000001,-0.06155443473366945,True,False,xsens_imu_data_segment_registered_elodie_gwo.csv,elodie,GWO - marche avec orthèse
971,95.0,96.98,95.99000000000001,-0.10015233987073613,True,False,xsens_imu_data_segment_registered_elodie_gwo.csv,elodie,GWO - marche avec orthèse
972,95.5,97.48,96.49000000000001,,False,False,xsens_imu_data_segment_registered_elodie_gwo.csv,elodie,GWO - marche avec orthèse
973,96.0,97.98,96.99000000000001,-0.08470947857681532,True,False,xsens_imu_data_segment_registered_elodie_gwo.csv,elodie,GWO - marche avec orthèse
974,96.5,98.48,97.49000000000001,-0.08330969735056298,True,False,xsens_imu_data_segment_registered_elodie_gwo.csv,elodie,GWO - marche avec orthèse
975,97.0,98.98,97.99000000000001,-0.0687551588208864,True,False,xsens_imu_data_segment_registered_elodie_gwo.csv,elodie,GWO - marche avec orthèse
976,97.5,99.48,98.49000000000001,-0.0932172959936341,True,False,xsens_imu_data_segment_registered_elodie_gwo.csv,elodie,GWO - marche avec orthèse
977,98.0,99.98,98.99000000000001,-0.0791413705822614,True,False,xsens_imu_data_segment_registered_elodie_gwo.csv,elodie,GWO - marche avec orthèse
978,98.5,100.48,99.49000000000001,-0.0789233347388254,True,False,xsens_imu_data_segment_registered_elodie_gwo.csv,elodie,GWO - marche avec orthèse
979,99.0,100.98,99.99000000000001,-0.08125638695118975,True,False,xsens_imu_data_segment_registered_elodie_gwo.csv,elodie,GWO - marche avec orthèse
980,99.5,101.48,100.49000000000001,-0.04703616904303731,True,False,xsens_imu_data_segment_registered_elodie_gwo.csv,elodie,GWO - marche avec orthèse
981,100.0,101.98,100.99000000000001,-0.08734820004359367,True,False,xsens_imu_data_segment_registered_elodie_gwo.csv,elodie,GWO - marche avec orthèse
982,100.5,102.48,101.49000000000001,-0.0759670905863849,True,False,xsens_imu_data_segment_registered_elodie_gwo.csv,elodie,GWO - marche avec orthèse
983,101.0,102.98,101.99000000000001,-0.09251120873556329,True,False,xsens_imu_data_segment_registered_elodie_gwo.csv,elodie,GWO - marche avec orthèse
984,101.5,103.48,102.49000000000001,-0.10608797107668805,True,False,xsens_imu_data_segment_registered_elodie_gwo.csv,elodie,GWO - marche avec orthèse
985,102.0,103.98,102.99000000000001,,False,False,xsens_imu_data_segment_registered_elodie_gwo.csv,elodie,GWO - marche avec orthèse
986,102.5,104.48,103.49000000000001,-0.10690834473996536,True,False,xsens_imu_data_segment_registered_elodie_gwo.csv,elodie,GWO - marche avec orthèse
987,103.0,104.98,103.99000000000001,-0.07298344244620103,True,False,xsens_imu_data_segment_registered_elodie_gwo.csv,elodie,GWO - marche avec orthèse
988,103.5,105.48,104.49000000000001,-0.08654182109820857,True,False,xsens_imu_data_segment_registered_elodie_gwo.csv,elodie,GWO - marche avec orthèse
989,104.0,105.98,104.99000000000001,-0.11459395416147156,True,False,xsens_imu_data_segment_registered_elodie_gwo.csv,elodie,GWO - marche avec orthèse
990,104.5,106.48,105.49000000000001,,False,False,xsens_imu_data_segment_registered_elodie_gwo.csv,elodie,GWO - marche avec orthèse
991,105.0,106.98,105.99000000000001,-0.10733713450150806,True,False,xsens_imu_data_segment_registered_elodie_gwo.csv,elodie,GWO - marche avec orthèse
992,105.5,107.48,106.49000000000001,-0.08181615170403816,True,False,xsens_imu_data_segment_registered_elodie_gwo.csv,elodie,GWO - marche avec orthèse
993,106.0,107.98,106.99000000000001,-0.10354998641293195,True,False,xsens_imu_data_segment_registered_elodie_gwo.csv,elodie,GWO - marche avec orthèse
994,106.5,108.48,107.49000000000001,-0.1102180607090657,True,False,xsens_imu_data_segment_registered_elodie_gwo.csv,elodie,GWO - marche avec orthèse
995,107.0,108.98,107.99000000000001,,False,False,xsens_imu_data_segment_registered_elodie_gwo.csv,elodie,GWO - marche avec orthèse
996,107.5,109.48,108.49000000000001,-0.10214110281008681,True,False,xsens_imu_data_segment_registered_elodie_gwo.csv,elodie,GWO - marche avec orthèse
997,108.0,109.98,108.99000000000001,-0.07794021753162256,True,False,xsens_imu_data_segment_registered_elodie_gwo.csv,elodie,GWO - marche avec orthèse
998,108.5,110.48,109.49000000000001,-0.08623652083861166,True,False,xsens_imu_data_segment_registered_elodie_gwo.csv,elodie,GWO - marche avec orthèse
999,109.0,110.98,109.99000000000001,-0.09691462265566292,True,False,xsens_imu_data_segment_registered_elodie_gwo.csv,elodie,GWO - marche avec orthèse
1000,109.5,111.48,110.49000000000001,-0.07523896940402292,True,False,xsens_imu_data_segment_registered_elodie_gwo.csv,elodie,GWO - marche avec orthèse
1001,110.0,111.98,110.99000000000001,-0.09789996318431371,True,False,xsens_imu_data_segment_registered_elodie_gwo.csv,elodie,GWO - marche avec orthèse
1002,110.5,112.48,111.49000000000001,-0.05861707201018046,True,False,xsens_imu_data_segment_registered_elodie_gwo.csv,elodie,GWO - marche avec orthèse
1003,111.0,112.98,111.99000000000001,-0.09270954120342478,True,False,xsens_imu_data_segment_registered_elodie_gwo.csv,elodie,GWO - marche avec orthèse
1004,111.5,113.48,112.49000000000001,-0.09292732140778515,True,False,xsens_imu_data_segment_registered_elodie_gwo.csv,elodie,GWO - marche avec orthèse
1005,112.0,113.98,112.99000000000001,-0.07332831298846265,True,False,xsens_imu_data_segment_registered_elodie_gwo.csv,elodie,GWO - marche avec orthèse
1006,112.5,114.48,113.49000000000001,-0.09462549725829317,True,False,xsens_imu_data_segment_registered_elodie_gwo.csv,elodie,GWO - marche avec orthèse
1007,113.0,114.98,113.99000000000001,-0.06940086498825154,True,False,xsens_imu_data_segment_registered_elodie_gwo.csv,elodie,GWO - marche avec orthèse
1008,113.5,115.48,114.49000000000001,-0.08582372931118815,True,False,xsens_imu_data_segment_registered_elodie_gwo.csv,elodie,GWO - marche avec orthèse
1009,114.0,115.98,114.99000000000001,-0.09555185884728717,True,False,xsens_imu_data_segment_registered_elodie_gwo.csv,elodie,GWO - marche avec orthèse
1010,114.5,116.48,115.49000000000001,-0.08669195315302686,True,False,xsens_imu_data_segment_registered_elodie_gwo.csv,elodie,GWO - marche avec orthèse
1011,115.0,116.98,115.99000000000001,-0.10439037574782317,True,False,xsens_imu_data_segment_registered_elodie_gwo.csv,elodie,GWO - marche avec orthèse
1012,115.5,117.48,116.49000000000001,-0.07934533641553171,True,False,xsens_imu_data_segment_registered_elodie_gwo.csv,elodie,GWO - marche avec orthèse
1013,116.0,117.98,116.99000000000001,-0.09725998615273324,True,False,xsens_imu_data_segment_registered_elodie_gwo.csv,elodie,GWO - marche avec orthèse
1014,116.5,118.48,117.49000000000001,-0.10670168437676031,True,False,xsens_imu_data_segment_registered_elodie_gwo.csv,elodie,GWO - marche avec orthèse
1015,117.0,118.98,117.99000000000001,,False,False,xsens_imu_data_segment_registered_elodie_gwo.csv,elodie,GWO - marche avec orthèse
1016,117.5,119.48,118.49000000000001,-0.09540158559714584,True,False,xsens_imu_data_segment_registered_elodie_gwo.csv,elodie,GWO - marche avec orthèse
1017,118.0,119.98,118.99000000000001,,False,False,xsens_imu_data_segment_registered_elodie_gwo.csv,elodie,GWO - marche avec orthèse
1018,118.5,120.48,119.49000000000001,-0.10091848314606144,True,False,xsens_imu_data_segment_registered_elodie_gwo.csv,elodie,GWO - marche avec orthèse
1019,119.0,120.98,119.99000000000001,-0.10403350561548069,True,False,xsens_imu_data_segment_registered_elodie_gwo.csv,elodie,GWO - marche avec orthèse
1020,119.5,121.48,120.49000000000001,-0.08509534350039227,True,False,xsens_imu_data_segment_registered_elodie_gwo.csv,elodie,GWO - marche avec orthèse
1021,120.0,121.98,120.99000000000001,-0.09932411206481101,True,False,xsens_imu_data_segment_registered_elodie_gwo.csv,elodie,GWO - marche avec orthèse
1022,120.5,122.48,121.49000000000001,-0.08207951395644303,True,False,xsens_imu_data_segment_registered_elodie_gwo.csv,elodie,GWO - marche avec orthèse
1023,121.0,122.98,121.99000000000001,-0.09562270789023886,True,False,xsens_imu_data_segment_registered_elodie_gwo.csv,elodie,GWO - marche avec orthèse
1024,121.5,123.48,122.49000000000001,-0.10800548876598132,True,False,xsens_imu_data_segment_registered_elodie_gwo.csv,elodie,GWO - marche avec orthèse
1025,122.0,123.98,122.99000000000001,,False,False,xsens_imu_data_segment_registered_elodie_gwo.csv,elodie,GWO - marche avec orthèse
1026,122.5,124.48,123.49000000000001,-0.10439507413875149,True,False,xsens_imu_data_segment_registered_elodie_gwo.csv,elodie,GWO - marche avec orthèse
1027,123.0,124.98,123.99000000000001,-0.032069571562535204,True,False,xsens_imu_data_segment_registered_elodie_gwo.csv,elodie,GWO - marche avec orthèse
1028,123.5,125.48,124.49000000000001,,False,False,xsens_imu_data_segment_registered_elodie_gwo.csv,elodie,GWO - marche avec orthèse
1029,124.0,125.98,124.99000000000001,,False,False,xsens_imu_data_segment_registered_elodie_gwo.csv,elodie,GWO - marche avec orthèse
1030,124.5,126.48,125.49000000000001,-0.01720699140804527,True,False,xsens_imu_data_segment_registered_elodie_gwo.csv,elodie,GWO - marche avec orthèse
1031,125.0,126.98,125.99000000000001,-0.0931557324123023,True,False,xsens_imu_data_segment_registered_elodie_gwo.csv,elodie,GWO - marche avec orthèse
1032,125.5,127.48,126.49000000000001,-0.07759958414477575,True,False,xsens_imu_data_segment_registered_elodie_gwo.csv,elodie,GWO - marche avec orthèse
1033,126.0,127.98,126.99000000000001,-0.10411723868885436,True,False,xsens_imu_data_segment_registered_elodie_gwo.csv,elodie,GWO - marche avec orthèse
1034,126.5,128.48,127.49,-0.10261260997808086,True,False,xsens_imu_data_segment_registered_elodie_gwo.csv,elodie,GWO - marche avec orthèse
1035,127.0,128.98,127.99,-0.0914858965496434,True,False,xsens_imu_data_segment_registered_elodie_gwo.csv,elodie,GWO - marche avec orthèse
1036,127.5,129.48,128.49,-0.10779039056141715,True,False,xsens_imu_data_segment_registered_elodie_gwo.csv,elodie,GWO - marche avec orthèse
1037,128.0,129.98,128.99,-0.05870814267469626,True,False,xsens_imu_data_segment_registered_elodie_gwo.csv,elodie,GWO - marche avec orthèse
1038,128.5,130.48,129.49,-0.08304584774225882,True,False,xsens_imu_data_segment_registered_elodie_gwo.csv,elodie,GWO - marche avec orthèse
1039,129.0,130.98,129.99,-0.07661508435564812,True,False,xsens_imu_data_segment_registered_elodie_gwo.csv,elodie,GWO - marche avec orthèse
1040,129.5,131.48,130.49,-0.07070369091432799,True,False,xsens_imu_data_segment_registered_elodie_gwo.csv,elodie,GWO - marche avec orthèse
1041,130.0,131.98,130.99,-0.09441333547149422,True,False,xsens_imu_data_segment_registered_elodie_gwo.csv,elodie,GWO - marche avec orthèse
1042,130.5,132.48,131.49,-0.04863118110363451,True,False,xsens_imu_data_segment_registered_elodie_gwo.csv,elodie,GWO - marche avec orthèse
1043,131.0,132.98,131.99,-0.10122446242490618,True,False,xsens_imu_data_segment_registered_elodie_gwo.csv,elodie,GWO - marche avec orthèse
1044,131.5,133.48,132.49,-0.08820581884275536,True,False,xsens_imu_data_segment_registered_elodie_gwo.csv,elodie,GWO - marche avec orthèse
1045,132.0,133.98,132.99,-0.08198303883686592,True,False,xsens_imu_data_segment_registered_elodie_gwo.csv,elodie,GWO - marche avec orthèse
1046,132.5,134.48,133.49,-0.1039036870054812,True,False,xsens_imu_data_segment_registered_elodie_gwo.csv,elodie,GWO - marche avec orthèse
1047,133.0,134.98,133.99,-0.09952869708067363,True,False,xsens_imu_data_segment_registered_elodie_gwo.csv,elodie,GWO - marche avec orthèse
1048,133.5,135.48,134.49,-0.11335661671383074,True,False,xsens_imu_data_segment_registered_elodie_gwo.csv,elodie,GWO - marche avec orthèse
1049,134.0,135.98,134.99,-0.08857439616091767,True,False,xsens_imu_data_segment_registered_elodie_gwo.csv,elodie,GWO - marche avec orthèse
1050,134.5,136.48,135.49,-0.11836139612973501,True,False,xsens_imu_data_segment_registered_elodie_gwo.csv,elodie,GWO - marche avec orthèse
1051,135.0,136.98,135.99,-0.10820770936538049,True,False,xsens_imu_data_segment_registered_elodie_gwo.csv,elodie,GWO - marche avec orthèse
1052,135.5,137.48,136.49,-0.10243496519900325,True,False,xsens_imu_data_segment_registered_elodie_gwo.csv,elodie,GWO - marche avec orthèse
1053,136.0,137.98,136.99,-0.10618349518644882,True,False,xsens_imu_data_segment_registered_elodie_gwo.csv,elodie,GWO - marche avec orthèse
1054,136.5,138.48,137.49,-0.10630488375230962,True,False,xsens_imu_data_segment_registered_elodie_gwo.csv,elodie,GWO - marche avec orthèse
1055,137.0,138.98,137.99,-0.11580252404511066,True,False,xsens_imu_data_segment_registered_elodie_gwo.csv,elodie,GWO - marche avec orthèse
1056,137.5,139.48,138.49,-0.10830942347375783,True,False,xsens_imu_data_segment_registered_elodie_gwo.csv,elodie,GWO - marche avec orthèse
1057,138.0,139.98,138.99,-0.11479846413345779,True,False,xsens_imu_data_segment_registered_elodie_gwo.csv,elodie,GWO - marche avec orthèse
1058,138.5,140.48,139.49,-0.09796049248153815,True,False,xsens_imu_data_segment_registered_elodie_gwo.csv,elodie,GWO - marche avec orthèse
1059,139.0,140.98,139.99,-0.10146504804993661,True,False,xsens_imu_data_segment_registered_elodie_gwo.csv,elodie,GWO - marche avec orthèse
1060,139.5,141.48,140.49,-0.10848524959037731,True,False,xsens_imu_data_segment_registered_elodie_gwo.csv,elodie,GWO - marche avec orthèse
1061,140.0,141.98,140.99,-0.09809528575368631,True,False,xsens_imu_data_segment_registered_elodie_gwo.csv,elodie,GWO - marche avec orthèse
1062,140.5,142.48,141.49,-0.0890856718247306,True,False,xsens_imu_data_segment_registered_elodie_gwo.csv,elodie,GWO - marche avec orthèse
1063,141.0,142.98,141.99,-0.10584973734898429,True,False,xsens_imu_data_segment_registered_elodie_gwo.csv,elodie,GWO - marche avec orthèse
1064,141.5,143.48,142.49,,False,False,xsens_imu_data_segment_registered_elodie_gwo.csv,elodie,GWO - marche avec orthèse
1065,142.0,143.98,142.99,,False,False,xsens_imu_data_segment_registered_elodie_gwo.csv,elodie,GWO - marche avec orthèse
1066,142.5,144.48,143.49,,False,False,xsens_imu_data_segment_registered_elodie_gwo.csv,elodie,GWO - marche avec orthèse
1067,143.0,144.98,143.99,-0.10892598603237263,True,False,xsens_imu_data_segment_registered_elodie_gwo.csv,elodie,GWO - marche avec orthèse
1068,143.5,145.48,144.49,-0.10095211798327364,True,False,xsens_imu_data_segment_registered_elodie_gwo.csv,elodie,GWO - marche avec orthèse
1069,144.0,145.98,144.99,,False,False,xsens_imu_data_segment_registered_elodie_gwo.csv,elodie,GWO - marche avec orthèse
1070,144.5,146.48,145.49,,False,False,xsens_imu_data_segment_registered_elodie_gwo.csv,elodie,GWO - marche avec orthèse
1071,145.0,146.98,145.99,-0.09607332488035869,True,False,xsens_imu_data_segment_registered_elodie_gwo.csv,elodie,GWO - marche avec orthèse
1072,145.5,147.48,146.49,,False,False,xsens_imu_data_segment_registered_elodie_gwo.csv,elodie,GWO - marche avec orthèse
1073,146.0,147.98,146.99,-0.10146425636348044,True,False,xsens_imu_data_segment_registered_elodie_gwo.csv,elodie,GWO - marche avec orthèse
1074,146.5,148.48,147.49,-0.11057554885327964,True,False,xsens_imu_data_segment_registered_elodie_gwo.csv,elodie,GWO - marche avec orthèse
1075,147.0,148.98,147.99,-0.1050236802562467,True,False,xsens_imu_data_segment_registered_elodie_gwo.csv,elodie,GWO - marche avec orthèse
1076,147.5,149.48,148.49,-0.09832625329559114,True,False,xsens_imu_data_segment_registered_elodie_gwo.csv,elodie,GWO - marche avec orthèse
1077,148.0,149.98,148.99,-0.08866091655705383,True,False,xsens_imu_data_segment_registered_elodie_gwo.csv,elodie,GWO - marche avec orthèse
1078,148.5,150.48,149.49,-0.10054495995061524,True,False,xsens_imu_data_segment_registered_elodie_gwo.csv,elodie,GWO - marche avec orthèse
1079,149.0,150.98,149.99,-0.09042225467950249,True,False,xsens_imu_data_segment_registered_elodie_gwo.csv,elodie,GWO - marche avec orthèse
1080,149.5,151.48,150.49,-0.1078953978078851,True,False,xsens_imu_data_segment_registered_elodie_gwo.csv,elodie,GWO - marche avec orthèse
1081,150.0,151.98,150.99,-0.11621993764843158,True,False,xsens_imu_data_segment_registered_elodie_gwo.csv,elodie,GWO - marche avec orthèse
1082,150.5,152.48,151.49,-0.11450234488754646,True,False,xsens_imu_data_segment_registered_elodie_gwo.csv,elodie,GWO - marche avec orthèse
1083,151.0,152.98,151.99,-0.12232142483348152,True,False,xsens_imu_data_segment_registered_elodie_gwo.csv,elodie,GWO - marche avec orthèse
1084,151.5,153.48,152.49,-0.1069552589061975,True,False,xsens_imu_data_segment_registered_elodie_gwo.csv,elodie,GWO - marche avec orthèse
1085,152.0,153.98,152.99,-0.12576373734102703,True,False,xsens_imu_data_segment_registered_elodie_gwo.csv,elodie,GWO - marche avec orthèse
1086,152.5,154.48,153.49,-0.10005221611144255,True,False,xsens_imu_data_segment_registered_elodie_gwo.csv,elodie,GWO - marche avec orthèse
1087,153.0,154.98,153.99,-0.1144818885602008,True,False,xsens_imu_data_segment_registered_elodie_gwo.csv,elodie,GWO - marche avec orthèse
1088,153.5,155.48,154.49,-0.1243216097135772,True,False,xsens_imu_data_segment_registered_elodie_gwo.csv,elodie,GWO - marche avec orthèse
1089,154.0,155.98,154.99,-0.11341416051873754,True,False,xsens_imu_data_segment_registered_elodie_gwo.csv,elodie,GWO - marche avec orthèse
1090,154.5,156.48,155.49,-0.11426434801968383,True,False,xsens_imu_data_segment_registered_elodie_gwo.csv,elodie,GWO - marche avec orthèse
1091,155.0,156.98,155.99,,False,False,xsens_imu_data_segment_registered_elodie_gwo.csv,elodie,GWO - marche avec orthèse
1092,155.5,157.48,156.49,-0.10791348018893893,True,False,xsens_imu_data_segment_registered_elodie_gwo.csv,elodie,GWO - marche avec orthèse
1093,156.0,157.98,156.99,-0.10089411702608486,True,False,xsens_imu_data_segment_registered_elodie_gwo.csv,elodie,GWO - marche avec orthèse
1094,156.5,158.48,157.49,-0.08938211645607275,True,False,xsens_imu_data_segment_registered_elodie_gwo.csv,elodie,GWO - marche avec orthèse
1095,157.0,158.98,157.99,-0.10250989404350536,True,False,xsens_imu_data_segment_registered_elodie_gwo.csv,elodie,GWO - marche avec orthèse
1096,157.5,159.48,158.49,-0.10330750275669887,True,False,xsens_imu_data_segment_registered_elodie_gwo.csv,elodie,GWO - marche avec orthèse
1097,158.0,159.98,158.99,-0.10046108645888274,True,False,xsens_imu_data_segment_registered_elodie_gwo.csv,elodie,GWO - marche avec orthèse
1098,158.5,160.48,159.49,-0.08269384541384261,True,False,xsens_imu_data_segment_registered_elodie_gwo.csv,elodie,GWO - marche avec orthèse
1099,159.0,160.98,159.99,-0.09560729165509019,True,False,xsens_imu_data_segment_registered_elodie_gwo.csv,elodie,GWO - marche avec orthèse
1100,159.5,161.48,160.49,-0.10559554791632064,True,False,xsens_imu_data_segment_registered_elodie_gwo.csv,elodie,GWO - marche avec orthèse
1101,160.0,161.98,160.99,-0.11160924012952073,True,False,xsens_imu_data_segment_registered_elodie_gwo.csv,elodie,GWO - marche avec orthèse
1102,160.5,162.48,161.49,-0.10926722139485212,True,False,xsens_imu_data_segment_registered_elodie_gwo.csv,elodie,GWO - marche avec orthèse
1103,161.0,162.98,161.99,-0.11403126390504342,True,False,xsens_imu_data_segment_registered_elodie_gwo.csv,elodie,GWO - marche avec orthèse
1104,161.5,163.48,162.49,-0.11019138856495703,True,False,xsens_imu_data_segment_registered_elodie_gwo.csv,elodie,GWO - marche avec orthèse
1105,162.0,163.98,162.99,,False,False,xsens_imu_data_segment_registered_elodie_gwo.csv,elodie,GWO - marche avec orthèse
1106,162.5,164.48,163.49,-0.11561922154477283,True,False,xsens_imu_data_segment_registered_elodie_gwo.csv,elodie,GWO - marche avec orthèse
1107,163.0,164.98,163.99,-0.06964914802586436,True,False,xsens_imu_data_segment_registered_elodie_gwo.csv,elodie,GWO - marche avec orthèse
1108,163.5,165.48,164.49,-0.10948787586513015,True,False,xsens_imu_data_segment_registered_elodie_gwo.csv,elodie,GWO - marche avec orthèse
1109,164.0,165.98,164.99,-0.09932751528734568,True,False,xsens_imu_data_segment_registered_elodie_gwo.csv,elodie,GWO - marche avec orthèse
1110,164.5,166.48,165.49,-0.11611022788041575,True,False,xsens_imu_data_segment_registered_elodie_gwo.csv,elodie,GWO - marche avec orthèse
1111,165.0,166.98,165.99,-0.12394525228367004,True,False,xsens_imu_data_segment_registered_elodie_gwo.csv,elodie,GWO - marche avec orthèse
1112,165.5,167.48,166.49,,False,False,xsens_imu_data_segment_registered_elodie_gwo.csv,elodie,GWO - marche avec orthèse
1113,166.0,167.98,166.99,-0.11442657620716429,True,False,xsens_imu_data_segment_registered_elodie_gwo.csv,elodie,GWO - marche avec orthèse
1114,166.5,168.48,167.49,-0.09360929703033644,True,False,xsens_imu_data_segment_registered_elodie_gwo.csv,elodie,GWO - marche avec orthèse
1115,167.0,168.98,167.99,-0.11699548237353652,True,False,xsens_imu_data_segment_registered_elodie_gwo.csv,elodie,GWO - marche avec orthèse
1116,167.5,169.48,168.49,-0.10785540664981025,True,False,xsens_imu_data_segment_registered_elodie_gwo.csv,elodie,GWO - marche avec orthèse
1117,168.0,169.98,168.99,-0.12010724377541038,True,False,xsens_imu_data_segment_registered_elodie_gwo.csv,elodie,GWO - marche avec orthèse
1118,168.5,170.48,169.49,-0.08267928865713675,True,False,xsens_imu_data_segment_registered_elodie_gwo.csv,elodie,GWO - marche avec orthèse
1119,169.0,170.98,169.99,,False,False,xsens_imu_data_segment_registered_elodie_gwo.csv,elodie,GWO - marche avec orthèse
1120,169.5,171.48,170.49,-0.049751613697815056,True,False,xsens_imu_data_segment_registered_elodie_gwo.csv,elodie,GWO - marche avec orthèse
1121,170.0,171.98,170.99,-0.04126169212314684,True,False,xsens_imu_data_segment_registered_elodie_gwo.csv,elodie,GWO - marche avec orthèse
1122,170.5,172.48,171.49,-0.051268659201190336,True,False,xsens_imu_data_segment_registered_elodie_gwo.csv,elodie,GWO - marche avec orthèse
1123,171.0,172.98,171.99,-0.09021474316877615,True,False,xsens_imu_data_segment_registered_elodie_gwo.csv,elodie,GWO - marche avec orthèse
1124,171.5,173.48,172.49,-0.10260712200806693,True,False,xsens_imu_data_segment_registered_elodie_gwo.csv,elodie,GWO - marche avec orthèse
1125,172.0,173.98,172.99,-0.10907532521027613,True,False,xsens_imu_data_segment_registered_elodie_gwo.csv,elodie,GWO - marche avec orthèse
1126,172.5,174.48,173.49,-0.06345813925586469,True,False,xsens_imu_data_segment_registered_elodie_gwo.csv,elodie,GWO - marche avec orthèse
1127,173.0,174.98,173.99,-0.06294349506802549,True,False,xsens_imu_data_segment_registered_elodie_gwo.csv,elodie,GWO - marche avec orthèse
1128,173.5,175.48,174.49,-0.06444029531357987,True,False,xsens_imu_data_segment_registered_elodie_gwo.csv,elodie,GWO - marche avec orthèse
1129,174.0,175.98,174.99,-0.054110303691351724,True,False,xsens_imu_data_segment_registered_elodie_gwo.csv,elodie,GWO - marche avec orthèse
1130,174.5,176.48,175.49,-0.0868340512960512,True,False,xsens_imu_data_segment_registered_elodie_gwo.csv,elodie,GWO - marche avec orthèse
1131,175.0,176.98,175.99,-0.10134282249851068,True,False,xsens_imu_data_segment_registered_elodie_gwo.csv,elodie,GWO - marche avec orthèse
1132,175.5,177.48,176.49,-0.10727119954258807,True,False,xsens_imu_data_segment_registered_elodie_gwo.csv,elodie,GWO - marche avec orthèse
1133,176.0,177.98,176.99,-0.10045887969681444,True,False,xsens_imu_data_segment_registered_elodie_gwo.csv,elodie,GWO - marche avec orthèse
1134,176.5,178.48,177.49,-0.10529099865228109,True,False,xsens_imu_data_segment_registered_elodie_gwo.csv,elodie,GWO - marche avec orthèse
1135,177.0,178.98,177.99,-0.09834939508144808,True,False,xsens_imu_data_segment_registered_elodie_gwo.csv,elodie,GWO - marche avec orthèse
1136,177.5,179.48,178.49,-0.09769568481194929,True,False,xsens_imu_data_segment_registered_elodie_gwo.csv,elodie,GWO - marche avec orthèse
1137,178.0,179.98,178.99,-0.1188009564774502,True,False,xsens_imu_data_segment_registered_elodie_gwo.csv,elodie,GWO - marche avec orthèse
1138,178.5,180.48,179.49,-0.11562000439355352,True,False,xsens_imu_data_segment_registered_elodie_gwo.csv,elodie,GWO - marche avec orthèse
1139,179.0,180.98,179.99,-0.12646644247932787,True,False,xsens_imu_data_segment_registered_elodie_gwo.csv,elodie,GWO - marche avec orthèse
1140,179.5,181.48,180.49,-0.0858804349274957,True,False,xsens_imu_data_segment_registered_elodie_gwo.csv,elodie,GWO - marche avec orthèse
1141,180.0,181.98,180.99,-0.10411189759506023,True,False,xsens_imu_data_segment_registered_elodie_gwo.csv,elodie,GWO - marche avec orthèse
1142,180.5,182.48,181.49,-0.09830363607874565,True,False,xsens_imu_data_segment_registered_elodie_gwo.csv,elodie,GWO - marche avec orthèse
1143,181.0,182.98,181.99,-0.09481747055386136,True,False,xsens_imu_data_segment_registered_elodie_gwo.csv,elodie,GWO - marche avec orthèse
1144,181.5,183.48,182.49,-0.1131803809678103,True,False,xsens_imu_data_segment_registered_elodie_gwo.csv,elodie,GWO - marche avec orthèse
1145,182.0,183.98,182.99,,False,False,xsens_imu_data_segment_registered_elodie_gwo.csv,elodie,GWO - marche avec orthèse
1146,182.5,184.48,183.49,-0.12553161985496586,True,False,xsens_imu_data_segment_registered_elodie_gwo.csv,elodie,GWO - marche avec orthèse
1147,183.0,184.98,183.99,-0.08530123167675313,True,False,xsens_imu_data_segment_registered_elodie_gwo.csv,elodie,GWO - marche avec orthèse
1148,183.5,185.48,184.49,-0.1092036494439691,True,False,xsens_imu_data_segment_registered_elodie_gwo.csv,elodie,GWO - marche avec orthèse
1149,184.0,185.98,184.99,-0.08671492670400216,True,False,xsens_imu_data_segment_registered_elodie_gwo.csv,elodie,GWO - marche avec orthèse
1150,184.5,186.48,185.49,-0.09404474988967026,True,False,xsens_imu_data_segment_registered_elodie_gwo.csv,elodie,GWO - marche avec orthèse
1151,185.0,186.98,185.99,-0.10809264221160675,True,False,xsens_imu_data_segment_registered_elodie_gwo.csv,elodie,GWO - marche avec orthèse
1152,185.5,187.48,186.49,,False,False,xsens_imu_data_segment_registered_elodie_gwo.csv,elodie,GWO - marche avec orthèse
1153,186.0,187.98,186.99,-0.09432867220978991,True,False,xsens_imu_data_segment_registered_elodie_gwo.csv,elodie,GWO - marche avec orthèse
1154,186.5,188.48,187.49,,False,False,xsens_imu_data_segment_registered_elodie_gwo.csv,elodie,GWO - marche avec orthèse
1155,187.0,188.98,187.99,-0.1018119820609778,True,False,xsens_imu_data_segment_registered_elodie_gwo.csv,elodie,GWO - marche avec orthèse
1156,187.5,189.48,188.49,-0.09203083495346642,True,False,xsens_imu_data_segment_registered_elodie_gwo.csv,elodie,GWO - marche avec orthèse
1157,188.0,189.98,188.99,-0.08780564062130203,True,False,xsens_imu_data_segment_registered_elodie_gwo.csv,elodie,GWO - marche avec orthèse
1158,188.5,190.48,189.49,-0.0923346318073231,True,False,xsens_imu_data_segment_registered_elodie_gwo.csv,elodie,GWO - marche avec orthèse
1159,189.0,190.98,189.99,-0.08537335078584007,True,False,xsens_imu_data_segment_registered_elodie_gwo.csv,elodie,GWO - marche avec orthèse
1160,189.5,191.48,190.49,-0.09480512164192062,True,False,xsens_imu_data_segment_registered_elodie_gwo.csv,elodie,GWO - marche avec orthèse
1161,190.0,191.98,190.99,-0.08155867265906125,True,False,xsens_imu_data_segment_registered_elodie_gwo.csv,elodie,GWO - marche avec orthèse
1162,190.5,192.48,191.49,-0.10498373464021277,True,False,xsens_imu_data_segment_registered_elodie_gwo.csv,elodie,GWO - marche avec orthèse
1163,191.0,192.98,191.99,-0.10706744799147322,True,False,xsens_imu_data_segment_registered_elodie_gwo.csv,elodie,GWO - marche avec orthèse
1164,191.5,193.48,192.49,-0.11372351214242565,True,False,xsens_imu_data_segment_registered_elodie_gwo.csv,elodie,GWO - marche avec orthèse
1165,0.0,1.98,0.99,,False,False,xsens_imu_data_segment_registered_gregers_gwo.csv,gregers,GWO - marche avec orthèse
1166,0.5,2.48,1.49,,False,False,xsens_imu_data_segment_registered_gregers_gwo.csv,gregers,GWO - marche avec orthèse
1167,1.0,2.98,1.99,,False,False,xsens_imu_data_segment_registered_gregers_gwo.csv,gregers,GWO - marche avec orthèse
1168,1.5,3.48,2.49,,False,False,xsens_imu_data_segment_registered_gregers_gwo.csv,gregers,GWO - marche avec orthèse
1169,2.0,3.98,2.99,,False,False,xsens_imu_data_segment_registered_gregers_gwo.csv,gregers,GWO - marche avec orthèse
1170,2.5,4.48,3.49,,False,False,xsens_imu_data_segment_registered_gregers_gwo.csv,gregers,GWO - marche avec orthèse
1171,3.0,4.98,3.99,,False,False,xsens_imu_data_segment_registered_gregers_gwo.csv,gregers,GWO - marche avec orthèse
1172,3.5,5.48,4.49,0.1440397335561533,True,True,xsens_imu_data_segment_registered_gregers_gwo.csv,gregers,GWO - marche avec orthèse
1173,4.0,5.98,4.99,,False,False,xsens_imu_data_segment_registered_gregers_gwo.csv,gregers,GWO - marche avec orthèse
1174,4.5,6.48,5.49,,False,False,xsens_imu_data_segment_registered_gregers_gwo.csv,gregers,GWO - marche avec orthèse
1175,5.0,6.98,5.99,0.1008121995336757,True,True,xsens_imu_data_segment_registered_gregers_gwo.csv,gregers,GWO - marche avec orthèse
1176,5.5,7.48,6.49,0.09479359245152263,True,True,xsens_imu_data_segment_registered_gregers_gwo.csv,gregers,GWO - marche avec orthèse
1177,6.0,7.98,6.99,0.07341399267330417,True,True,xsens_imu_data_segment_registered_gregers_gwo.csv,gregers,GWO - marche avec orthèse
1178,6.5,8.48,7.49,,False,False,xsens_imu_data_segment_registered_gregers_gwo.csv,gregers,GWO - marche avec orthèse
1179,7.0,8.98,7.99,,False,False,xsens_imu_data_segment_registered_gregers_gwo.csv,gregers,GWO - marche avec orthèse
1180,7.5,9.48,8.49,,False,False,xsens_imu_data_segment_registered_gregers_gwo.csv,gregers,GWO - marche avec orthèse
1181,8.0,9.98,8.99,0.03239958160755474,True,True,xsens_imu_data_segment_registered_gregers_gwo.csv,gregers,GWO - marche avec orthèse
1182,8.5,10.48,9.49,0.018194257723841534,True,True,xsens_imu_data_segment_registered_gregers_gwo.csv,gregers,GWO - marche avec orthèse
1183,9.0,10.98,9.99,0.010459797596897968,True,True,xsens_imu_data_segment_registered_gregers_gwo.csv,gregers,GWO - marche avec orthèse
1184,9.5,11.48,10.49,-0.01013344203029698,True,False,xsens_imu_data_segment_registered_gregers_gwo.csv,gregers,GWO - marche avec orthèse
1185,10.0,11.98,10.99,-0.008220617835784316,True,False,xsens_imu_data_segment_registered_gregers_gwo.csv,gregers,GWO - marche avec orthèse
1186,10.5,12.48,11.49,0.025591047771260755,True,True,xsens_imu_data_segment_registered_gregers_gwo.csv,gregers,GWO - marche avec orthèse
1187,11.0,12.98,11.99,0.013856506760925869,True,True,xsens_imu_data_segment_registered_gregers_gwo.csv,gregers,GWO - marche avec orthèse
1188,11.5,13.48,12.49,0.04362011732583926,True,True,xsens_imu_data_segment_registered_gregers_gwo.csv,gregers,GWO - marche avec orthèse
1189,12.0,13.98,12.99,0.038566364466879555,True,True,xsens_imu_data_segment_registered_gregers_gwo.csv,gregers,GWO - marche avec orthèse
1190,12.5,14.48,13.49,0.044137796337743174,True,True,xsens_imu_data_segment_registered_gregers_gwo.csv,gregers,GWO - marche avec orthèse
1191,13.0,14.98,13.99,0.020032718041054776,True,True,xsens_imu_data_segment_registered_gregers_gwo.csv,gregers,GWO - marche avec orthèse
1192,13.5,15.48,14.49,0.023383849818681912,True,True,xsens_imu_data_segment_registered_gregers_gwo.csv,gregers,GWO - marche avec orthèse
1193,14.0,15.98,14.99,0.006415909363735706,True,True,xsens_imu_data_segment_registered_gregers_gwo.csv,gregers,GWO - marche avec orthèse
1194,14.5,16.48,15.49,0.010020330270371525,True,True,xsens_imu_data_segment_registered_gregers_gwo.csv,gregers,GWO - marche avec orthèse
1195,15.0,16.98,15.99,0.016590926411056417,True,True,xsens_imu_data_segment_registered_gregers_gwo.csv,gregers,GWO - marche avec orthèse
1196,15.5,17.48,16.490000000000002,0.00787331838827443,True,True,xsens_imu_data_segment_registered_gregers_gwo.csv,gregers,GWO - marche avec orthèse
1197,16.0,17.98,16.990000000000002,0.014145332313405645,True,True,xsens_imu_data_segment_registered_gregers_gwo.csv,gregers,GWO - marche avec orthèse
1198,16.5,18.48,17.490000000000002,0.01919284647408126,True,True,xsens_imu_data_segment_registered_gregers_gwo.csv,gregers,GWO - marche avec orthèse
1199,17.0,18.98,17.990000000000002,0.04031521060298826,True,True,xsens_imu_data_segment_registered_gregers_gwo.csv,gregers,GWO - marche avec orthèse
1200,17.5,19.48,18.490000000000002,0.0476534823151914,True,True,xsens_imu_data_segment_registered_gregers_gwo.csv,gregers,GWO - marche avec orthèse
1201,18.0,19.98,18.990000000000002,0.054547052180017985,True,True,xsens_imu_data_segment_registered_gregers_gwo.csv,gregers,GWO - marche avec orthèse
1202,18.5,20.48,19.490000000000002,0.04589036199506946,True,True,xsens_imu_data_segment_registered_gregers_gwo.csv,gregers,GWO - marche avec orthèse
1203,19.0,20.98,19.990000000000002,0.05333489800328706,True,True,xsens_imu_data_segment_registered_gregers_gwo.csv,gregers,GWO - marche avec orthèse
1204,19.5,21.48,20.490000000000002,0.06049308919002483,True,True,xsens_imu_data_segment_registered_gregers_gwo.csv,gregers,GWO - marche avec orthèse
1205,20.0,21.98,20.990000000000002,0.05916458897406729,True,True,xsens_imu_data_segment_registered_gregers_gwo.csv,gregers,GWO - marche avec orthèse
1206,20.5,22.48,21.490000000000002,0.06882807803984081,True,True,xsens_imu_data_segment_registered_gregers_gwo.csv,gregers,GWO - marche avec orthèse
1207,21.0,22.98,21.990000000000002,0.05820520620711589,True,True,xsens_imu_data_segment_registered_gregers_gwo.csv,gregers,GWO - marche avec orthèse
1208,21.5,23.48,22.490000000000002,0.046631206442400264,True,True,xsens_imu_data_segment_registered_gregers_gwo.csv,gregers,GWO - marche avec orthèse
1209,22.0,23.98,22.990000000000002,0.06186594181151617,True,True,xsens_imu_data_segment_registered_gregers_gwo.csv,gregers,GWO - marche avec orthèse
1210,22.5,24.48,23.490000000000002,0.05639085810737976,True,True,xsens_imu_data_segment_registered_gregers_gwo.csv,gregers,GWO - marche avec orthèse
1211,23.0,24.98,23.990000000000002,0.056788816374510054,True,True,xsens_imu_data_segment_registered_gregers_gwo.csv,gregers,GWO - marche avec orthèse
1212,23.5,25.48,24.490000000000002,0.03878729258831781,True,True,xsens_imu_data_segment_registered_gregers_gwo.csv,gregers,GWO - marche avec orthèse
1213,24.0,25.98,24.990000000000002,,False,False,xsens_imu_data_segment_registered_gregers_gwo.csv,gregers,GWO - marche avec orthèse
1214,24.5,26.48,25.490000000000002,0.038787560144931454,True,True,xsens_imu_data_segment_registered_gregers_gwo.csv,gregers,GWO - marche avec orthèse
1215,25.0,26.98,25.990000000000002,0.07630590244930435,True,True,xsens_imu_data_segment_registered_gregers_gwo.csv,gregers,GWO - marche avec orthèse
1216,25.5,27.48,26.490000000000002,0.07522952634178137,True,True,xsens_imu_data_segment_registered_gregers_gwo.csv,gregers,GWO - marche avec orthèse
1217,26.0,27.98,26.990000000000002,0.06909939517158714,True,True,xsens_imu_data_segment_registered_gregers_gwo.csv,gregers,GWO - marche avec orthèse
1218,26.5,28.48,27.490000000000002,0.07522385438073009,True,True,xsens_imu_data_segment_registered_gregers_gwo.csv,gregers,GWO - marche avec orthèse
1219,27.0,28.98,27.990000000000002,0.07176893474773738,True,True,xsens_imu_data_segment_registered_gregers_gwo.csv,gregers,GWO - marche avec orthèse
1220,27.5,29.48,28.490000000000002,0.04093452407043041,True,True,xsens_imu_data_segment_registered_gregers_gwo.csv,gregers,GWO - marche avec orthèse
1221,28.0,29.98,28.990000000000002,0.044151669560615225,True,True,xsens_imu_data_segment_registered_gregers_gwo.csv,gregers,GWO - marche avec orthèse
1222,28.5,30.48,29.490000000000002,0.027357207766811276,True,True,xsens_imu_data_segment_registered_gregers_gwo.csv,gregers,GWO - marche avec orthèse
1223,29.0,30.98,29.990000000000002,0.034523630046460974,True,True,xsens_imu_data_segment_registered_gregers_gwo.csv,gregers,GWO - marche avec orthèse
1224,29.5,31.48,30.490000000000002,0.05246870281361582,True,True,xsens_imu_data_segment_registered_gregers_gwo.csv,gregers,GWO - marche avec orthèse
1225,30.0,31.98,30.990000000000002,0.03261982834538313,True,True,xsens_imu_data_segment_registered_gregers_gwo.csv,gregers,GWO - marche avec orthèse
1226,30.5,32.480000000000004,31.490000000000002,0.044217355203507225,True,True,xsens_imu_data_segment_registered_gregers_gwo.csv,gregers,GWO - marche avec orthèse
1227,31.0,32.980000000000004,31.990000000000002,0.04156882420439989,True,True,xsens_imu_data_segment_registered_gregers_gwo.csv,gregers,GWO - marche avec orthèse
1228,31.5,33.480000000000004,32.49,0.04717361333167758,True,True,xsens_imu_data_segment_registered_gregers_gwo.csv,gregers,GWO - marche avec orthèse
1229,32.0,33.980000000000004,32.99,0.030817413435690222,True,True,xsens_imu_data_segment_registered_gregers_gwo.csv,gregers,GWO - marche avec orthèse
1230,32.5,34.480000000000004,33.49,0.02683778220180022,True,True,xsens_imu_data_segment_registered_gregers_gwo.csv,gregers,GWO - marche avec orthèse
1231,33.0,34.980000000000004,33.99,0.017886318777359467,True,True,xsens_imu_data_segment_registered_gregers_gwo.csv,gregers,GWO - marche avec orthèse
1232,33.5,35.480000000000004,34.49,0.013421438529414242,True,True,xsens_imu_data_segment_registered_gregers_gwo.csv,gregers,GWO - marche avec orthèse
1233,34.0,35.980000000000004,34.99,0.028633949791243674,True,True,xsens_imu_data_segment_registered_gregers_gwo.csv,gregers,GWO - marche avec orthèse
1234,34.5,36.48,35.489999999999995,0.04115038817300909,True,True,xsens_imu_data_segment_registered_gregers_gwo.csv,gregers,GWO - marche avec orthèse
1235,35.0,36.98,35.989999999999995,0.04125277564120211,True,True,xsens_imu_data_segment_registered_gregers_gwo.csv,gregers,GWO - marche avec orthèse
1236,35.5,37.48,36.489999999999995,0.03442636850061942,True,True,xsens_imu_data_segment_registered_gregers_gwo.csv,gregers,GWO - marche avec orthèse
1237,36.0,37.98,36.989999999999995,0.05727756750298285,True,True,xsens_imu_data_segment_registered_gregers_gwo.csv,gregers,GWO - marche avec orthèse
1238,36.5,38.48,37.489999999999995,0.07575467837059169,True,True,xsens_imu_data_segment_registered_gregers_gwo.csv,gregers,GWO - marche avec orthèse
1239,37.0,38.98,37.989999999999995,0.06875777947489203,True,True,xsens_imu_data_segment_registered_gregers_gwo.csv,gregers,GWO - marche avec orthèse
1240,37.5,39.48,38.489999999999995,0.08260587467973146,True,True,xsens_imu_data_segment_registered_gregers_gwo.csv,gregers,GWO - marche avec orthèse
1241,38.0,39.98,38.989999999999995,0.08106433893359644,True,True,xsens_imu_data_segment_registered_gregers_gwo.csv,gregers,GWO - marche avec orthèse
1242,38.5,40.48,39.489999999999995,0.07765512907034577,True,True,xsens_imu_data_segment_registered_gregers_gwo.csv,gregers,GWO - marche avec orthèse
1243,39.0,40.98,39.989999999999995,0.04746063369546194,True,True,xsens_imu_data_segment_registered_gregers_gwo.csv,gregers,GWO - marche avec orthèse
1244,39.5,41.48,40.489999999999995,0.038622639119112234,True,True,xsens_imu_data_segment_registered_gregers_gwo.csv,gregers,GWO - marche avec orthèse
1245,40.0,41.98,40.989999999999995,0.03717254874166254,True,True,xsens_imu_data_segment_registered_gregers_gwo.csv,gregers,GWO - marche avec orthèse
1246,40.5,42.48,41.489999999999995,0.010828249580863702,True,True,xsens_imu_data_segment_registered_gregers_gwo.csv,gregers,GWO - marche avec orthèse
1247,41.0,42.98,41.989999999999995,0.012522987685784748,True,True,xsens_imu_data_segment_registered_gregers_gwo.csv,gregers,GWO - marche avec orthèse
1248,41.5,43.48,42.489999999999995,0.014431912274217695,True,True,xsens_imu_data_segment_registered_gregers_gwo.csv,gregers,GWO - marche avec orthèse
1249,42.0,43.98,42.989999999999995,0.012433746802167023,True,True,xsens_imu_data_segment_registered_gregers_gwo.csv,gregers,GWO - marche avec orthèse
1250,42.5,44.48,43.489999999999995,0.021414679184295182,True,True,xsens_imu_data_segment_registered_gregers_gwo.csv,gregers,GWO - marche avec orthèse
1251,43.0,44.98,43.989999999999995,0.020180520751127973,True,True,xsens_imu_data_segment_registered_gregers_gwo.csv,gregers,GWO - marche avec orthèse
1252,43.5,45.48,44.489999999999995,0.07264537677418104,True,True,xsens_imu_data_segment_registered_gregers_gwo.csv,gregers,GWO - marche avec orthèse
1253,44.0,45.98,44.989999999999995,0.07706440270201831,True,True,xsens_imu_data_segment_registered_gregers_gwo.csv,gregers,GWO - marche avec orthèse
1254,44.5,46.48,45.489999999999995,0.09627431341719572,True,True,xsens_imu_data_segment_registered_gregers_gwo.csv,gregers,GWO - marche avec orthèse
1255,45.0,46.98,45.989999999999995,0.0971469140376956,True,True,xsens_imu_data_segment_registered_gregers_gwo.csv,gregers,GWO - marche avec orthèse
1256,45.5,47.48,46.489999999999995,0.11117889874645137,True,True,xsens_imu_data_segment_registered_gregers_gwo.csv,gregers,GWO - marche avec orthèse
1257,46.0,47.98,46.989999999999995,0.11357310855551994,True,True,xsens_imu_data_segment_registered_gregers_gwo.csv,gregers,GWO - marche avec orthèse
1258,46.5,48.48,47.489999999999995,0.07961998332784537,True,True,xsens_imu_data_segment_registered_gregers_gwo.csv,gregers,GWO - marche avec orthèse
1259,47.0,48.98,47.989999999999995,0.0829992944869401,True,True,xsens_imu_data_segment_registered_gregers_gwo.csv,gregers,GWO - marche avec orthèse
1260,47.5,49.48,48.489999999999995,0.04352313380877637,True,True,xsens_imu_data_segment_registered_gregers_gwo.csv,gregers,GWO - marche avec orthèse
1261,48.0,49.98,48.989999999999995,0.04698163120131327,True,True,xsens_imu_data_segment_registered_gregers_gwo.csv,gregers,GWO - marche avec orthèse
1262,48.5,50.48,49.489999999999995,0.04179964356020294,True,True,xsens_imu_data_segment_registered_gregers_gwo.csv,gregers,GWO - marche avec orthèse
1263,49.0,50.98,49.989999999999995,0.04172879634610016,True,True,xsens_imu_data_segment_registered_gregers_gwo.csv,gregers,GWO - marche avec orthèse
1264,49.5,51.48,50.489999999999995,0.06282817957565956,True,True,xsens_imu_data_segment_registered_gregers_gwo.csv,gregers,GWO - marche avec orthèse
1265,50.0,51.98,50.989999999999995,0.06409676412322274,True,True,xsens_imu_data_segment_registered_gregers_gwo.csv,gregers,GWO - marche avec orthèse
1266,50.5,52.48,51.489999999999995,0.07914106596378623,True,True,xsens_imu_data_segment_registered_gregers_gwo.csv,gregers,GWO - marche avec orthèse
1267,51.0,52.98,51.989999999999995,0.06921139841984769,True,True,xsens_imu_data_segment_registered_gregers_gwo.csv,gregers,GWO - marche avec orthèse
1268,51.5,53.48,52.489999999999995,0.05595016064523217,True,True,xsens_imu_data_segment_registered_gregers_gwo.csv,gregers,GWO - marche avec orthèse
1269,52.0,53.98,52.989999999999995,0.03371569152637177,True,True,xsens_imu_data_segment_registered_gregers_gwo.csv,gregers,GWO - marche avec orthèse
1270,52.5,54.48,53.489999999999995,0.032275517587097236,True,True,xsens_imu_data_segment_registered_gregers_gwo.csv,gregers,GWO - marche avec orthèse
1271,53.0,54.98,53.989999999999995,0.03914752454624104,True,True,xsens_imu_data_segment_registered_gregers_gwo.csv,gregers,GWO - marche avec orthèse
1272,53.5,55.48,54.489999999999995,0.037905359657751214,True,True,xsens_imu_data_segment_registered_gregers_gwo.csv,gregers,GWO - marche avec orthèse
1273,54.0,55.98,54.989999999999995,0.051105765024237915,True,True,xsens_imu_data_segment_registered_gregers_gwo.csv,gregers,GWO - marche avec orthèse
1274,54.5,56.48,55.489999999999995,0.03621064108532812,True,True,xsens_imu_data_segment_registered_gregers_gwo.csv,gregers,GWO - marche avec orthèse
1275,55.0,56.98,55.989999999999995,0.04103355209771686,True,True,xsens_imu_data_segment_registered_gregers_gwo.csv,gregers,GWO - marche avec orthèse
1276,55.5,57.48,56.489999999999995,0.027248381849516057,True,True,xsens_imu_data_segment_registered_gregers_gwo.csv,gregers,GWO - marche avec orthèse
1277,56.0,57.98,56.989999999999995,0.03790979483414336,True,True,xsens_imu_data_segment_registered_gregers_gwo.csv,gregers,GWO - marche avec orthèse
1278,56.5,58.48,57.489999999999995,,False,False,xsens_imu_data_segment_registered_gregers_gwo.csv,gregers,GWO - marche avec orthèse
1279,57.0,58.98,57.989999999999995,0.033337357036401394,True,True,xsens_imu_data_segment_registered_gregers_gwo.csv,gregers,GWO - marche avec orthèse
1280,57.5,59.48,58.489999999999995,0.02439087496411707,True,True,xsens_imu_data_segment_registered_gregers_gwo.csv,gregers,GWO - marche avec orthèse
1281,58.0,59.98,58.989999999999995,0.02185514095904284,True,True,xsens_imu_data_segment_registered_gregers_gwo.csv,gregers,GWO - marche avec orthèse
1282,58.5,60.48,59.489999999999995,0.016844819981054804,True,True,xsens_imu_data_segment_registered_gregers_gwo.csv,gregers,GWO - marche avec orthèse
1283,59.0,60.98,59.989999999999995,0.017630888613286988,True,True,xsens_imu_data_segment_registered_gregers_gwo.csv,gregers,GWO - marche avec orthèse
1284,59.5,61.48,60.489999999999995,0.03872648709808213,True,True,xsens_imu_data_segment_registered_gregers_gwo.csv,gregers,GWO - marche avec orthèse
1285,60.0,61.98,60.989999999999995,0.033325483055037464,True,True,xsens_imu_data_segment_registered_gregers_gwo.csv,gregers,GWO - marche avec orthèse
1286,60.5,62.48,61.489999999999995,0.03745370759648314,True,True,xsens_imu_data_segment_registered_gregers_gwo.csv,gregers,GWO - marche avec orthèse
1287,61.0,62.98,61.989999999999995,0.03944740245195333,True,True,xsens_imu_data_segment_registered_gregers_gwo.csv,gregers,GWO - marche avec orthèse
1288,61.5,63.48,62.489999999999995,0.03354946880485199,True,True,xsens_imu_data_segment_registered_gregers_gwo.csv,gregers,GWO - marche avec orthèse
1289,62.0,63.98,62.989999999999995,0.03410708294654441,True,True,xsens_imu_data_segment_registered_gregers_gwo.csv,gregers,GWO - marche avec orthèse
1290,62.5,64.48,63.49,0.04221254203751723,True,True,xsens_imu_data_segment_registered_gregers_gwo.csv,gregers,GWO - marche avec orthèse
1291,63.0,64.98,63.99,0.02385920458298929,True,True,xsens_imu_data_segment_registered_gregers_gwo.csv,gregers,GWO - marche avec orthèse
1292,63.5,65.48,64.49000000000001,0.055290801131633316,True,True,xsens_imu_data_segment_registered_gregers_gwo.csv,gregers,GWO - marche avec orthèse
1293,64.0,65.98,64.99000000000001,0.04224513930629603,True,True,xsens_imu_data_segment_registered_gregers_gwo.csv,gregers,GWO - marche avec orthèse
1294,64.5,66.48,65.49000000000001,0.0526658030280861,True,True,xsens_imu_data_segment_registered_gregers_gwo.csv,gregers,GWO - marche avec orthèse
1295,65.0,66.98,65.99000000000001,0.03920297076885104,True,True,xsens_imu_data_segment_registered_gregers_gwo.csv,gregers,GWO - marche avec orthèse
1296,65.5,67.48,66.49000000000001,0.023665448950463297,True,True,xsens_imu_data_segment_registered_gregers_gwo.csv,gregers,GWO - marche avec orthèse
1297,66.0,67.98,66.99000000000001,0.02453245449293584,True,True,xsens_imu_data_segment_registered_gregers_gwo.csv,gregers,GWO - marche avec orthèse
1298,66.5,68.48,67.49000000000001,0.036795546631083975,True,True,xsens_imu_data_segment_registered_gregers_gwo.csv,gregers,GWO - marche avec orthèse
1299,67.0,68.98,67.99000000000001,0.0350624805986004,True,True,xsens_imu_data_segment_registered_gregers_gwo.csv,gregers,GWO - marche avec orthèse
1300,67.5,69.48,68.49000000000001,0.045677694077028486,True,True,xsens_imu_data_segment_registered_gregers_gwo.csv,gregers,GWO - marche avec orthèse
1301,68.0,69.98,68.99000000000001,0.052448249632808586,True,True,xsens_imu_data_segment_registered_gregers_gwo.csv,gregers,GWO - marche avec orthèse
1302,68.5,70.48,69.49000000000001,0.027140060305611557,True,True,xsens_imu_data_segment_registered_gregers_gwo.csv,gregers,GWO - marche avec orthèse
1303,69.0,70.98,69.99000000000001,0.02554034834891461,True,True,xsens_imu_data_segment_registered_gregers_gwo.csv,gregers,GWO - marche avec orthèse
1304,69.5,71.48,70.49000000000001,0.01276707519566822,True,True,xsens_imu_data_segment_registered_gregers_gwo.csv,gregers,GWO - marche avec orthèse
1305,70.0,71.98,70.99000000000001,0.01827192668218025,True,True,xsens_imu_data_segment_registered_gregers_gwo.csv,gregers,GWO - marche avec orthèse
1306,70.5,72.48,71.49000000000001,0.04518364974055755,True,True,xsens_imu_data_segment_registered_gregers_gwo.csv,gregers,GWO - marche avec orthèse
1307,71.0,72.98,71.99000000000001,0.05625087054234623,True,True,xsens_imu_data_segment_registered_gregers_gwo.csv,gregers,GWO - marche avec orthèse
1308,71.5,73.48,72.49000000000001,0.056038716396298316,True,True,xsens_imu_data_segment_registered_gregers_gwo.csv,gregers,GWO - marche avec orthèse
1309,72.0,73.98,72.99000000000001,0.062297606671021244,True,True,xsens_imu_data_segment_registered_gregers_gwo.csv,gregers,GWO - marche avec orthèse
1310,72.5,74.48,73.49000000000001,0.028909350971070946,True,True,xsens_imu_data_segment_registered_gregers_gwo.csv,gregers,GWO - marche avec orthèse
1311,73.0,74.98,73.99000000000001,0.020886793357468236,True,True,xsens_imu_data_segment_registered_gregers_gwo.csv,gregers,GWO - marche avec orthèse
1312,73.5,75.48,74.49000000000001,0.06092497943341213,True,True,xsens_imu_data_segment_registered_gregers_gwo.csv,gregers,GWO - marche avec orthèse
1313,74.0,75.98,74.99000000000001,0.07301296655219047,True,True,xsens_imu_data_segment_registered_gregers_gwo.csv,gregers,GWO - marche avec orthèse
1314,74.5,76.48,75.49000000000001,0.07735858780032623,True,True,xsens_imu_data_segment_registered_gregers_gwo.csv,gregers,GWO - marche avec orthèse
1315,75.0,76.98,75.99000000000001,0.05429735052468243,True,True,xsens_imu_data_segment_registered_gregers_gwo.csv,gregers,GWO - marche avec orthèse
1316,75.5,77.48,76.49000000000001,0.02852806652990869,True,True,xsens_imu_data_segment_registered_gregers_gwo.csv,gregers,GWO - marche avec orthèse
1317,76.0,77.98,76.99000000000001,0.04673854090121621,True,True,xsens_imu_data_segment_registered_gregers_gwo.csv,gregers,GWO - marche avec orthèse
1318,76.5,78.48,77.49000000000001,0.0628189722887652,True,True,xsens_imu_data_segment_registered_gregers_gwo.csv,gregers,GWO - marche avec orthèse
1319,77.0,78.98,77.99000000000001,0.08034872723632103,True,True,xsens_imu_data_segment_registered_gregers_gwo.csv,gregers,GWO - marche avec orthèse
1320,77.5,79.48,78.49000000000001,0.059212707179151614,True,True,xsens_imu_data_segment_registered_gregers_gwo.csv,gregers,GWO - marche avec orthèse
1321,78.0,79.98,78.99000000000001,0.05058043545182578,True,True,xsens_imu_data_segment_registered_gregers_gwo.csv,gregers,GWO - marche avec orthèse
1322,78.5,80.48,79.49000000000001,0.05500845337368476,True,True,xsens_imu_data_segment_registered_gregers_gwo.csv,gregers,GWO - marche avec orthèse
1323,79.0,80.98,79.99000000000001,0.05457079132121023,True,True,xsens_imu_data_segment_registered_gregers_gwo.csv,gregers,GWO - marche avec orthèse
1324,79.5,81.48,80.49000000000001,0.05975368092581079,True,True,xsens_imu_data_segment_registered_gregers_gwo.csv,gregers,GWO - marche avec orthèse
1325,80.0,81.98,80.99000000000001,0.05801481104944606,True,True,xsens_imu_data_segment_registered_gregers_gwo.csv,gregers,GWO - marche avec orthèse
1326,80.5,82.48,81.49000000000001,0.07062267721832027,True,True,xsens_imu_data_segment_registered_gregers_gwo.csv,gregers,GWO - marche avec orthèse
1327,81.0,82.98,81.99000000000001,0.06913760723012286,True,True,xsens_imu_data_segment_registered_gregers_gwo.csv,gregers,GWO - marche avec orthèse
1328,81.5,83.48,82.49000000000001,0.0744167544244364,True,True,xsens_imu_data_segment_registered_gregers_gwo.csv,gregers,GWO - marche avec orthèse
1329,82.0,83.98,82.99000000000001,0.08068441368962842,True,True,xsens_imu_data_segment_registered_gregers_gwo.csv,gregers,GWO - marche avec orthèse
1330,82.5,84.48,83.49000000000001,0.06529687169956055,True,True,xsens_imu_data_segment_registered_gregers_gwo.csv,gregers,GWO - marche avec orthèse
1331,83.0,84.98,83.99000000000001,0.05663553659322795,True,True,xsens_imu_data_segment_registered_gregers_gwo.csv,gregers,GWO - marche avec orthèse
1332,83.5,85.48,84.49000000000001,0.04474155004890479,True,True,xsens_imu_data_segment_registered_gregers_gwo.csv,gregers,GWO - marche avec orthèse
1333,84.0,85.98,84.99000000000001,0.038437863126906,True,True,xsens_imu_data_segment_registered_gregers_gwo.csv,gregers,GWO - marche avec orthèse
1334,84.5,86.48,85.49000000000001,0.053007848484019404,True,True,xsens_imu_data_segment_registered_gregers_gwo.csv,gregers,GWO - marche avec orthèse
1335,85.0,86.98,85.99000000000001,0.04541484074009394,True,True,xsens_imu_data_segment_registered_gregers_gwo.csv,gregers,GWO - marche avec orthèse
1336,85.5,87.48,86.49000000000001,0.05766120583745826,True,True,xsens_imu_data_segment_registered_gregers_gwo.csv,gregers,GWO - marche avec orthèse
1337,86.0,87.98,86.99000000000001,0.0685165321633181,True,True,xsens_imu_data_segment_registered_gregers_gwo.csv,gregers,GWO - marche avec orthèse
1338,86.5,88.48,87.49000000000001,0.06513668690214214,True,True,xsens_imu_data_segment_registered_gregers_gwo.csv,gregers,GWO - marche avec orthèse
1339,87.0,88.98,87.99000000000001,0.06479112072880233,True,True,xsens_imu_data_segment_registered_gregers_gwo.csv,gregers,GWO - marche avec orthèse
1340,87.5,89.48,88.49000000000001,0.053318027255162215,True,True,xsens_imu_data_segment_registered_gregers_gwo.csv,gregers,GWO - marche avec orthèse
1341,88.0,89.98,88.99000000000001,0.049649089209821695,True,True,xsens_imu_data_segment_registered_gregers_gwo.csv,gregers,GWO - marche avec orthèse
1342,88.5,90.48,89.49000000000001,0.059240921939620494,True,True,xsens_imu_data_segment_registered_gregers_gwo.csv,gregers,GWO - marche avec orthèse
1343,89.0,90.98,89.99000000000001,0.06299792520610936,True,True,xsens_imu_data_segment_registered_gregers_gwo.csv,gregers,GWO - marche avec orthèse
1344,89.5,91.48,90.49000000000001,0.04817939089886214,True,True,xsens_imu_data_segment_registered_gregers_gwo.csv,gregers,GWO - marche avec orthèse
1345,90.0,91.98,90.99000000000001,0.04298439294180745,True,True,xsens_imu_data_segment_registered_gregers_gwo.csv,gregers,GWO - marche avec orthèse
1346,90.5,92.48,91.49000000000001,0.07214203813773346,True,True,xsens_imu_data_segment_registered_gregers_gwo.csv,gregers,GWO - marche avec orthèse
1347,91.0,92.98,91.99000000000001,0.061355524656987015,True,True,xsens_imu_data_segment_registered_gregers_gwo.csv,gregers,GWO - marche avec orthèse
1348,91.5,93.48,92.49000000000001,0.05940655489617508,True,True,xsens_imu_data_segment_registered_gregers_gwo.csv,gregers,GWO - marche avec orthèse
1349,92.0,93.98,92.99000000000001,0.060426388540574805,True,True,xsens_imu_data_segment_registered_gregers_gwo.csv,gregers,GWO - marche avec orthèse
1350,92.5,94.48,93.49000000000001,0.04919949533049195,True,True,xsens_imu_data_segment_registered_gregers_gwo.csv,gregers,GWO - marche avec orthèse
1351,93.0,94.98,93.99000000000001,0.04714994100330128,True,True,xsens_imu_data_segment_registered_gregers_gwo.csv,gregers,GWO - marche avec orthèse
1352,93.5,95.48,94.49000000000001,0.058526486602363814,True,True,xsens_imu_data_segment_registered_gregers_gwo.csv,gregers,GWO - marche avec orthèse
1353,94.0,95.98,94.99000000000001,0.061188688132320146,True,True,xsens_imu_data_segment_registered_gregers_gwo.csv,gregers,GWO - marche avec orthèse
1354,94.5,96.48,95.49000000000001,0.04922045158946775,True,True,xsens_imu_data_segment_registered_gregers_gwo.csv,gregers,GWO - marche avec orthèse
1355,95.0,96.98,95.99000000000001,0.07691835839452144,True,True,xsens_imu_data_segment_registered_gregers_gwo.csv,gregers,GWO - marche avec orthèse
1356,95.5,97.48,96.49000000000001,0.05871455817407245,True,True,xsens_imu_data_segment_registered_gregers_gwo.csv,gregers,GWO - marche avec orthèse
1357,96.0,97.98,96.99000000000001,0.06944819723515572,True,True,xsens_imu_data_segment_registered_gregers_gwo.csv,gregers,GWO - marche avec orthèse
1358,96.5,98.48,97.49000000000001,0.06328005192187891,True,True,xsens_imu_data_segment_registered_gregers_gwo.csv,gregers,GWO - marche avec orthèse
1359,97.0,98.98,97.99000000000001,0.07119826839232457,True,True,xsens_imu_data_segment_registered_gregers_gwo.csv,gregers,GWO - marche avec orthèse
1360,97.5,99.48,98.49000000000001,0.05346195071472526,True,True,xsens_imu_data_segment_registered_gregers_gwo.csv,gregers,GWO - marche avec orthèse
1361,98.0,99.98,98.99000000000001,0.05366367268063932,True,True,xsens_imu_data_segment_registered_gregers_gwo.csv,gregers,GWO - marche avec orthèse
1362,98.5,100.48,99.49000000000001,0.02931546912111327,True,True,xsens_imu_data_segment_registered_gregers_gwo.csv,gregers,GWO - marche avec orthèse
1363,99.0,100.98,99.99000000000001,0.03827454039346312,True,True,xsens_imu_data_segment_registered_gregers_gwo.csv,gregers,GWO - marche avec orthèse
1364,99.5,101.48,100.49000000000001,0.040886813410118905,True,True,xsens_imu_data_segment_registered_gregers_gwo.csv,gregers,GWO - marche avec orthèse
1365,100.0,101.98,100.99000000000001,0.04851225710618867,True,True,xsens_imu_data_segment_registered_gregers_gwo.csv,gregers,GWO - marche avec orthèse
1366,100.5,102.48,101.49000000000001,0.046655364291418366,True,True,xsens_imu_data_segment_registered_gregers_gwo.csv,gregers,GWO - marche avec orthèse
1367,101.0,102.98,101.99000000000001,0.05414405695904734,True,True,xsens_imu_data_segment_registered_gregers_gwo.csv,gregers,GWO - marche avec orthèse
1368,101.5,103.48,102.49000000000001,0.04266103728114845,True,True,xsens_imu_data_segment_registered_gregers_gwo.csv,gregers,GWO - marche avec orthèse
1369,102.0,103.98,102.99000000000001,0.048143652914678814,True,True,xsens_imu_data_segment_registered_gregers_gwo.csv,gregers,GWO - marche avec orthèse
1370,102.5,104.48,103.49000000000001,0.05241719792791433,True,True,xsens_imu_data_segment_registered_gregers_gwo.csv,gregers,GWO - marche avec orthèse
1371,103.0,104.98,103.99000000000001,0.04835208188474516,True,True,xsens_imu_data_segment_registered_gregers_gwo.csv,gregers,GWO - marche avec orthèse
1372,103.5,105.48,104.49000000000001,0.042154269003091493,True,True,xsens_imu_data_segment_registered_gregers_gwo.csv,gregers,GWO - marche avec orthèse
1373,104.0,105.98,104.99000000000001,0.044556328171177495,True,True,xsens_imu_data_segment_registered_gregers_gwo.csv,gregers,GWO - marche avec orthèse
1374,104.5,106.48,105.49000000000001,0.053343123832101824,True,True,xsens_imu_data_segment_registered_gregers_gwo.csv,gregers,GWO - marche avec orthèse
1375,105.0,106.98,105.99000000000001,0.054517538035356305,True,True,xsens_imu_data_segment_registered_gregers_gwo.csv,gregers,GWO - marche avec orthèse
1376,105.5,107.48,106.49000000000001,0.056667448581078195,True,True,xsens_imu_data_segment_registered_gregers_gwo.csv,gregers,GWO - marche avec orthèse
1377,106.0,107.98,106.99000000000001,0.06063406936584459,True,True,xsens_imu_data_segment_registered_gregers_gwo.csv,gregers,GWO - marche avec orthèse
1378,106.5,108.48,107.49000000000001,0.05389949303962349,True,True,xsens_imu_data_segment_registered_gregers_gwo.csv,gregers,GWO - marche avec orthèse
1379,107.0,108.98,107.99000000000001,0.05590276243948811,True,True,xsens_imu_data_segment_registered_gregers_gwo.csv,gregers,GWO - marche avec orthèse
1380,107.5,109.48,108.49000000000001,0.06625768777083174,True,True,xsens_imu_data_segment_registered_gregers_gwo.csv,gregers,GWO - marche avec orthèse
1381,108.0,109.98,108.99000000000001,0.08274337920184904,True,True,xsens_imu_data_segment_registered_gregers_gwo.csv,gregers,GWO - marche avec orthèse
1382,108.5,110.48,109.49000000000001,0.08046920174779193,True,True,xsens_imu_data_segment_registered_gregers_gwo.csv,gregers,GWO - marche avec orthèse
1383,109.0,110.98,109.99000000000001,0.0739478690767752,True,True,xsens_imu_data_segment_registered_gregers_gwo.csv,gregers,GWO - marche avec orthèse
1384,109.5,111.48,110.49000000000001,0.060972545324677885,True,True,xsens_imu_data_segment_registered_gregers_gwo.csv,gregers,GWO - marche avec orthèse
1385,110.0,111.98,110.99000000000001,0.043176486847464446,True,True,xsens_imu_data_segment_registered_gregers_gwo.csv,gregers,GWO - marche avec orthèse
1386,110.5,112.48,111.49000000000001,0.05271755863672056,True,True,xsens_imu_data_segment_registered_gregers_gwo.csv,gregers,GWO - marche avec orthèse
1387,111.0,112.98,111.99000000000001,0.05137068092787678,True,True,xsens_imu_data_segment_registered_gregers_gwo.csv,gregers,GWO - marche avec orthèse
1388,111.5,113.48,112.49000000000001,0.043334417142384396,True,True,xsens_imu_data_segment_registered_gregers_gwo.csv,gregers,GWO - marche avec orthèse
1389,112.0,113.98,112.99000000000001,0.034735511266803853,True,True,xsens_imu_data_segment_registered_gregers_gwo.csv,gregers,GWO - marche avec orthèse
1390,112.5,114.48,113.49000000000001,0.03373792231358319,True,True,xsens_imu_data_segment_registered_gregers_gwo.csv,gregers,GWO - marche avec orthèse
1391,113.0,114.98,113.99000000000001,0.04622560319339275,True,True,xsens_imu_data_segment_registered_gregers_gwo.csv,gregers,GWO - marche avec orthèse
1392,113.5,115.48,114.49000000000001,0.049952030887060905,True,True,xsens_imu_data_segment_registered_gregers_gwo.csv,gregers,GWO - marche avec orthèse
1393,114.0,115.98,114.99000000000001,0.05501114981546851,True,True,xsens_imu_data_segment_registered_gregers_gwo.csv,gregers,GWO - marche avec orthèse
1394,114.5,116.48,115.49000000000001,0.05196914279410536,True,True,xsens_imu_data_segment_registered_gregers_gwo.csv,gregers,GWO - marche avec orthèse
1395,115.0,116.98,115.99000000000001,0.03189537816960175,True,True,xsens_imu_data_segment_registered_gregers_gwo.csv,gregers,GWO - marche avec orthèse
1396,115.5,117.48,116.49000000000001,0.03597949225487218,True,True,xsens_imu_data_segment_registered_gregers_gwo.csv,gregers,GWO - marche avec orthèse
1397,116.0,117.98,116.99000000000001,0.052829431940748184,True,True,xsens_imu_data_segment_registered_gregers_gwo.csv,gregers,GWO - marche avec orthèse
1398,116.5,118.48,117.49000000000001,0.047627534071253974,True,True,xsens_imu_data_segment_registered_gregers_gwo.csv,gregers,GWO - marche avec orthèse
1399,117.0,118.98,117.99000000000001,0.06967346682806175,True,True,xsens_imu_data_segment_registered_gregers_gwo.csv,gregers,GWO - marche avec orthèse
1400,117.5,119.48,118.49000000000001,0.06676265860272013,True,True,xsens_imu_data_segment_registered_gregers_gwo.csv,gregers,GWO - marche avec orthèse
1401,118.0,119.98,118.99000000000001,0.07098805422710108,True,True,xsens_imu_data_segment_registered_gregers_gwo.csv,gregers,GWO - marche avec orthèse
1402,118.5,120.48,119.49000000000001,0.0703734160759748,True,True,xsens_imu_data_segment_registered_gregers_gwo.csv,gregers,GWO - marche avec orthèse
1403,119.0,120.98,119.99000000000001,0.07908605626082554,True,True,xsens_imu_data_segment_registered_gregers_gwo.csv,gregers,GWO - marche avec orthèse
1404,119.5,121.48,120.49000000000001,0.06324423100408516,True,True,xsens_imu_data_segment_registered_gregers_gwo.csv,gregers,GWO - marche avec orthèse
1405,120.0,121.98,120.99000000000001,0.07378996324751164,True,True,xsens_imu_data_segment_registered_gregers_gwo.csv,gregers,GWO - marche avec orthèse
1406,120.5,122.48,121.49000000000001,0.07757183553076619,True,True,xsens_imu_data_segment_registered_gregers_gwo.csv,gregers,GWO - marche avec orthèse
1407,121.0,122.98,121.99000000000001,0.08076625466367215,True,True,xsens_imu_data_segment_registered_gregers_gwo.csv,gregers,GWO - marche avec orthèse
1408,121.5,123.48,122.49000000000001,0.06679970678903224,True,True,xsens_imu_data_segment_registered_gregers_gwo.csv,gregers,GWO - marche avec orthèse
1409,122.0,123.98,122.99000000000001,0.04938393092911564,True,True,xsens_imu_data_segment_registered_gregers_gwo.csv,gregers,GWO - marche avec orthèse
1410,122.5,124.48,123.49000000000001,0.037422392118888204,True,True,xsens_imu_data_segment_registered_gregers_gwo.csv,gregers,GWO - marche avec orthèse
1411,123.0,124.98,123.99000000000001,0.05714154364412016,True,True,xsens_imu_data_segment_registered_gregers_gwo.csv,gregers,GWO - marche avec orthèse
1412,123.5,125.48,124.49000000000001,0.05963033870735723,True,True,xsens_imu_data_segment_registered_gregers_gwo.csv,gregers,GWO - marche avec orthèse
1413,124.0,125.98,124.99000000000001,0.08501423396401342,True,True,xsens_imu_data_segment_registered_gregers_gwo.csv,gregers,GWO - marche avec orthèse
1414,124.5,126.48,125.49000000000001,0.08378917882768455,True,True,xsens_imu_data_segment_registered_gregers_gwo.csv,gregers,GWO - marche avec orthèse
1415,125.0,126.98,125.99000000000001,0.07134439832255024,True,True,xsens_imu_data_segment_registered_gregers_gwo.csv,gregers,GWO - marche avec orthèse
1416,125.5,127.48,126.49000000000001,0.0683483799034531,True,True,xsens_imu_data_segment_registered_gregers_gwo.csv,gregers,GWO - marche avec orthèse
1417,126.0,127.98,126.99000000000001,0.0761030000014904,True,True,xsens_imu_data_segment_registered_gregers_gwo.csv,gregers,GWO - marche avec orthèse
1418,126.5,128.48,127.49,0.07377501675813669,True,True,xsens_imu_data_segment_registered_gregers_gwo.csv,gregers,GWO - marche avec orthèse
1419,127.0,128.98,127.99,0.02541366275668977,True,True,xsens_imu_data_segment_registered_gregers_gwo.csv,gregers,GWO - marche avec orthèse
1420,127.5,129.48,128.49,0.02100158561339749,True,True,xsens_imu_data_segment_registered_gregers_gwo.csv,gregers,GWO - marche avec orthèse
1421,128.0,129.98,128.99,0.01938231789746858,True,True,xsens_imu_data_segment_registered_gregers_gwo.csv,gregers,GWO - marche avec orthèse
1422,128.5,130.48,129.49,0.02318140355002729,True,True,xsens_imu_data_segment_registered_gregers_gwo.csv,gregers,GWO - marche avec orthèse
1423,129.0,130.98,129.99,0.051092111003881446,True,True,xsens_imu_data_segment_registered_gregers_gwo.csv,gregers,GWO - marche avec orthèse
1424,129.5,131.48,130.49,0.04845630726318795,True,True,xsens_imu_data_segment_registered_gregers_gwo.csv,gregers,GWO - marche avec orthèse
1425,130.0,131.98,130.99,0.050520496061501885,True,True,xsens_imu_data_segment_registered_gregers_gwo.csv,gregers,GWO - marche avec orthèse
1426,130.5,132.48,131.49,0.06514092265172511,True,True,xsens_imu_data_segment_registered_gregers_gwo.csv,gregers,GWO - marche avec orthèse
1427,131.0,132.98,131.99,0.04441891731371794,True,True,xsens_imu_data_segment_registered_gregers_gwo.csv,gregers,GWO - marche avec orthèse
1428,131.5,133.48,132.49,0.038396295066818964,True,True,xsens_imu_data_segment_registered_gregers_gwo.csv,gregers,GWO - marche avec orthèse
1429,132.0,133.98,132.99,0.0562458524706666,True,True,xsens_imu_data_segment_registered_gregers_gwo.csv,gregers,GWO - marche avec orthèse
1430,132.5,134.48,133.49,0.07115966579431288,True,True,xsens_imu_data_segment_registered_gregers_gwo.csv,gregers,GWO - marche avec orthèse
1431,133.0,134.98,133.99,0.060929523636042315,True,True,xsens_imu_data_segment_registered_gregers_gwo.csv,gregers,GWO - marche avec orthèse
1432,133.5,135.48,134.49,0.035833931566046084,True,True,xsens_imu_data_segment_registered_gregers_gwo.csv,gregers,GWO - marche avec orthèse
1433,134.0,135.98,134.99,0.029350319506754596,True,True,xsens_imu_data_segment_registered_gregers_gwo.csv,gregers,GWO - marche avec orthèse
1434,134.5,136.48,135.49,0.026648272061126632,True,True,xsens_imu_data_segment_registered_gregers_gwo.csv,gregers,GWO - marche avec orthèse
1435,135.0,136.98,135.99,0.02871825009665485,True,True,xsens_imu_data_segment_registered_gregers_gwo.csv,gregers,GWO - marche avec orthèse
1436,135.5,137.48,136.49,0.051323492842957785,True,True,xsens_imu_data_segment_registered_gregers_gwo.csv,gregers,GWO - marche avec orthèse
1437,136.0,137.98,136.99,0.046367952920919,True,True,xsens_imu_data_segment_registered_gregers_gwo.csv,gregers,GWO - marche avec orthèse
1438,136.5,138.48,137.49,0.0558362830461524,True,True,xsens_imu_data_segment_registered_gregers_gwo.csv,gregers,GWO - marche avec orthèse
1439,137.0,138.98,137.99,0.058454729441862585,True,True,xsens_imu_data_segment_registered_gregers_gwo.csv,gregers,GWO - marche avec orthèse
1440,137.5,139.48,138.49,0.036679641389326445,True,True,xsens_imu_data_segment_registered_gregers_gwo.csv,gregers,GWO - marche avec orthèse
1441,138.0,139.98,138.99,0.03572743466990547,True,True,xsens_imu_data_segment_registered_gregers_gwo.csv,gregers,GWO - marche avec orthèse
1442,138.5,140.48,139.49,0.029326278639111525,True,True,xsens_imu_data_segment_registered_gregers_gwo.csv,gregers,GWO - marche avec orthèse
1443,139.0,140.98,139.99,0.033624399545016614,True,True,xsens_imu_data_segment_registered_gregers_gwo.csv,gregers,GWO - marche avec orthèse
1444,139.5,141.48,140.49,0.05903268666484396,True,True,xsens_imu_data_segment_registered_gregers_gwo.csv,gregers,GWO - marche avec orthèse
1445,140.0,141.98,140.99,0.05552120077175726,True,True,xsens_imu_data_segment_registered_gregers_gwo.csv,gregers,GWO - marche avec orthèse
1446,140.5,142.48,141.49,0.046421408970012124,True,True,xsens_imu_data_segment_registered_gregers_gwo.csv,gregers,GWO - marche avec orthèse
1447,141.0,142.98,141.99,0.056080548677798214,True,True,xsens_imu_data_segment_registered_gregers_gwo.csv,gregers,GWO - marche avec orthèse
1448,141.5,143.48,142.49,0.053304867987027604,True,True,xsens_imu_data_segment_registered_gregers_gwo.csv,gregers,GWO - marche avec orthèse
1449,142.0,143.98,142.99,0.0532823865641594,True,True,xsens_imu_data_segment_registered_gregers_gwo.csv,gregers,GWO - marche avec orthèse
1450,142.5,144.48,143.49,0.048268668189712205,True,True,xsens_imu_data_segment_registered_gregers_gwo.csv,gregers,GWO - marche avec orthèse
1451,143.0,144.98,143.99,0.05560412090478717,True,True,xsens_imu_data_segment_registered_gregers_gwo.csv,gregers,GWO - marche avec orthèse
1452,143.5,145.48,144.49,0.05793381088504568,True,True,xsens_imu_data_segment_registered_gregers_gwo.csv,gregers,GWO - marche avec orthèse
1453,144.0,145.98,144.99,0.058538023800720373,True,True,xsens_imu_data_segment_registered_gregers_gwo.csv,gregers,GWO - marche avec orthèse
1454,144.5,146.48,145.49,0.05607207436087325,True,True,xsens_imu_data_segment_registered_gregers_gwo.csv,gregers,GWO - marche avec orthèse
1455,145.0,146.98,145.99,0.053441612534333105,True,True,xsens_imu_data_segment_registered_gregers_gwo.csv,gregers,GWO - marche avec orthèse
1456,145.5,147.48,146.49,0.0402651485078237,True,True,xsens_imu_data_segment_registered_gregers_gwo.csv,gregers,GWO - marche avec orthèse
1457,146.0,147.98,146.99,0.04471892098277119,True,True,xsens_imu_data_segment_registered_gregers_gwo.csv,gregers,GWO - marche avec orthèse
1458,146.5,148.48,147.49,0.03634257886188075,True,True,xsens_imu_data_segment_registered_gregers_gwo.csv,gregers,GWO - marche avec orthèse
1459,147.0,148.98,147.99,0.04515245277967994,True,True,xsens_imu_data_segment_registered_gregers_gwo.csv,gregers,GWO - marche avec orthèse
1460,147.5,149.48,148.49,0.04150513669992306,True,True,xsens_imu_data_segment_registered_gregers_gwo.csv,gregers,GWO - marche avec orthèse
1461,148.0,149.98,148.99,0.037088970367351703,True,True,xsens_imu_data_segment_registered_gregers_gwo.csv,gregers,GWO - marche avec orthèse
1462,148.5,150.48,149.49,0.04679347053305105,True,True,xsens_imu_data_segment_registered_gregers_gwo.csv,gregers,GWO - marche avec orthèse
1463,149.0,150.98,149.99,0.052785716133601945,True,True,xsens_imu_data_segment_registered_gregers_gwo.csv,gregers,GWO - marche avec orthèse
1464,149.5,151.48,150.49,0.04920370535775731,True,True,xsens_imu_data_segment_registered_gregers_gwo.csv,gregers,GWO - marche avec orthèse
1465,150.0,151.98,150.99,0.045690703542415,True,True,xsens_imu_data_segment_registered_gregers_gwo.csv,gregers,GWO - marche avec orthèse
1466,150.5,152.48,151.49,0.04228152069470403,True,True,xsens_imu_data_segment_registered_gregers_gwo.csv,gregers,GWO - marche avec orthèse
1467,151.0,152.98,151.99,0.04046452730523131,True,True,xsens_imu_data_segment_registered_gregers_gwo.csv,gregers,GWO - marche avec orthèse
1468,151.5,153.48,152.49,0.03368506061041088,True,True,xsens_imu_data_segment_registered_gregers_gwo.csv,gregers,GWO - marche avec orthèse
1469,152.0,153.98,152.99,0.03819521376734225,True,True,xsens_imu_data_segment_registered_gregers_gwo.csv,gregers,GWO - marche avec orthèse
1470,152.5,154.48,153.49,0.048885369902826215,True,True,xsens_imu_data_segment_registered_gregers_gwo.csv,gregers,GWO - marche avec orthèse
1471,153.0,154.98,153.99,0.05013666761821567,True,True,xsens_imu_data_segment_registered_gregers_gwo.csv,gregers,GWO - marche avec orthèse
1472,153.5,155.48,154.49,0.04869309280268175,True,True,xsens_imu_data_segment_registered_gregers_gwo.csv,gregers,GWO - marche avec orthèse
1473,154.0,155.98,154.99,0.048699291735779804,True,True,xsens_imu_data_segment_registered_gregers_gwo.csv,gregers,GWO - marche avec orthèse
1474,154.5,156.48,155.49,0.04754074668195052,True,True,xsens_imu_data_segment_registered_gregers_gwo.csv,gregers,GWO - marche avec orthèse
1475,155.0,156.98,155.99,0.041342140286039886,True,True,xsens_imu_data_segment_registered_gregers_gwo.csv,gregers,GWO - marche avec orthèse
1476,155.5,157.48,156.49,0.0475750274383856,True,True,xsens_imu_data_segment_registered_gregers_gwo.csv,gregers,GWO - marche avec orthèse
1477,156.0,157.98,156.99,0.0388492777199152,True,True,xsens_imu_data_segment_registered_gregers_gwo.csv,gregers,GWO - marche avec orthèse
1478,156.5,158.48,157.49,0.036204168273858195,True,True,xsens_imu_data_segment_registered_gregers_gwo.csv,gregers,GWO - marche avec orthèse
1479,157.0,158.98,157.99,0.043513726561649535,True,True,xsens_imu_data_segment_registered_gregers_gwo.csv,gregers,GWO - marche avec orthèse
1480,157.5,159.48,158.49,0.053271787716624885,True,True,xsens_imu_data_segment_registered_gregers_gwo.csv,gregers,GWO - marche avec orthèse
1481,158.0,159.98,158.99,0.04865260008592287,True,True,xsens_imu_data_segment_registered_gregers_gwo.csv,gregers,GWO - marche avec orthèse
1482,158.5,160.48,159.49,0.05470028169947094,True,True,xsens_imu_data_segment_registered_gregers_gwo.csv,gregers,GWO - marche avec orthèse
1483,159.0,160.98,159.99,0.051277690469618276,True,True,xsens_imu_data_segment_registered_gregers_gwo.csv,gregers,GWO - marche avec orthèse
1484,159.5,161.48,160.49,0.05439713947134228,True,True,xsens_imu_data_segment_registered_gregers_gwo.csv,gregers,GWO - marche avec orthèse
1485,160.0,161.98,160.99,0.044740953510191916,True,True,xsens_imu_data_segment_registered_gregers_gwo.csv,gregers,GWO - marche avec orthèse
1486,160.5,162.48,161.49,0.054624714893141246,True,True,xsens_imu_data_segment_registered_gregers_gwo.csv,gregers,GWO - marche avec orthèse
1487,161.0,162.98,161.99,0.044979846826291636,True,True,xsens_imu_data_segment_registered_gregers_gwo.csv,gregers,GWO - marche avec orthèse
1488,161.5,163.48,162.49,0.037032048173739396,True,True,xsens_imu_data_segment_registered_gregers_gwo.csv,gregers,GWO - marche avec orthèse
1489,162.0,163.98,162.99,0.016838945341794864,True,True,xsens_imu_data_segment_registered_gregers_gwo.csv,gregers,GWO - marche avec orthèse
1490,162.5,164.48,163.49,-0.00026804095021770724,True,False,xsens_imu_data_segment_registered_gregers_gwo.csv,gregers,GWO - marche avec orthèse
1491,163.0,164.98,163.99,-0.0043971472179573645,True,False,xsens_imu_data_segment_registered_gregers_gwo.csv,gregers,GWO - marche avec orthèse
1492,163.5,165.48,164.49,0.005657605863642501,True,True,xsens_imu_data_segment_registered_gregers_gwo.csv,gregers,GWO - marche avec orthèse
1493,164.0,165.98,164.99,0.0184881687732521,True,True,xsens_imu_data_segment_registered_gregers_gwo.csv,gregers,GWO - marche avec orthèse
1494,164.5,166.48,165.49,0.04124912986786311,True,True,xsens_imu_data_segment_registered_gregers_gwo.csv,gregers,GWO - marche avec orthèse
1495,165.0,166.98,165.99,0.03593124619095933,True,True,xsens_imu_data_segment_registered_gregers_gwo.csv,gregers,GWO - marche avec orthèse
1496,165.5,167.48,166.49,0.029783071148354434,True,True,xsens_imu_data_segment_registered_gregers_gwo.csv,gregers,GWO - marche avec orthèse
1497,166.0,167.98,166.99,0.044957345808133486,True,True,xsens_imu_data_segment_registered_gregers_gwo.csv,gregers,GWO - marche avec orthèse
1498,166.5,168.48,167.49,0.04945438860828444,True,True,xsens_imu_data_segment_registered_gregers_gwo.csv,gregers,GWO - marche avec orthèse
1499,167.0,168.98,167.99,0.05028425129259517,True,True,xsens_imu_data_segment_registered_gregers_gwo.csv,gregers,GWO - marche avec orthèse
1500,167.5,169.48,168.49,0.06330640961775591,True,True,xsens_imu_data_segment_registered_gregers_gwo.csv,gregers,GWO - marche avec orthèse
1501,168.0,169.98,168.99,0.08654114625293197,True,True,xsens_imu_data_segment_registered_gregers_gwo.csv,gregers,GWO - marche avec orthèse
1502,168.5,170.48,169.49,0.0758327934395101,True,True,xsens_imu_data_segment_registered_gregers_gwo.csv,gregers,GWO - marche avec orthèse
1503,169.0,170.98,169.99,0.09186690976157619,True,True,xsens_imu_data_segment_registered_gregers_gwo.csv,gregers,GWO - marche avec orthèse
1504,169.5,171.48,170.49,0.08557969144837207,True,True,xsens_imu_data_segment_registered_gregers_gwo.csv,gregers,GWO - marche avec orthèse
1505,170.0,171.98,170.99,0.06691923962352664,True,True,xsens_imu_data_segment_registered_gregers_gwo.csv,gregers,GWO - marche avec orthèse
1506,170.5,172.48,171.49,0.06595162645158459,True,True,xsens_imu_data_segment_registered_gregers_gwo.csv,gregers,GWO - marche avec orthèse
1507,171.0,172.98,171.99,0.0651688386306778,True,True,xsens_imu_data_segment_registered_gregers_gwo.csv,gregers,GWO - marche avec orthèse
1508,171.5,173.48,172.49,0.06379775550112654,True,True,xsens_imu_data_segment_registered_gregers_gwo.csv,gregers,GWO - marche avec orthèse
1509,172.0,173.98,172.99,0.07286548951169214,True,True,xsens_imu_data_segment_registered_gregers_gwo.csv,gregers,GWO - marche avec orthèse
1510,172.5,174.48,173.49,0.07723170091699039,True,True,xsens_imu_data_segment_registered_gregers_gwo.csv,gregers,GWO - marche avec orthèse
1511,173.0,174.98,173.99,0.08234612641715655,True,True,xsens_imu_data_segment_registered_gregers_gwo.csv,gregers,GWO - marche avec orthèse
1512,173.5,175.48,174.49,0.09773430925507609,True,True,xsens_imu_data_segment_registered_gregers_gwo.csv,gregers,GWO - marche avec orthèse
1513,174.0,175.98,174.99,0.08612760999357505,True,True,xsens_imu_data_segment_registered_gregers_gwo.csv,gregers,GWO - marche avec orthèse
1514,174.5,176.48,175.49,0.061655434179623936,True,True,xsens_imu_data_segment_registered_gregers_gwo.csv,gregers,GWO - marche avec orthèse
1515,175.0,176.98,175.99,0.0807291391728312,True,True,xsens_imu_data_segment_registered_gregers_gwo.csv,gregers,GWO - marche avec orthèse
1516,175.5,177.48,176.49,0.08031210119665277,True,True,xsens_imu_data_segment_registered_gregers_gwo.csv,gregers,GWO - marche avec orthèse
1517,176.0,177.98,176.99,0.09701087185006774,True,True,xsens_imu_data_segment_registered_gregers_gwo.csv,gregers,GWO - marche avec orthèse
1518,176.5,178.48,177.49,0.09506640726567539,True,True,xsens_imu_data_segment_registered_gregers_gwo.csv,gregers,GWO - marche avec orthèse
1519,177.0,178.98,177.99,0.07750388565146182,True,True,xsens_imu_data_segment_registered_gregers_gwo.csv,gregers,GWO - marche avec orthèse
1520,177.5,179.48,178.49,0.068175475034007,True,True,xsens_imu_data_segment_registered_gregers_gwo.csv,gregers,GWO - marche avec orthèse
1521,178.0,179.98,178.99,0.07599474632297853,True,True,xsens_imu_data_segment_registered_gregers_gwo.csv,gregers,GWO - marche avec orthèse
1522,178.5,180.48,179.49,0.07113185420900825,True,True,xsens_imu_data_segment_registered_gregers_gwo.csv,gregers,GWO - marche avec orthèse
1523,179.0,180.98,179.99,0.06713423904737825,True,True,xsens_imu_data_segment_registered_gregers_gwo.csv,gregers,GWO - marche avec orthèse
1524,179.5,181.48,180.49,0.06572402483430018,True,True,xsens_imu_data_segment_registered_gregers_gwo.csv,gregers,GWO - marche avec orthèse
1525,180.0,181.98,180.99,0.06683345567102272,True,True,xsens_imu_data_segment_registered_gregers_gwo.csv,gregers,GWO - marche avec orthèse
1526,180.5,182.48,181.49,0.06754486054794484,True,True,xsens_imu_data_segment_registered_gregers_gwo.csv,gregers,GWO - marche avec orthèse
1527,181.0,182.98,181.99,0.05614263751932347,True,True,xsens_imu_data_segment_registered_gregers_gwo.csv,gregers,GWO - marche avec orthèse
1528,181.5,183.48,182.49,0.0768969116766901,True,True,xsens_imu_data_segment_registered_gregers_gwo.csv,gregers,GWO - marche avec orthèse
1529,182.0,183.98,182.99,0.05968019782413958,True,True,xsens_imu_data_segment_registered_gregers_gwo.csv,gregers,GWO - marche avec orthèse
1530,182.5,184.48,183.49,0.062297942653640415,True,True,xsens_imu_data_segment_registered_gregers_gwo.csv,gregers,GWO - marche avec orthèse
1531,183.0,184.98,183.99,0.07438950226819163,True,True,xsens_imu_data_segment_registered_gregers_gwo.csv,gregers,GWO - marche avec orthèse
1532,183.5,185.48,184.49,0.07233984147929484,True,True,xsens_imu_data_segment_registered_gregers_gwo.csv,gregers,GWO - marche avec orthèse
1533,184.0,185.98,184.99,0.07033017833770072,True,True,xsens_imu_data_segment_registered_gregers_gwo.csv,gregers,GWO - marche avec orthèse
1534,184.5,186.48,185.49,0.06346416093320839,True,True,xsens_imu_data_segment_registered_gregers_gwo.csv,gregers,GWO - marche avec orthèse
1535,185.0,186.98,185.99,0.06503776192445554,True,True,xsens_imu_data_segment_registered_gregers_gwo.csv,gregers,GWO - marche avec orthèse
1536,185.5,187.48,186.49,0.0967283118662402,True,True,xsens_imu_data_segment_registered_gregers_gwo.csv,gregers,GWO - marche avec orthèse
1537,186.0,187.98,186.99,0.09072182287932351,True,True,xsens_imu_data_segment_registered_gregers_gwo.csv,gregers,GWO - marche avec orthèse
1538,186.5,188.48,187.49,0.09239253607106468,True,True,xsens_imu_data_segment_registered_gregers_gwo.csv,gregers,GWO - marche avec orthèse
1539,187.0,188.98,187.99,0.09730704336139218,True,True,xsens_imu_data_segment_registered_gregers_gwo.csv,gregers,GWO - marche avec orthèse
1540,187.5,189.48,188.49,0.09923840965552455,True,True,xsens_imu_data_segment_registered_gregers_gwo.csv,gregers,GWO - marche avec orthèse
1541,188.0,189.98,188.99,0.09223829748442469,True,True,xsens_imu_data_segment_registered_gregers_gwo.csv,gregers,GWO - marche avec orthèse
1542,188.5,190.48,189.49,0.08345382523785527,True,True,xsens_imu_data_segment_registered_gregers_gwo.csv,gregers,GWO - marche avec orthèse
1543,189.0,190.98,189.99,0.06541985715199061,True,True,xsens_imu_data_segment_registered_gregers_gwo.csv,gregers,GWO - marche avec orthèse
1544,189.5,191.48,190.49,0.05544924962363973,True,True,xsens_imu_data_segment_registered_gregers_gwo.csv,gregers,GWO - marche avec orthèse
1545,0.0,1.98,0.99,,False,False,xsens_imu_data_segment_registered_latifah_gwo.csv,latifah,GWO - marche avec orthèse
1546,0.5,2.48,1.49,,False,False,xsens_imu_data_segment_registered_latifah_gwo.csv,latifah,GWO - marche avec orthèse
1547,1.0,2.98,1.99,,False,False,xsens_imu_data_segment_registered_latifah_gwo.csv,latifah,GWO - marche avec orthèse
1548,1.5,3.48,2.49,,False,False,xsens_imu_data_segment_registered_latifah_gwo.csv,latifah,GWO - marche avec orthèse
1549,2.0,3.98,2.99,,False,False,xsens_imu_data_segment_registered_latifah_gwo.csv,latifah,GWO - marche avec orthèse
1550,2.5,4.48,3.49,,False,False,xsens_imu_data_segment_registered_latifah_gwo.csv,latifah,GWO - marche avec orthèse
1551,3.0,4.98,3.99,,False,False,xsens_imu_data_segment_registered_latifah_gwo.csv,latifah,GWO - marche avec orthèse
1552,3.5,5.48,4.49,,False,False,xsens_imu_data_segment_registered_latifah_gwo.csv,latifah,GWO - marche avec orthèse
1553,4.0,5.98,4.99,,False,False,xsens_imu_data_segment_registered_latifah_gwo.csv,latifah,GWO - marche avec orthèse
1554,4.5,6.48,5.49,0.15553772256698328,True,True,xsens_imu_data_segment_registered_latifah_gwo.csv,latifah,GWO - marche avec orthèse
1555,5.0,6.98,5.99,,False,False,xsens_imu_data_segment_registered_latifah_gwo.csv,latifah,GWO - marche avec orthèse
1556,5.5,7.48,6.49,,False,False,xsens_imu_data_segment_registered_latifah_gwo.csv,latifah,GWO - marche avec orthèse
1557,6.0,7.98,6.99,0.1496036449366992,True,True,xsens_imu_data_segment_registered_latifah_gwo.csv,latifah,GWO - marche avec orthèse
1558,6.5,8.48,7.49,,False,False,xsens_imu_data_segment_registered_latifah_gwo.csv,latifah,GWO - marche avec orthèse
1559,7.0,8.98,7.99,,False,False,xsens_imu_data_segment_registered_latifah_gwo.csv,latifah,GWO - marche avec orthèse
1560,7.5,9.48,8.49,,False,False,xsens_imu_data_segment_registered_latifah_gwo.csv,latifah,GWO - marche avec orthèse
1561,8.0,9.98,8.99,,False,False,xsens_imu_data_segment_registered_latifah_gwo.csv,latifah,GWO - marche avec orthèse
1562,8.5,10.48,9.49,,False,False,xsens_imu_data_segment_registered_latifah_gwo.csv,latifah,GWO - marche avec orthèse
1563,9.0,10.98,9.99,,False,False,xsens_imu_data_segment_registered_latifah_gwo.csv,latifah,GWO - marche avec orthèse
1564,9.5,11.48,10.49,,False,False,xsens_imu_data_segment_registered_latifah_gwo.csv,latifah,GWO - marche avec orthèse
1565,10.0,11.98,10.99,,False,False,xsens_imu_data_segment_registered_latifah_gwo.csv,latifah,GWO - marche avec orthèse
1566,10.5,12.48,11.49,,False,False,xsens_imu_data_segment_registered_latifah_gwo.csv,latifah,GWO - marche avec orthèse
1567,11.0,12.98,11.99,,False,False,xsens_imu_data_segment_registered_latifah_gwo.csv,latifah,GWO - marche avec orthèse
1568,11.5,13.48,12.49,0.10405346038406937,True,True,xsens_imu_data_segment_registered_latifah_gwo.csv,latifah,GWO - marche avec orthèse
1569,12.0,13.98,12.99,0.10211736885308809,True,True,xsens_imu_data_segment_registered_latifah_gwo.csv,latifah,GWO - marche avec orthèse
1570,12.5,14.48,13.49,,False,False,xsens_imu_data_segment_registered_latifah_gwo.csv,latifah,GWO - marche avec orthèse
1571,13.0,14.98,13.99,0.04625903659782871,True,True,xsens_imu_data_segment_registered_latifah_gwo.csv,latifah,GWO - marche avec orthèse
1572,13.5,15.48,14.49,,False,False,xsens_imu_data_segment_registered_latifah_gwo.csv,latifah,GWO - marche avec orthèse
1573,14.0,15.98,14.99,,False,False,xsens_imu_data_segment_registered_latifah_gwo.csv,latifah,GWO - marche avec orthèse
1574,14.5,16.48,15.49,-0.04065981861190654,True,False,xsens_imu_data_segment_registered_latifah_gwo.csv,latifah,GWO - marche avec orthèse
1575,15.0,16.98,15.99,,False,False,xsens_imu_data_segment_registered_latifah_gwo.csv,latifah,GWO - marche avec orthèse
1576,15.5,17.48,16.490000000000002,-0.038245984065756244,True,False,xsens_imu_data_segment_registered_latifah_gwo.csv,latifah,GWO - marche avec orthèse
1577,16.0,17.98,16.990000000000002,-0.039288394104909585,True,False,xsens_imu_data_segment_registered_latifah_gwo.csv,latifah,GWO - marche avec orthèse
1578,16.5,18.48,17.490000000000002,-0.049409071926475534,True,False,xsens_imu_data_segment_registered_latifah_gwo.csv,latifah,GWO - marche avec orthèse
1579,17.0,18.98,17.990000000000002,-0.044222778530448204,True,False,xsens_imu_data_segment_registered_latifah_gwo.csv,latifah,GWO - marche avec orthèse
1580,17.5,19.48,18.490000000000002,-0.002924399556093582,True,False,xsens_imu_data_segment_registered_latifah_gwo.csv,latifah,GWO - marche avec orthèse
1581,18.0,19.98,18.990000000000002,,False,False,xsens_imu_data_segment_registered_latifah_gwo.csv,latifah,GWO - marche avec orthèse
1582,18.5,20.48,19.490000000000002,,False,False,xsens_imu_data_segment_registered_latifah_gwo.csv,latifah,GWO - marche avec orthèse
1583,19.0,20.98,19.990000000000002,-0.05319990437792116,True,False,xsens_imu_data_segment_registered_latifah_gwo.csv,latifah,GWO - marche avec orthèse
1584,19.5,21.48,20.490000000000002,-0.03353211061139638,True,False,xsens_imu_data_segment_registered_latifah_gwo.csv,latifah,GWO - marche avec orthèse
1585,20.0,21.98,20.990000000000002,-0.06362615625545537,True,False,xsens_imu_data_segment_registered_latifah_gwo.csv,latifah,GWO - marche avec orthèse
1586,20.5,22.48,21.490000000000002,,False,False,xsens_imu_data_segment_registered_latifah_gwo.csv,latifah,GWO - marche avec orthèse
1587,21.0,22.98,21.990000000000002,,False,False,xsens_imu_data_segment_registered_latifah_gwo.csv,latifah,GWO - marche avec orthèse
1588,21.5,23.48,22.490000000000002,-0.05791679672324934,True,False,xsens_imu_data_segment_registered_latifah_gwo.csv,latifah,GWO - marche avec orthèse
1589,22.0,23.98,22.990000000000002,,False,False,xsens_imu_data_segment_registered_latifah_gwo.csv,latifah,GWO - marche avec orthèse
1590,22.5,24.48,23.490000000000002,-0.06431435003515829,True,False,xsens_imu_data_segment_registered_latifah_gwo.csv,latifah,GWO - marche avec orthèse
1591,23.0,24.98,23.990000000000002,-0.050866867666949145,True,False,xsens_imu_data_segment_registered_latifah_gwo.csv,latifah,GWO - marche avec orthèse
1592,23.5,25.48,24.490000000000002,-0.05382625701845101,True,False,xsens_imu_data_segment_registered_latifah_gwo.csv,latifah,GWO - marche avec orthèse
1593,24.0,25.98,24.990000000000002,-0.03569667099454127,True,False,xsens_imu_data_segment_registered_latifah_gwo.csv,latifah,GWO - marche avec orthèse
1594,24.5,26.48,25.490000000000002,-0.049041801005125396,True,False,xsens_imu_data_segment_registered_latifah_gwo.csv,latifah,GWO - marche avec orthèse
1595,25.0,26.98,25.990000000000002,-0.024291969058817142,True,False,xsens_imu_data_segment_registered_latifah_gwo.csv,latifah,GWO - marche avec orthèse
1596,25.5,27.48,26.490000000000002,-0.04033943087835545,True,False,xsens_imu_data_segment_registered_latifah_gwo.csv,latifah,GWO - marche avec orthèse
1597,26.0,27.98,26.990000000000002,-0.02633955976254898,True,False,xsens_imu_data_segment_registered_latifah_gwo.csv,latifah,GWO - marche avec orthèse
1598,26.5,28.48,27.490000000000002,,False,False,xsens_imu_data_segment_registered_latifah_gwo.csv,latifah,GWO - marche avec orthèse
1599,27.0,28.98,27.990000000000002,,False,False,xsens_imu_data_segment_registered_latifah_gwo.csv,latifah,GWO - marche avec orthèse
1600,27.5,29.48,28.490000000000002,,False,False,xsens_imu_data_segment_registered_latifah_gwo.csv,latifah,GWO - marche avec orthèse
1601,28.0,29.98,28.990000000000002,,False,False,xsens_imu_data_segment_registered_latifah_gwo.csv,latifah,GWO - marche avec orthèse
1602,28.5,30.48,29.490000000000002,-0.0325887995434847,True,False,xsens_imu_data_segment_registered_latifah_gwo.csv,latifah,GWO - marche avec orthèse
1603,29.0,30.98,29.990000000000002,-0.0647954304890272,True,False,xsens_imu_data_segment_registered_latifah_gwo.csv,latifah,GWO - marche avec orthèse
1604,29.5,31.48,30.490000000000002,,False,False,xsens_imu_data_segment_registered_latifah_gwo.csv,latifah,GWO - marche avec orthèse
1605,30.0,31.98,30.990000000000002,-0.07822038302467205,True,False,xsens_imu_data_segment_registered_latifah_gwo.csv,latifah,GWO - marche avec orthèse
1606,30.5,32.480000000000004,31.490000000000002,-0.06983270648928125,True,False,xsens_imu_data_segment_registered_latifah_gwo.csv,latifah,GWO - marche avec orthèse
1607,31.0,32.980000000000004,31.990000000000002,-0.07721642386109706,True,False,xsens_imu_data_segment_registered_latifah_gwo.csv,latifah,GWO - marche avec orthèse
1608,31.5,33.480000000000004,32.49,-0.053181165730847524,True,False,xsens_imu_data_segment_registered_latifah_gwo.csv,latifah,GWO - marche avec orthèse
1609,32.0,33.980000000000004,32.99,-0.07052617584651366,True,False,xsens_imu_data_segment_registered_latifah_gwo.csv,latifah,GWO - marche avec orthèse
1610,32.5,34.480000000000004,33.49,-0.06837553590068729,True,False,xsens_imu_data_segment_registered_latifah_gwo.csv,latifah,GWO - marche avec orthèse
1611,33.0,34.980000000000004,33.99,-0.07340269287661977,True,False,xsens_imu_data_segment_registered_latifah_gwo.csv,latifah,GWO - marche avec orthèse
1612,33.5,35.480000000000004,34.49,-0.06955678205770394,True,False,xsens_imu_data_segment_registered_latifah_gwo.csv,latifah,GWO - marche avec orthèse
1613,34.0,35.980000000000004,34.99,-0.07119834339556913,True,False,xsens_imu_data_segment_registered_latifah_gwo.csv,latifah,GWO - marche avec orthèse
1614,34.5,36.48,35.489999999999995,-0.08347706417369011,True,False,xsens_imu_data_segment_registered_latifah_gwo.csv,latifah,GWO - marche avec orthèse
1615,35.0,36.98,35.989999999999995,-0.088580711268954,True,False,xsens_imu_data_segment_registered_latifah_gwo.csv,latifah,GWO - marche avec orthèse
1616,35.5,37.48,36.489999999999995,-0.07683811546456487,True,False,xsens_imu_data_segment_registered_latifah_gwo.csv,latifah,GWO - marche avec orthèse
1617,36.0,37.98,36.989999999999995,-0.06714460653131116,True,False,xsens_imu_data_segment_registered_latifah_gwo.csv,latifah,GWO - marche avec orthèse
1618,36.5,38.48,37.489999999999995,-0.07594947416887576,True,False,xsens_imu_data_segment_registered_latifah_gwo.csv,latifah,GWO - marche avec orthèse
1619,37.0,38.98,37.989999999999995,-0.044734680453813624,True,False,xsens_imu_data_segment_registered_latifah_gwo.csv,latifah,GWO - marche avec orthèse
1620,37.5,39.48,38.489999999999995,-0.054367257705514094,True,False,xsens_imu_data_segment_registered_latifah_gwo.csv,latifah,GWO - marche avec orthèse
1621,38.0,39.98,38.989999999999995,-0.05040978143182184,True,False,xsens_imu_data_segment_registered_latifah_gwo.csv,latifah,GWO - marche avec orthèse
1622,38.5,40.48,39.489999999999995,-0.0551352491037746,True,False,xsens_imu_data_segment_registered_latifah_gwo.csv,latifah,GWO - marche avec orthèse
1623,39.0,40.98,39.989999999999995,-0.05382953275955138,True,False,xsens_imu_data_segment_registered_latifah_gwo.csv,latifah,GWO - marche avec orthèse
1624,39.5,41.48,40.489999999999995,-0.06157232191242329,True,False,xsens_imu_data_segment_registered_latifah_gwo.csv,latifah,GWO - marche avec orthèse
1625,40.0,41.98,40.989999999999995,,False,False,xsens_imu_data_segment_registered_latifah_gwo.csv,latifah,GWO - marche avec orthèse
1626,40.5,42.48,41.489999999999995,,False,False,xsens_imu_data_segment_registered_latifah_gwo.csv,latifah,GWO - marche avec orthèse
1627,41.0,42.98,41.989999999999995,-0.057853160999488284,True,False,xsens_imu_data_segment_registered_latifah_gwo.csv,latifah,GWO - marche avec orthèse
1628,41.5,43.48,42.489999999999995,-0.049579232010153074,True,False,xsens_imu_data_segment_registered_latifah_gwo.csv,latifah,GWO - marche avec orthèse
1629,42.0,43.98,42.989999999999995,-0.07773740184549793,True,False,xsens_imu_data_segment_registered_latifah_gwo.csv,latifah,GWO - marche avec orthèse
1630,42.5,44.48,43.489999999999995,-0.05382461009639067,True,False,xsens_imu_data_segment_registered_latifah_gwo.csv,latifah,GWO - marche avec orthèse
1631,43.0,44.98,43.989999999999995,-0.05328117778083158,True,False,xsens_imu_data_segment_registered_latifah_gwo.csv,latifah,GWO - marche avec orthèse
1632,43.5,45.48,44.489999999999995,,False,False,xsens_imu_data_segment_registered_latifah_gwo.csv,latifah,GWO - marche avec orthèse
1633,44.0,45.98,44.989999999999995,,False,False,xsens_imu_data_segment_registered_latifah_gwo.csv,latifah,GWO - marche avec orthèse
1634,44.5,46.48,45.489999999999995,-0.06853129869416363,True,False,xsens_imu_data_segment_registered_latifah_gwo.csv,latifah,GWO - marche avec orthèse
1635,45.0,46.98,45.989999999999995,-0.06473773117180803,True,False,xsens_imu_data_segment_registered_latifah_gwo.csv,latifah,GWO - marche avec orthèse
1636,45.5,47.48,46.489999999999995,,False,False,xsens_imu_data_segment_registered_latifah_gwo.csv,latifah,GWO - marche avec orthèse
1637,46.0,47.98,46.989999999999995,-0.022896576342540498,True,False,xsens_imu_data_segment_registered_latifah_gwo.csv,latifah,GWO - marche avec orthèse
1638,46.5,48.48,47.489999999999995,,False,False,xsens_imu_data_segment_registered_latifah_gwo.csv,latifah,GWO - marche avec orthèse
1639,47.0,48.98,47.989999999999995,-0.019326533362670095,True,False,xsens_imu_data_segment_registered_latifah_gwo.csv,latifah,GWO - marche avec orthèse
1640,47.5,49.48,48.489999999999995,-0.04038997631648722,True,False,xsens_imu_data_segment_registered_latifah_gwo.csv,latifah,GWO - marche avec orthèse
1641,48.0,49.98,48.989999999999995,-0.0007386767257320237,True,False,xsens_imu_data_segment_registered_latifah_gwo.csv,latifah,GWO - marche avec orthèse
1642,48.5,50.48,49.489999999999995,-0.05376451401014992,True,False,xsens_imu_data_segment_registered_latifah_gwo.csv,latifah,GWO - marche avec orthèse
1643,49.0,50.98,49.989999999999995,-0.05705826136451958,True,False,xsens_imu_data_segment_registered_latifah_gwo.csv,latifah,GWO - marche avec orthèse
1644,49.5,51.48,50.489999999999995,-0.06736621460995501,True,False,xsens_imu_data_segment_registered_latifah_gwo.csv,latifah,GWO - marche avec orthèse
1645,50.0,51.98,50.989999999999995,-0.05629124873684577,True,False,xsens_imu_data_segment_registered_latifah_gwo.csv,latifah,GWO - marche avec orthèse
1646,50.5,52.48,51.489999999999995,-0.040499806322254917,True,False,xsens_imu_data_segment_registered_latifah_gwo.csv,latifah,GWO - marche avec orthèse
1647,51.0,52.98,51.989999999999995,-0.029293820303127105,True,False,xsens_imu_data_segment_registered_latifah_gwo.csv,latifah,GWO - marche avec orthèse
1648,51.5,53.48,52.489999999999995,-0.022935584818359667,True,False,xsens_imu_data_segment_registered_latifah_gwo.csv,latifah,GWO - marche avec orthèse
1649,52.0,53.98,52.989999999999995,,False,False,xsens_imu_data_segment_registered_latifah_gwo.csv,latifah,GWO - marche avec orthèse
1650,52.5,54.48,53.489999999999995,-0.016823727395008703,True,False,xsens_imu_data_segment_registered_latifah_gwo.csv,latifah,GWO - marche avec orthèse
1651,53.0,54.98,53.989999999999995,-0.04205485544733478,True,False,xsens_imu_data_segment_registered_latifah_gwo.csv,latifah,GWO - marche avec orthèse
1652,53.5,55.48,54.489999999999995,-0.06613180585685496,True,False,xsens_imu_data_segment_registered_latifah_gwo.csv,latifah,GWO - marche avec orthèse
1653,54.0,55.98,54.989999999999995,,False,False,xsens_imu_data_segment_registered_latifah_gwo.csv,latifah,GWO - marche avec orthèse
1654,54.5,56.48,55.489999999999995,-0.07203629721902716,True,False,xsens_imu_data_segment_registered_latifah_gwo.csv,latifah,GWO - marche avec orthèse
1655,55.0,56.98,55.989999999999995,-0.05600455252637371,True,False,xsens_imu_data_segment_registered_latifah_gwo.csv,latifah,GWO - marche avec orthèse
1656,55.5,57.48,56.489999999999995,,False,False,xsens_imu_data_segment_registered_latifah_gwo.csv,latifah,GWO - marche avec orthèse
1657,56.0,57.98,56.989999999999995,-0.060728395270752356,True,False,xsens_imu_data_segment_registered_latifah_gwo.csv,latifah,GWO - marche avec orthèse
1658,56.5,58.48,57.489999999999995,-0.05448687088230553,True,False,xsens_imu_data_segment_registered_latifah_gwo.csv,latifah,GWO - marche avec orthèse
1659,57.0,58.98,57.989999999999995,-0.04621332332503769,True,False,xsens_imu_data_segment_registered_latifah_gwo.csv,latifah,GWO - marche avec orthèse
1660,57.5,59.48,58.489999999999995,-0.05732266140980874,True,False,xsens_imu_data_segment_registered_latifah_gwo.csv,latifah,GWO - marche avec orthèse
1661,58.0,59.98,58.989999999999995,-0.04837249665834725,True,False,xsens_imu_data_segment_registered_latifah_gwo.csv,latifah,GWO - marche avec orthèse
1662,58.5,60.48,59.489999999999995,-0.06730121935362776,True,False,xsens_imu_data_segment_registered_latifah_gwo.csv,latifah,GWO - marche avec orthèse
1663,59.0,60.98,59.989999999999995,-0.03959068780195085,True,False,xsens_imu_data_segment_registered_latifah_gwo.csv,latifah,GWO - marche avec orthèse
1664,59.5,61.48,60.489999999999995,-0.048354442848284884,True,False,xsens_imu_data_segment_registered_latifah_gwo.csv,latifah,GWO - marche avec orthèse
1665,60.0,61.98,60.989999999999995,,False,False,xsens_imu_data_segment_registered_latifah_gwo.csv,latifah,GWO - marche avec orthèse
1666,60.5,62.48,61.489999999999995,,False,False,xsens_imu_data_segment_registered_latifah_gwo.csv,latifah,GWO - marche avec orthèse
1667,61.0,62.98,61.989999999999995,-0.0164985965618466,True,False,xsens_imu_data_segment_registered_latifah_gwo.csv,latifah,GWO - marche avec orthèse
1668,61.5,63.48,62.489999999999995,-0.0221535350880967,True,False,xsens_imu_data_segment_registered_latifah_gwo.csv,latifah,GWO - marche avec orthèse
1669,62.0,63.98,62.989999999999995,,False,False,xsens_imu_data_segment_registered_latifah_gwo.csv,latifah,GWO - marche avec orthèse
1670,62.5,64.48,63.49,-0.018873387004712527,True,False,xsens_imu_data_segment_registered_latifah_gwo.csv,latifah,GWO - marche avec orthèse
1671,63.0,64.98,63.99,,False,False,xsens_imu_data_segment_registered_latifah_gwo.csv,latifah,GWO - marche avec orthèse
1672,63.5,65.48,64.49000000000001,,False,False,xsens_imu_data_segment_registered_latifah_gwo.csv,latifah,GWO - marche avec orthèse
1673,64.0,65.98,64.99000000000001,-0.047071269824710826,True,False,xsens_imu_data_segment_registered_latifah_gwo.csv,latifah,GWO - marche avec orthèse
1674,64.5,66.48,65.49000000000001,-0.059703638106460066,True,False,xsens_imu_data_segment_registered_latifah_gwo.csv,latifah,GWO - marche avec orthèse
1675,65.0,66.98,65.99000000000001,-0.0706911978968896,True,False,xsens_imu_data_segment_registered_latifah_gwo.csv,latifah,GWO - marche avec orthèse
1676,65.5,67.48,66.49000000000001,-0.08674355995141059,True,False,xsens_imu_data_segment_registered_latifah_gwo.csv,latifah,GWO - marche avec orthèse
1677,66.0,67.98,66.99000000000001,-0.052997992533866556,True,False,xsens_imu_data_segment_registered_latifah_gwo.csv,latifah,GWO - marche avec orthèse
1678,66.5,68.48,67.49000000000001,,False,False,xsens_imu_data_segment_registered_latifah_gwo.csv,latifah,GWO - marche avec orthèse
1679,67.0,68.98,67.99000000000001,-0.07608752493362969,True,False,xsens_imu_data_segment_registered_latifah_gwo.csv,latifah,GWO - marche avec orthèse
1680,67.5,69.48,68.49000000000001,-0.08328158878655795,True,False,xsens_imu_data_segment_registered_latifah_gwo.csv,latifah,GWO - marche avec orthèse
1681,68.0,69.98,68.99000000000001,-0.07750246867117067,True,False,xsens_imu_data_segment_registered_latifah_gwo.csv,latifah,GWO - marche avec orthèse
1682,68.5,70.48,69.49000000000001,-0.06804617677115793,True,False,xsens_imu_data_segment_registered_latifah_gwo.csv,latifah,GWO - marche avec orthèse
1683,69.0,70.98,69.99000000000001,-0.046924065787981695,True,False,xsens_imu_data_segment_registered_latifah_gwo.csv,latifah,GWO - marche avec orthèse
1684,69.5,71.48,70.49000000000001,-0.07739742645498765,True,False,xsens_imu_data_segment_registered_latifah_gwo.csv,latifah,GWO - marche avec orthèse
1685,70.0,71.98,70.99000000000001,,False,False,xsens_imu_data_segment_registered_latifah_gwo.csv,latifah,GWO - marche avec orthèse
1686,70.5,72.48,71.49000000000001,-0.024808490405218597,True,False,xsens_imu_data_segment_registered_latifah_gwo.csv,latifah,GWO - marche avec orthèse
1687,71.0,72.98,71.99000000000001,,False,False,xsens_imu_data_segment_registered_latifah_gwo.csv,latifah,GWO - marche avec orthèse
1688,71.5,73.48,72.49000000000001,-0.0505872788411979,True,False,xsens_imu_data_segment_registered_latifah_gwo.csv,latifah,GWO - marche avec orthèse
1689,72.0,73.98,72.99000000000001,,False,False,xsens_imu_data_segment_registered_latifah_gwo.csv,latifah,GWO - marche avec orthèse
1690,72.5,74.48,73.49000000000001,-0.025041744659980658,True,False,xsens_imu_data_segment_registered_latifah_gwo.csv,latifah,GWO - marche avec orthèse
1691,73.0,74.98,73.99000000000001,,False,False,xsens_imu_data_segment_registered_latifah_gwo.csv,latifah,GWO - marche avec orthèse
1692,73.5,75.48,74.49000000000001,0.015597800635696046,True,True,xsens_imu_data_segment_registered_latifah_gwo.csv,latifah,GWO - marche avec orthèse
1693,74.0,75.98,74.99000000000001,-0.011731431176073004,True,False,xsens_imu_data_segment_registered_latifah_gwo.csv,latifah,GWO - marche avec orthèse
1694,74.5,76.48,75.49000000000001,-0.030205623663154213,True,False,xsens_imu_data_segment_registered_latifah_gwo.csv,latifah,GWO - marche avec orthèse
1695,75.0,76.98,75.99000000000001,,False,False,xsens_imu_data_segment_registered_latifah_gwo.csv,latifah,GWO - marche avec orthèse
1696,75.5,77.48,76.49000000000001,-0.03879571264391968,True,False,xsens_imu_data_segment_registered_latifah_gwo.csv,latifah,GWO - marche avec orthèse
1697,76.0,77.98,76.99000000000001,-0.03801217908927895,True,False,xsens_imu_data_segment_registered_latifah_gwo.csv,latifah,GWO - marche avec orthèse
1698,76.5,78.48,77.49000000000001,-0.05802555302127693,True,False,xsens_imu_data_segment_registered_latifah_gwo.csv,latifah,GWO - marche avec orthèse
1699,77.0,78.98,77.99000000000001,,False,False,xsens_imu_data_segment_registered_latifah_gwo.csv,latifah,GWO - marche avec orthèse
1700,77.5,79.48,78.49000000000001,-0.03987822841107924,True,False,xsens_imu_data_segment_registered_latifah_gwo.csv,latifah,GWO - marche avec orthèse
1701,78.0,79.98,78.99000000000001,,False,False,xsens_imu_data_segment_registered_latifah_gwo.csv,latifah,GWO - marche avec orthèse
1702,78.5,80.48,79.49000000000001,-0.0023469373156759232,True,False,xsens_imu_data_segment_registered_latifah_gwo.csv,latifah,GWO - marche avec orthèse
1703,79.0,80.98,79.99000000000001,,False,False,xsens_imu_data_segment_registered_latifah_gwo.csv,latifah,GWO - marche avec orthèse
1704,79.5,81.48,80.49000000000001,-0.03450003563198828,True,False,xsens_imu_data_segment_registered_latifah_gwo.csv,latifah,GWO - marche avec orthèse
1705,80.0,81.98,80.99000000000001,-0.025764524807618927,True,False,xsens_imu_data_segment_registered_latifah_gwo.csv,latifah,GWO - marche avec orthèse
1706,80.5,82.48,81.49000000000001,-0.03614933471712206,True,False,xsens_imu_data_segment_registered_latifah_gwo.csv,latifah,GWO - marche avec orthèse
1707,81.0,82.98,81.99000000000001,-0.027510420341998076,True,False,xsens_imu_data_segment_registered_latifah_gwo.csv,latifah,GWO - marche avec orthèse
1708,81.5,83.48,82.49000000000001,-0.054963103468500085,True,False,xsens_imu_data_segment_registered_latifah_gwo.csv,latifah,GWO - marche avec orthèse
1709,82.0,83.98,82.99000000000001,,False,False,xsens_imu_data_segment_registered_latifah_gwo.csv,latifah,GWO - marche avec orthèse
1710,82.5,84.48,83.49000000000001,-0.03997661856347562,True,False,xsens_imu_data_segment_registered_latifah_gwo.csv,latifah,GWO - marche avec orthèse
1711,83.0,84.98,83.99000000000001,-0.028011794272103707,True,False,xsens_imu_data_segment_registered_latifah_gwo.csv,latifah,GWO - marche avec orthèse
1712,83.5,85.48,84.49000000000001,-0.0375626713247324,True,False,xsens_imu_data_segment_registered_latifah_gwo.csv,latifah,GWO - marche avec orthèse
1713,84.0,85.98,84.99000000000001,-0.05192401093512067,True,False,xsens_imu_data_segment_registered_latifah_gwo.csv,latifah,GWO - marche avec orthèse
1714,84.5,86.48,85.49000000000001,-0.04180686632836633,True,False,xsens_imu_data_segment_registered_latifah_gwo.csv,latifah,GWO - marche avec orthèse
1715,85.0,86.98,85.99000000000001,-0.04573436791507962,True,False,xsens_imu_data_segment_registered_latifah_gwo.csv,latifah,GWO - marche avec orthèse
1716,85.5,87.48,86.49000000000001,-0.033873866018196586,True,False,xsens_imu_data_segment_registered_latifah_gwo.csv,latifah,GWO - marche avec orthèse
1717,86.0,87.98,86.99000000000001,-0.038817504230874655,True,False,xsens_imu_data_segment_registered_latifah_gwo.csv,latifah,GWO - marche avec orthèse
1718,86.5,88.48,87.49000000000001,-0.03326419530837532,True,False,xsens_imu_data_segment_registered_latifah_gwo.csv,latifah,GWO - marche avec orthèse
1719,87.0,88.98,87.99000000000001,-0.034824158257918625,True,False,xsens_imu_data_segment_registered_latifah_gwo.csv,latifah,GWO - marche avec orthèse
1720,87.5,89.48,88.49000000000001,-0.02866266620175284,True,False,xsens_imu_data_segment_registered_latifah_gwo.csv,latifah,GWO - marche avec orthèse
1721,88.0,89.98,88.99000000000001,-0.02823095597007097,True,False,xsens_imu_data_segment_registered_latifah_gwo.csv,latifah,GWO - marche avec orthèse
1722,88.5,90.48,89.49000000000001,-0.009933304128904585,True,False,xsens_imu_data_segment_registered_latifah_gwo.csv,latifah,GWO - marche avec orthèse
1723,89.0,90.98,89.99000000000001,-0.029313944412427795,True,False,xsens_imu_data_segment_registered_latifah_gwo.csv,latifah,GWO - marche avec orthèse
1724,89.5,91.48,90.49000000000001,-0.04294262303123608,True,False,xsens_imu_data_segment_registered_latifah_gwo.csv,latifah,GWO - marche avec orthèse
1725,90.0,91.98,90.99000000000001,-0.05716499078761911,True,False,xsens_imu_data_segment_registered_latifah_gwo.csv,latifah,GWO - marche avec orthèse
1726,90.5,92.48,91.49000000000001,-0.039902564641647986,True,False,xsens_imu_data_segment_registered_latifah_gwo.csv,latifah,GWO - marche avec orthèse
1727,91.0,92.98,91.99000000000001,-0.04999980536129606,True,False,xsens_imu_data_segment_registered_latifah_gwo.csv,latifah,GWO - marche avec orthèse
1728,91.5,93.48,92.49000000000001,-0.06465907365820073,True,False,xsens_imu_data_segment_registered_latifah_gwo.csv,latifah,GWO - marche avec orthèse
1729,92.0,93.98,92.99000000000001,-0.054623153989009576,True,False,xsens_imu_data_segment_registered_latifah_gwo.csv,latifah,GWO - marche avec orthèse
1730,92.5,94.48,93.49000000000001,-0.035217995748645814,True,False,xsens_imu_data_segment_registered_latifah_gwo.csv,latifah,GWO - marche avec orthèse
1731,93.0,94.98,93.99000000000001,-0.0393269727763052,True,False,xsens_imu_data_segment_registered_latifah_gwo.csv,latifah,GWO - marche avec orthèse
1732,93.5,95.48,94.49000000000001,-0.04153475232403597,True,False,xsens_imu_data_segment_registered_latifah_gwo.csv,latifah,GWO - marche avec orthèse
1733,94.0,95.98,94.99000000000001,-0.035590259780074296,True,False,xsens_imu_data_segment_registered_latifah_gwo.csv,latifah,GWO - marche avec orthèse
1734,94.5,96.48,95.49000000000001,-0.05233645851331159,True,False,xsens_imu_data_segment_registered_latifah_gwo.csv,latifah,GWO - marche avec orthèse
1735,95.0,96.98,95.99000000000001,-0.05447340943933143,True,False,xsens_imu_data_segment_registered_latifah_gwo.csv,latifah,GWO - marche avec orthèse
1736,95.5,97.48,96.49000000000001,-0.06269019188736252,True,False,xsens_imu_data_segment_registered_latifah_gwo.csv,latifah,GWO - marche avec orthèse
1737,96.0,97.98,96.99000000000001,-0.07397689310440381,True,False,xsens_imu_data_segment_registered_latifah_gwo.csv,latifah,GWO - marche avec orthèse
1738,96.5,98.48,97.49000000000001,-0.0741181307725069,True,False,xsens_imu_data_segment_registered_latifah_gwo.csv,latifah,GWO - marche avec orthèse
1739,97.0,98.98,97.99000000000001,-0.07534235494600916,True,False,xsens_imu_data_segment_registered_latifah_gwo.csv,latifah,GWO - marche avec orthèse
1740,97.5,99.48,98.49000000000001,-0.06706338872768725,True,False,xsens_imu_data_segment_registered_latifah_gwo.csv,latifah,GWO - marche avec orthèse
1741,98.0,99.98,98.99000000000001,,False,False,xsens_imu_data_segment_registered_latifah_gwo.csv,latifah,GWO - marche avec orthèse
1742,98.5,100.48,99.49000000000001,-0.041990231883392015,True,False,xsens_imu_data_segment_registered_latifah_gwo.csv,latifah,GWO - marche avec orthèse
1743,99.0,100.98,99.99000000000001,-0.044407654437983335,True,False,xsens_imu_data_segment_registered_latifah_gwo.csv,latifah,GWO - marche avec orthèse
1744,99.5,101.48,100.49000000000001,-0.05277881144473334,True,False,xsens_imu_data_segment_registered_latifah_gwo.csv,latifah,GWO - marche avec orthèse
1745,100.0,101.98,100.99000000000001,-0.06265133677385792,True,False,xsens_imu_data_segment_registered_latifah_gwo.csv,latifah,GWO - marche avec orthèse
1746,100.5,102.48,101.49000000000001,-0.05773662439645183,True,False,xsens_imu_data_segment_registered_latifah_gwo.csv,latifah,GWO - marche avec orthèse
1747,101.0,102.98,101.99000000000001,,False,False,xsens_imu_data_segment_registered_latifah_gwo.csv,latifah,GWO - marche avec orthèse
1748,101.5,103.48,102.49000000000001,-0.032524193222319475,True,False,xsens_imu_data_segment_registered_latifah_gwo.csv,latifah,GWO - marche avec orthèse
1749,102.0,103.98,102.99000000000001,-0.05239036299864297,True,False,xsens_imu_data_segment_registered_latifah_gwo.csv,latifah,GWO - marche avec orthèse
1750,102.5,104.48,103.49000000000001,-0.06785189229112826,True,False,xsens_imu_data_segment_registered_latifah_gwo.csv,latifah,GWO - marche avec orthèse
1751,103.0,104.98,103.99000000000001,-0.035099221201224995,True,False,xsens_imu_data_segment_registered_latifah_gwo.csv,latifah,GWO - marche avec orthèse
1752,103.5,105.48,104.49000000000001,-0.07000418277444892,True,False,xsens_imu_data_segment_registered_latifah_gwo.csv,latifah,GWO - marche avec orthèse
1753,104.0,105.98,104.99000000000001,,False,False,xsens_imu_data_segment_registered_latifah_gwo.csv,latifah,GWO - marche avec orthèse
1754,104.5,106.48,105.49000000000001,-0.07441404307152705,True,False,xsens_imu_data_segment_registered_latifah_gwo.csv,latifah,GWO - marche avec orthèse
1755,105.0,106.98,105.99000000000001,-0.07331212913708451,True,False,xsens_imu_data_segment_registered_latifah_gwo.csv,latifah,GWO - marche avec orthèse
1756,105.5,107.48,106.49000000000001,-0.06655407426328436,True,False,xsens_imu_data_segment_registered_latifah_gwo.csv,latifah,GWO - marche avec orthèse
1757,106.0,107.98,106.99000000000001,-0.04538465657264473,True,False,xsens_imu_data_segment_registered_latifah_gwo.csv,latifah,GWO - marche avec orthèse
1758,106.5,108.48,107.49000000000001,,False,False,xsens_imu_data_segment_registered_latifah_gwo.csv,latifah,GWO - marche avec orthèse
1759,107.0,108.98,107.99000000000001,,False,False,xsens_imu_data_segment_registered_latifah_gwo.csv,latifah,GWO - marche avec orthèse
1760,107.5,109.48,108.49000000000001,-0.032511921028713475,True,False,xsens_imu_data_segment_registered_latifah_gwo.csv,latifah,GWO - marche avec orthèse
1761,108.0,109.98,108.99000000000001,,False,False,xsens_imu_data_segment_registered_latifah_gwo.csv,latifah,GWO - marche avec orthèse
1762,108.5,110.48,109.49000000000001,-0.03479145935403466,True,False,xsens_imu_data_segment_registered_latifah_gwo.csv,latifah,GWO - marche avec orthèse
1763,109.0,110.98,109.99000000000001,-0.04282000841743683,True,False,xsens_imu_data_segment_registered_latifah_gwo.csv,latifah,GWO - marche avec orthèse
1764,109.5,111.48,110.49000000000001,,False,False,xsens_imu_data_segment_registered_latifah_gwo.csv,latifah,GWO - marche avec orthèse
1765,110.0,111.98,110.99000000000001,-0.04811815522337454,True,False,xsens_imu_data_segment_registered_latifah_gwo.csv,latifah,GWO - marche avec orthèse
1766,110.5,112.48,111.49000000000001,-0.03708983985513631,True,False,xsens_imu_data_segment_registered_latifah_gwo.csv,latifah,GWO - marche avec orthèse
1767,111.0,112.98,111.99000000000001,-0.044217788856109164,True,False,xsens_imu_data_segment_registered_latifah_gwo.csv,latifah,GWO - marche avec orthèse
1768,111.5,113.48,112.49000000000001,,False,False,xsens_imu_data_segment_registered_latifah_gwo.csv,latifah,GWO - marche avec orthèse
1769,112.0,113.98,112.99000000000001,-0.006198820768106739,True,False,xsens_imu_data_segment_registered_latifah_gwo.csv,latifah,GWO - marche avec orthèse
1770,112.5,114.48,113.49000000000001,,False,False,xsens_imu_data_segment_registered_latifah_gwo.csv,latifah,GWO - marche avec orthèse
1771,113.0,114.98,113.99000000000001,-0.005783480855791945,True,False,xsens_imu_data_segment_registered_latifah_gwo.csv,latifah,GWO - marche avec orthèse
1772,113.5,115.48,114.49000000000001,-0.002265372514560715,True,False,xsens_imu_data_segment_registered_latifah_gwo.csv,latifah,GWO - marche avec orthèse
1773,114.0,115.98,114.99000000000001,,False,False,xsens_imu_data_segment_registered_latifah_gwo.csv,latifah,GWO - marche avec orthèse
1774,114.5,116.48,115.49000000000001,,False,False,xsens_imu_data_segment_registered_latifah_gwo.csv,latifah,GWO - marche avec orthèse
1775,115.0,116.98,115.99000000000001,-0.033684481394476884,True,False,xsens_imu_data_segment_registered_latifah_gwo.csv,latifah,GWO - marche avec orthèse
1776,115.5,117.48,116.49000000000001,-0.013827411854023253,True,False,xsens_imu_data_segment_registered_latifah_gwo.csv,latifah,GWO - marche avec orthèse
1777,116.0,117.98,116.99000000000001,-0.024359865281916138,True,False,xsens_imu_data_segment_registered_latifah_gwo.csv,latifah,GWO - marche avec orthèse
1778,116.5,118.48,117.49000000000001,0.0036267552969202477,True,True,xsens_imu_data_segment_registered_latifah_gwo.csv,latifah,GWO - marche avec orthèse
1779,117.0,118.98,117.99000000000001,-0.0335817951937869,True,False,xsens_imu_data_segment_registered_latifah_gwo.csv,latifah,GWO - marche avec orthèse
1780,117.5,119.48,118.49000000000001,,False,False,xsens_imu_data_segment_registered_latifah_gwo.csv,latifah,GWO - marche avec orthèse
1781,118.0,119.98,118.99000000000001,,False,False,xsens_imu_data_segment_registered_latifah_gwo.csv,latifah,GWO - marche avec orthèse
1782,118.5,120.48,119.49000000000001,-0.03736161134845101,True,False,xsens_imu_data_segment_registered_latifah_gwo.csv,latifah,GWO - marche avec orthèse
1783,119.0,120.98,119.99000000000001,-0.04071242238158673,True,False,xsens_imu_data_segment_registered_latifah_gwo.csv,latifah,GWO - marche avec orthèse
1784,119.5,121.48,120.49000000000001,-0.036514960887288506,True,False,xsens_imu_data_segment_registered_latifah_gwo.csv,latifah,GWO - marche avec orthèse
1785,120.0,121.98,120.99000000000001,-0.02682125173702221,True,False,xsens_imu_data_segment_registered_latifah_gwo.csv,latifah,GWO - marche avec orthèse
1786,120.5,122.48,121.49000000000001,-0.03644675193484309,True,False,xsens_imu_data_segment_registered_latifah_gwo.csv,latifah,GWO - marche avec orthèse
1787,121.0,122.98,121.99000000000001,-0.025822877344090556,True,False,xsens_imu_data_segment_registered_latifah_gwo.csv,latifah,GWO - marche avec orthèse
1788,121.5,123.48,122.49000000000001,-0.034132347827452,True,False,xsens_imu_data_segment_registered_latifah_gwo.csv,latifah,GWO - marche avec orthèse
1789,122.0,123.98,122.99000000000001,-0.04425653061856,True,False,xsens_imu_data_segment_registered_latifah_gwo.csv,latifah,GWO - marche avec orthèse
1790,122.5,124.48,123.49000000000001,-0.0503294492329896,True,False,xsens_imu_data_segment_registered_latifah_gwo.csv,latifah,GWO - marche avec orthèse
1791,123.0,124.98,123.99000000000001,-0.0540260652006927,True,False,xsens_imu_data_segment_registered_latifah_gwo.csv,latifah,GWO - marche avec orthèse
1792,123.5,125.48,124.49000000000001,-0.048384364413725456,True,False,xsens_imu_data_segment_registered_latifah_gwo.csv,latifah,GWO - marche avec orthèse
1793,124.0,125.98,124.99000000000001,-0.050414227080370855,True,False,xsens_imu_data_segment_registered_latifah_gwo.csv,latifah,GWO - marche avec orthèse
1794,124.5,126.48,125.49000000000001,-0.0406097582361048,True,False,xsens_imu_data_segment_registered_latifah_gwo.csv,latifah,GWO - marche avec orthèse
1795,125.0,126.98,125.99000000000001,-0.050777250179162514,True,False,xsens_imu_data_segment_registered_latifah_gwo.csv,latifah,GWO - marche avec orthèse
1796,125.5,127.48,126.49000000000001,-0.02555304098214367,True,False,xsens_imu_data_segment_registered_latifah_gwo.csv,latifah,GWO - marche avec orthèse
1797,126.0,127.98,126.99000000000001,-0.05076433099354111,True,False,xsens_imu_data_segment_registered_latifah_gwo.csv,latifah,GWO - marche avec orthèse
1798,126.5,128.48,127.49,-0.02629757114121639,True,False,xsens_imu_data_segment_registered_latifah_gwo.csv,latifah,GWO - marche avec orthèse
1799,127.0,128.98,127.99,-0.02969359532745991,True,False,xsens_imu_data_segment_registered_latifah_gwo.csv,latifah,GWO - marche avec orthèse
1800,127.5,129.48,128.49,-0.040051127774124895,True,False,xsens_imu_data_segment_registered_latifah_gwo.csv,latifah,GWO - marche avec orthèse
1801,128.0,129.98,128.99,-0.02939589270861831,True,False,xsens_imu_data_segment_registered_latifah_gwo.csv,latifah,GWO - marche avec orthèse
1802,128.5,130.48,129.49,-0.04843687354469545,True,False,xsens_imu_data_segment_registered_latifah_gwo.csv,latifah,GWO - marche avec orthèse
1803,129.0,130.98,129.99,-0.051945392421699876,True,False,xsens_imu_data_segment_registered_latifah_gwo.csv,latifah,GWO - marche avec orthèse
1804,129.5,131.48,130.49,-0.030386823288569342,True,False,xsens_imu_data_segment_registered_latifah_gwo.csv,latifah,GWO - marche avec orthèse
1805,130.0,131.98,130.99,,False,False,xsens_imu_data_segment_registered_latifah_gwo.csv,latifah,GWO - marche avec orthèse
1806,130.5,132.48,131.49,,False,False,xsens_imu_data_segment_registered_latifah_gwo.csv,latifah,GWO - marche avec orthèse
1807,131.0,132.98,131.99,,False,False,xsens_imu_data_segment_registered_latifah_gwo.csv,latifah,GWO - marche avec orthèse
1808,131.5,133.48,132.49,-0.029350674634559093,True,False,xsens_imu_data_segment_registered_latifah_gwo.csv,latifah,GWO - marche avec orthèse
1809,132.0,133.98,132.99,-0.011558627923248688,True,False,xsens_imu_data_segment_registered_latifah_gwo.csv,latifah,GWO - marche avec orthèse
1810,132.5,134.48,133.49,-0.032464327058631115,True,False,xsens_imu_data_segment_registered_latifah_gwo.csv,latifah,GWO - marche avec orthèse
1811,133.0,134.98,133.99,,False,False,xsens_imu_data_segment_registered_latifah_gwo.csv,latifah,GWO - marche avec orthèse
1812,133.5,135.48,134.49,,False,False,xsens_imu_data_segment_registered_latifah_gwo.csv,latifah,GWO - marche avec orthèse
1813,134.0,135.98,134.99,,False,False,xsens_imu_data_segment_registered_latifah_gwo.csv,latifah,GWO - marche avec orthèse
1814,134.5,136.48,135.49,-0.028244819319810988,True,False,xsens_imu_data_segment_registered_latifah_gwo.csv,latifah,GWO - marche avec orthèse
1815,135.0,136.98,135.99,-0.045136454254127545,True,False,xsens_imu_data_segment_registered_latifah_gwo.csv,latifah,GWO - marche avec orthèse
1816,135.5,137.48,136.49,-0.04443468974377285,True,False,xsens_imu_data_segment_registered_latifah_gwo.csv,latifah,GWO - marche avec orthèse
1817,136.0,137.98,136.99,-0.03944634500647731,True,False,xsens_imu_data_segment_registered_latifah_gwo.csv,latifah,GWO - marche avec orthèse
1818,136.5,138.48,137.49,-0.05494983914767354,True,False,xsens_imu_data_segment_registered_latifah_gwo.csv,latifah,GWO - marche avec orthèse
1819,137.0,138.98,137.99,-0.056812221914270156,True,False,xsens_imu_data_segment_registered_latifah_gwo.csv,latifah,GWO - marche avec orthèse
1820,137.5,139.48,138.49,-0.06103269615627743,True,False,xsens_imu_data_segment_registered_latifah_gwo.csv,latifah,GWO - marche avec orthèse
1821,138.0,139.98,138.99,-0.04287466347944985,True,False,xsens_imu_data_segment_registered_latifah_gwo.csv,latifah,GWO - marche avec orthèse
1822,138.5,140.48,139.49,-0.030660213528146407,True,False,xsens_imu_data_segment_registered_latifah_gwo.csv,latifah,GWO - marche avec orthèse
1823,139.0,140.98,139.99,0.012164631741022447,True,True,xsens_imu_data_segment_registered_latifah_gwo.csv,latifah,GWO - marche avec orthèse
1824,139.5,141.48,140.49,,False,False,xsens_imu_data_segment_registered_latifah_gwo.csv,latifah,GWO - marche avec orthèse
1825,140.0,141.98,140.99,0.0124203364874651,True,True,xsens_imu_data_segment_registered_latifah_gwo.csv,latifah,GWO - marche avec orthèse
1826,140.5,142.48,141.49,0.009143567556116783,True,True,xsens_imu_data_segment_registered_latifah_gwo.csv,latifah,GWO - marche avec orthèse
1827,141.0,142.98,141.99,-0.01924723735375855,True,False,xsens_imu_data_segment_registered_latifah_gwo.csv,latifah,GWO - marche avec orthèse
1828,141.5,143.48,142.49,-0.03501479697875809,True,False,xsens_imu_data_segment_registered_latifah_gwo.csv,latifah,GWO - marche avec orthèse
1829,142.0,143.98,142.99,-0.039160646079221095,True,False,xsens_imu_data_segment_registered_latifah_gwo.csv,latifah,GWO - marche avec orthèse
1830,142.5,144.48,143.49,-0.04285774947234655,True,False,xsens_imu_data_segment_registered_latifah_gwo.csv,latifah,GWO - marche avec orthèse
1831,143.0,144.98,143.99,-0.05289147054035115,True,False,xsens_imu_data_segment_registered_latifah_gwo.csv,latifah,GWO - marche avec orthèse
1832,143.5,145.48,144.49,-0.05416251126371063,True,False,xsens_imu_data_segment_registered_latifah_gwo.csv,latifah,GWO - marche avec orthèse
1833,144.0,145.98,144.99,-0.04919884582748635,True,False,xsens_imu_data_segment_registered_latifah_gwo.csv,latifah,GWO - marche avec orthèse
1834,144.5,146.48,145.49,-0.04248039087486827,True,False,xsens_imu_data_segment_registered_latifah_gwo.csv,latifah,GWO - marche avec orthèse
1835,145.0,146.98,145.99,-0.03113967295963055,True,False,xsens_imu_data_segment_registered_latifah_gwo.csv,latifah,GWO - marche avec orthèse
1836,145.5,147.48,146.49,-0.035887151821269,True,False,xsens_imu_data_segment_registered_latifah_gwo.csv,latifah,GWO - marche avec orthèse
1837,146.0,147.98,146.99,-0.03513273596890354,True,False,xsens_imu_data_segment_registered_latifah_gwo.csv,latifah,GWO - marche avec orthèse
1838,146.5,148.48,147.49,-0.034521092669560216,True,False,xsens_imu_data_segment_registered_latifah_gwo.csv,latifah,GWO - marche avec orthèse
1839,147.0,148.98,147.99,-0.025070738917263857,True,False,xsens_imu_data_segment_registered_latifah_gwo.csv,latifah,GWO - marche avec orthèse
1840,147.5,149.48,148.49,,False,False,xsens_imu_data_segment_registered_latifah_gwo.csv,latifah,GWO - marche avec orthèse
1841,148.0,149.98,148.99,0.00878384633557372,True,True,xsens_imu_data_segment_registered_latifah_gwo.csv,latifah,GWO - marche avec orthèse
1842,148.5,150.48,149.49,,False,False,xsens_imu_data_segment_registered_latifah_gwo.csv,latifah,GWO - marche avec orthèse
1843,149.0,150.98,149.99,-0.015050173900108876,True,False,xsens_imu_data_segment_registered_latifah_gwo.csv,latifah,GWO - marche avec orthèse
1844,149.5,151.48,150.49,0.007815442311985166,True,True,xsens_imu_data_segment_registered_latifah_gwo.csv,latifah,GWO - marche avec orthèse
1845,150.0,151.98,150.99,0.0045780421077551425,True,True,xsens_imu_data_segment_registered_latifah_gwo.csv,latifah,GWO - marche avec orthèse
1846,150.5,152.48,151.49,-0.023262336502241854,True,False,xsens_imu_data_segment_registered_latifah_gwo.csv,latifah,GWO - marche avec orthèse
1847,151.0,152.98,151.99,-0.01673851099375767,True,False,xsens_imu_data_segment_registered_latifah_gwo.csv,latifah,GWO - marche avec orthèse
1848,151.5,153.48,152.49,-0.01628403914385279,True,False,xsens_imu_data_segment_registered_latifah_gwo.csv,latifah,GWO - marche avec orthèse
1849,152.0,153.98,152.99,-0.03002290814236891,True,False,xsens_imu_data_segment_registered_latifah_gwo.csv,latifah,GWO - marche avec orthèse
1850,152.5,154.48,153.49,-0.006412677770238018,True,False,xsens_imu_data_segment_registered_latifah_gwo.csv,latifah,GWO - marche avec orthèse
1851,153.0,154.98,153.99,-0.05278025177638812,True,False,xsens_imu_data_segment_registered_latifah_gwo.csv,latifah,GWO - marche avec orthèse
1852,153.5,155.48,154.49,-0.021340303175564235,True,False,xsens_imu_data_segment_registered_latifah_gwo.csv,latifah,GWO - marche avec orthèse
1853,154.0,155.98,154.99,-0.0404938624678447,True,False,xsens_imu_data_segment_registered_latifah_gwo.csv,latifah,GWO - marche avec orthèse
1854,154.5,156.48,155.49,-0.03281824901469155,True,False,xsens_imu_data_segment_registered_latifah_gwo.csv,latifah,GWO - marche avec orthèse
1855,155.0,156.98,155.99,-0.030221753746041913,True,False,xsens_imu_data_segment_registered_latifah_gwo.csv,latifah,GWO - marche avec orthèse
1856,155.5,157.48,156.49,-0.01052555006833833,True,False,xsens_imu_data_segment_registered_latifah_gwo.csv,latifah,GWO - marche avec orthèse
1857,156.0,157.98,156.99,-0.010983679591842432,True,False,xsens_imu_data_segment_registered_latifah_gwo.csv,latifah,GWO - marche avec orthèse
1858,156.5,158.48,157.49,-0.011157107780195852,True,False,xsens_imu_data_segment_registered_latifah_gwo.csv,latifah,GWO - marche avec orthèse
1859,157.0,158.98,157.99,-0.031874829832331975,True,False,xsens_imu_data_segment_registered_latifah_gwo.csv,latifah,GWO - marche avec orthèse
1860,157.5,159.48,158.49,-0.038103311296816045,True,False,xsens_imu_data_segment_registered_latifah_gwo.csv,latifah,GWO - marche avec orthèse
1861,158.0,159.98,158.99,-0.0314941599669194,True,False,xsens_imu_data_segment_registered_latifah_gwo.csv,latifah,GWO - marche avec orthèse
1862,158.5,160.48,159.49,-0.03891286186545434,True,False,xsens_imu_data_segment_registered_latifah_gwo.csv,latifah,GWO - marche avec orthèse
1863,159.0,160.98,159.99,-0.031765761666458114,True,False,xsens_imu_data_segment_registered_latifah_gwo.csv,latifah,GWO - marche avec orthèse
1864,159.5,161.48,160.49,-0.032641831902994856,True,False,xsens_imu_data_segment_registered_latifah_gwo.csv,latifah,GWO - marche avec orthèse
1865,160.0,161.98,160.99,-0.02312341093670134,True,False,xsens_imu_data_segment_registered_latifah_gwo.csv,latifah,GWO - marche avec orthèse
1866,160.5,162.48,161.49,-0.032993088933163106,True,False,xsens_imu_data_segment_registered_latifah_gwo.csv,latifah,GWO - marche avec orthèse
1867,161.0,162.98,161.99,-0.021058752975229966,True,False,xsens_imu_data_segment_registered_latifah_gwo.csv,latifah,GWO - marche avec orthèse
1868,161.5,163.48,162.49,-0.020498085510036956,True,False,xsens_imu_data_segment_registered_latifah_gwo.csv,latifah,GWO - marche avec orthèse
1869,162.0,163.98,162.99,-0.008988030906992184,True,False,xsens_imu_data_segment_registered_latifah_gwo.csv,latifah,GWO - marche avec orthèse
1870,162.5,164.48,163.49,-0.02012717084608706,True,False,xsens_imu_data_segment_registered_latifah_gwo.csv,latifah,GWO - marche avec orthèse
1871,163.0,164.98,163.99,-0.022468681373122523,True,False,xsens_imu_data_segment_registered_latifah_gwo.csv,latifah,GWO - marche avec orthèse
1872,163.5,165.48,164.49,-0.030232670551177065,True,False,xsens_imu_data_segment_registered_latifah_gwo.csv,latifah,GWO - marche avec orthèse
1873,164.0,165.98,164.99,-0.01550808545711957,True,False,xsens_imu_data_segment_registered_latifah_gwo.csv,latifah,GWO - marche avec orthèse
1874,164.5,166.48,165.49,-0.02098511283551796,True,False,xsens_imu_data_segment_registered_latifah_gwo.csv,latifah,GWO - marche avec orthèse
1875,165.0,166.98,165.99,-0.017252306532328454,True,False,xsens_imu_data_segment_registered_latifah_gwo.csv,latifah,GWO - marche avec orthèse
1876,165.5,167.48,166.49,-0.029675525149949755,True,False,xsens_imu_data_segment_registered_latifah_gwo.csv,latifah,GWO - marche avec orthèse
1877,166.0,167.98,166.99,-0.02740833939941023,True,False,xsens_imu_data_segment_registered_latifah_gwo.csv,latifah,GWO - marche avec orthèse
1878,166.5,168.48,167.49,,False,False,xsens_imu_data_segment_registered_latifah_gwo.csv,latifah,GWO - marche avec orthèse
1879,167.0,168.98,167.99,,False,False,xsens_imu_data_segment_registered_latifah_gwo.csv,latifah,GWO - marche avec orthèse
1880,167.5,169.48,168.49,0.0006555277273531113,True,True,xsens_imu_data_segment_registered_latifah_gwo.csv,latifah,GWO - marche avec orthèse
1881,168.0,169.98,168.99,0.0031619114030692064,True,True,xsens_imu_data_segment_registered_latifah_gwo.csv,latifah,GWO - marche avec orthèse
1882,168.5,170.48,169.49,0.003952810006095375,True,True,xsens_imu_data_segment_registered_latifah_gwo.csv,latifah,GWO - marche avec orthèse
1883,169.0,170.98,169.99,0.002196013864936508,True,True,xsens_imu_data_segment_registered_latifah_gwo.csv,latifah,GWO - marche avec orthèse
1884,169.5,171.48,170.49,0.011683956878217994,True,True,xsens_imu_data_segment_registered_latifah_gwo.csv,latifah,GWO - marche avec orthèse
1885,170.0,171.98,170.99,0.014155950225413272,True,True,xsens_imu_data_segment_registered_latifah_gwo.csv,latifah,GWO - marche avec orthèse
1886,170.5,172.48,171.49,0.04613503249774964,True,True,xsens_imu_data_segment_registered_latifah_gwo.csv,latifah,GWO - marche avec orthèse
1887,171.0,172.98,171.99,0.02257156654118242,True,True,xsens_imu_data_segment_registered_latifah_gwo.csv,latifah,GWO - marche avec orthèse
1888,171.5,173.48,172.49,,False,False,xsens_imu_data_segment_registered_latifah_gwo.csv,latifah,GWO - marche avec orthèse
1889,172.0,173.98,172.99,0.0018565470812120788,True,True,xsens_imu_data_segment_registered_latifah_gwo.csv,latifah,GWO - marche avec orthèse
1890,172.5,174.48,173.49,0.041716139269652563,True,True,xsens_imu_data_segment_registered_latifah_gwo.csv,latifah,GWO - marche avec orthèse
1891,173.0,174.98,173.99,,False,False,xsens_imu_data_segment_registered_latifah_gwo.csv,latifah,GWO - marche avec orthèse
1892,173.5,175.48,174.49,,False,False,xsens_imu_data_segment_registered_latifah_gwo.csv,latifah,GWO - marche avec orthèse
1893,174.0,175.98,174.99,-0.04365604443529564,True,False,xsens_imu_data_segment_registered_latifah_gwo.csv,latifah,GWO - marche avec orthèse
1894,174.5,176.48,175.49,-0.025374201931294915,True,False,xsens_imu_data_segment_registered_latifah_gwo.csv,latifah,GWO - marche avec orthèse
1895,175.0,176.98,175.99,-0.00568231094568139,True,False,xsens_imu_data_segment_registered_latifah_gwo.csv,latifah,GWO - marche avec orthèse
1896,175.5,177.48,176.49,,False,False,xsens_imu_data_segment_registered_latifah_gwo.csv,latifah,GWO - marche avec orthèse
1897,176.0,177.98,176.99,,False,False,xsens_imu_data_segment_registered_latifah_gwo.csv,latifah,GWO - marche avec orthèse
1898,176.5,178.48,177.49,0.009347100247962703,True,True,xsens_imu_data_segment_registered_latifah_gwo.csv,latifah,GWO - marche avec orthèse
1899,177.0,178.98,177.99,-0.014817596152185586,True,False,xsens_imu_data_segment_registered_latifah_gwo.csv,latifah,GWO - marche avec orthèse
1900,177.5,179.48,178.49,-0.012586130125676886,True,False,xsens_imu_data_segment_registered_latifah_gwo.csv,latifah,GWO - marche avec orthèse
1901,178.0,179.98,178.99,-0.01949756760901611,True,False,xsens_imu_data_segment_registered_latifah_gwo.csv,latifah,GWO - marche avec orthèse
1902,178.5,180.48,179.49,,False,False,xsens_imu_data_segment_registered_latifah_gwo.csv,latifah,GWO - marche avec orthèse
1903,179.0,180.98,179.99,-0.014004795787366131,True,False,xsens_imu_data_segment_registered_latifah_gwo.csv,latifah,GWO - marche avec orthèse
1904,179.5,181.48,180.49,-0.02837438732039299,True,False,xsens_imu_data_segment_registered_latifah_gwo.csv,latifah,GWO - marche avec orthèse
1905,180.0,181.98,180.99,-0.011969736150031274,True,False,xsens_imu_data_segment_registered_latifah_gwo.csv,latifah,GWO - marche avec orthèse
1906,180.5,182.48,181.49,-0.021890401596287967,True,False,xsens_imu_data_segment_registered_latifah_gwo.csv,latifah,GWO - marche avec orthèse
1907,181.0,182.98,181.99,-0.0220866918831627,True,False,xsens_imu_data_segment_registered_latifah_gwo.csv,latifah,GWO - marche avec orthèse
1908,181.5,183.48,182.49,-0.022430569831761615,True,False,xsens_imu_data_segment_registered_latifah_gwo.csv,latifah,GWO - marche avec orthèse
1909,182.0,183.98,182.99,-0.0063493815597776004,True,False,xsens_imu_data_segment_registered_latifah_gwo.csv,latifah,GWO - marche avec orthèse
1910,182.5,184.48,183.49,-0.03655962812085939,True,False,xsens_imu_data_segment_registered_latifah_gwo.csv,latifah,GWO - marche avec orthèse
1911,183.0,184.98,183.99,-0.0032187636015263976,True,False,xsens_imu_data_segment_registered_latifah_gwo.csv,latifah,GWO - marche avec orthèse
1912,183.5,185.48,184.49,,False,False,xsens_imu_data_segment_registered_latifah_gwo.csv,latifah,GWO - marche avec orthèse
1913,184.0,185.98,184.99,,False,False,xsens_imu_data_segment_registered_latifah_gwo.csv,latifah,GWO - marche avec orthèse
1914,184.5,186.48,185.49,,False,False,xsens_imu_data_segment_registered_latifah_gwo.csv,latifah,GWO - marche avec orthèse
1915,185.0,186.98,185.99,-0.03220461446864098,True,False,xsens_imu_data_segment_registered_latifah_gwo.csv,latifah,GWO - marche avec orthèse
1916,185.5,187.48,186.49,-0.028489879199264156,True,False,xsens_imu_data_segment_registered_latifah_gwo.csv,latifah,GWO - marche avec orthèse
1917,186.0,187.98,186.99,-0.03431388388340012,True,False,xsens_imu_data_segment_registered_latifah_gwo.csv,latifah,GWO - marche avec orthèse
1918,186.5,188.48,187.49,-0.044746858754151686,True,False,xsens_imu_data_segment_registered_latifah_gwo.csv,latifah,GWO - marche avec orthèse
1919,187.0,188.98,187.99,-0.03702142780326134,True,False,xsens_imu_data_segment_registered_latifah_gwo.csv,latifah,GWO - marche avec orthèse
1920,187.5,189.48,188.49,-0.03642426410249211,True,False,xsens_imu_data_segment_registered_latifah_gwo.csv,latifah,GWO - marche avec orthèse
1921,188.0,189.98,188.99,-0.03344483715507374,True,False,xsens_imu_data_segment_registered_latifah_gwo.csv,latifah,GWO - marche avec orthèse
1922,188.5,190.48,189.49,-0.037661289174441615,True,False,xsens_imu_data_segment_registered_latifah_gwo.csv,latifah,GWO - marche avec orthèse
1923,189.0,190.98,189.99,-0.029653973726469496,True,False,xsens_imu_data_segment_registered_latifah_gwo.csv,latifah,GWO - marche avec orthèse
1924,189.5,191.48,190.49,-0.041009266591635174,True,False,xsens_imu_data_segment_registered_latifah_gwo.csv,latifah,GWO - marche avec orthèse
1925,190.0,191.98,190.99,-0.043530584143794626,True,False,xsens_imu_data_segment_registered_latifah_gwo.csv,latifah,GWO - marche avec orthèse
1926,190.5,192.48,191.49,,False,False,xsens_imu_data_segment_registered_latifah_gwo.csv,latifah,GWO - marche avec orthèse
1927,191.0,192.98,191.99,,False,False,xsens_imu_data_segment_registered_latifah_gwo.csv,latifah,GWO - marche avec orthèse
1928,191.5,193.48,192.49,0.005947693640566021,True,True,xsens_imu_data_segment_registered_latifah_gwo.csv,latifah,GWO - marche avec orthèse
1929,192.0,193.98,192.99,,False,False,xsens_imu_data_segment_registered_latifah_gwo.csv,latifah,GWO - marche avec orthèse
1930,192.5,194.48,193.49,-0.031640308438229736,True,False,xsens_imu_data_segment_registered_latifah_gwo.csv,latifah,GWO - marche avec orthèse
1931,193.0,194.98,193.99,,False,False,xsens_imu_data_segment_registered_latifah_gwo.csv,latifah,GWO - marche avec orthèse
1932,193.5,195.48,194.49,,False,False,xsens_imu_data_segment_registered_latifah_gwo.csv,latifah,GWO - marche avec orthèse
1933,194.0,195.98,194.99,-0.014132193185016129,True,False,xsens_imu_data_segment_registered_latifah_gwo.csv,latifah,GWO - marche avec orthèse
1934,194.5,196.48,195.49,0.015659830115365314,True,True,xsens_imu_data_segment_registered_latifah_gwo.csv,latifah,GWO - marche avec orthèse
1935,195.0,196.98,195.99,0.004296670059973584,True,True,xsens_imu_data_segment_registered_latifah_gwo.csv,latifah,GWO - marche avec orthèse
1936,195.5,197.48,196.49,0.01631928477181055,True,True,xsens_imu_data_segment_registered_latifah_gwo.csv,latifah,GWO - marche avec orthèse
1937,196.0,197.98,196.99,-0.001552189330010334,True,False,xsens_imu_data_segment_registered_latifah_gwo.csv,latifah,GWO - marche avec orthèse
1938,196.5,198.48,197.49,-0.026499041631528775,True,False,xsens_imu_data_segment_registered_latifah_gwo.csv,latifah,GWO - marche avec orthèse
1939,197.0,198.98,197.99,-0.051486341011829306,True,False,xsens_imu_data_segment_registered_latifah_gwo.csv,latifah,GWO - marche avec orthèse
1940,197.5,199.48,198.49,-0.030564160802589058,True,False,xsens_imu_data_segment_registered_latifah_gwo.csv,latifah,GWO - marche avec orthèse
1941,198.0,199.98,198.99,-0.03444665371362249,True,False,xsens_imu_data_segment_registered_latifah_gwo.csv,latifah,GWO - marche avec orthèse
1942,198.5,200.48,199.49,-0.03398900148009859,True,False,xsens_imu_data_segment_registered_latifah_gwo.csv,latifah,GWO - marche avec orthèse
1943,199.0,200.98,199.99,-0.038291709276879304,True,False,xsens_imu_data_segment_registered_latifah_gwo.csv,latifah,GWO - marche avec orthèse
1944,199.5,201.48,200.49,-0.0647407839756009,True,False,xsens_imu_data_segment_registered_latifah_gwo.csv,latifah,GWO - marche avec orthèse
1945,200.0,201.98,200.99,-0.05958494615387333,True,False,xsens_imu_data_segment_registered_latifah_gwo.csv,latifah,GWO - marche avec orthèse
1946,200.5,202.48,201.49,-0.054003316526224865,True,False,xsens_imu_data_segment_registered_latifah_gwo.csv,latifah,GWO - marche avec orthèse
1947,201.0,202.98,201.99,-0.04664224214389662,True,False,xsens_imu_data_segment_registered_latifah_gwo.csv,latifah,GWO - marche avec orthèse
1948,201.5,203.48,202.49,-0.03819172219935729,True,False,xsens_imu_data_segment_registered_latifah_gwo.csv,latifah,GWO - marche avec orthèse
1949,202.0,203.98,202.99,-0.04877170738043329,True,False,xsens_imu_data_segment_registered_latifah_gwo.csv,latifah,GWO - marche avec orthèse
1950,202.5,204.48,203.49,-0.05460935431092645,True,False,xsens_imu_data_segment_registered_latifah_gwo.csv,latifah,GWO - marche avec orthèse
1951,203.0,204.98,203.99,-0.04814322807300386,True,False,xsens_imu_data_segment_registered_latifah_gwo.csv,latifah,GWO - marche avec orthèse
1952,203.5,205.48,204.49,-0.05943231689208278,True,False,xsens_imu_data_segment_registered_latifah_gwo.csv,latifah,GWO - marche avec orthèse
1953,204.0,205.98,204.99,-0.053576459950826605,True,False,xsens_imu_data_segment_registered_latifah_gwo.csv,latifah,GWO - marche avec orthèse
1954,204.5,206.48,205.49,-0.0608748475308209,True,False,xsens_imu_data_segment_registered_latifah_gwo.csv,latifah,GWO - marche avec orthèse
1955,205.0,206.98,205.99,-0.06770564985169092,True,False,xsens_imu_data_segment_registered_latifah_gwo.csv,latifah,GWO - marche avec orthèse
1956,205.5,207.48,206.49,-0.05362631699703707,True,False,xsens_imu_data_segment_registered_latifah_gwo.csv,latifah,GWO - marche avec orthèse
1957,206.0,207.98,206.99,-0.04909603380788519,True,False,xsens_imu_data_segment_registered_latifah_gwo.csv,latifah,GWO - marche avec orthèse
1958,206.5,208.48,207.49,,False,False,xsens_imu_data_segment_registered_latifah_gwo.csv,latifah,GWO - marche avec orthèse
1959,207.0,208.98,207.99,-0.06364398618667211,True,False,xsens_imu_data_segment_registered_latifah_gwo.csv,latifah,GWO - marche avec orthèse
1960,0.0,1.98,0.99,,False,False,xsens_imu_data_segment_registered_ziri_gwo.csv,ziri,GWO - marche avec orthèse
1961,0.5,2.48,1.49,,False,False,xsens_imu_data_segment_registered_ziri_gwo.csv,ziri,GWO - marche avec orthèse
1962,1.0,2.98,1.99,,False,False,xsens_imu_data_segment_registered_ziri_gwo.csv,ziri,GWO - marche avec orthèse
1963,1.5,3.48,2.49,,False,False,xsens_imu_data_segment_registered_ziri_gwo.csv,ziri,GWO - marche avec orthèse
1964,2.0,3.98,2.99,0.16117255560283583,True,True,xsens_imu_data_segment_registered_ziri_gwo.csv,ziri,GWO - marche avec orthèse
1965,2.5,4.48,3.49,0.1227851039214024,True,True,xsens_imu_data_segment_registered_ziri_gwo.csv,ziri,GWO - marche avec orthèse
1966,3.0,4.98,3.99,0.14939987758079953,True,True,xsens_imu_data_segment_registered_ziri_gwo.csv,ziri,GWO - marche avec orthèse
1967,3.5,5.48,4.49,,False,False,xsens_imu_data_segment_registered_ziri_gwo.csv,ziri,GWO - marche avec orthèse
1968,4.0,5.98,4.99,,False,False,xsens_imu_data_segment_registered_ziri_gwo.csv,ziri,GWO - marche avec orthèse
1969,4.5,6.48,5.49,,False,False,xsens_imu_data_segment_registered_ziri_gwo.csv,ziri,GWO - marche avec orthèse
1970,5.0,6.98,5.99,,False,False,xsens_imu_data_segment_registered_ziri_gwo.csv,ziri,GWO - marche avec orthèse
1971,5.5,7.48,6.49,,False,False,xsens_imu_data_segment_registered_ziri_gwo.csv,ziri,GWO - marche avec orthèse
1972,6.0,7.98,6.99,,False,False,xsens_imu_data_segment_registered_ziri_gwo.csv,ziri,GWO - marche avec orthèse
1973,6.5,8.48,7.49,,False,False,xsens_imu_data_segment_registered_ziri_gwo.csv,ziri,GWO - marche avec orthèse
1974,7.0,8.98,7.99,,False,False,xsens_imu_data_segment_registered_ziri_gwo.csv,ziri,GWO - marche avec orthèse
1975,7.5,9.48,8.49,,False,False,xsens_imu_data_segment_registered_ziri_gwo.csv,ziri,GWO - marche avec orthèse
1976,8.0,9.98,8.99,0.08045207036161084,True,True,xsens_imu_data_segment_registered_ziri_gwo.csv,ziri,GWO - marche avec orthèse
1977,8.5,10.48,9.49,,False,False,xsens_imu_data_segment_registered_ziri_gwo.csv,ziri,GWO - marche avec orthèse
1978,9.0,10.98,9.99,,False,False,xsens_imu_data_segment_registered_ziri_gwo.csv,ziri,GWO - marche avec orthèse
1979,9.5,11.48,10.49,,False,False,xsens_imu_data_segment_registered_ziri_gwo.csv,ziri,GWO - marche avec orthèse
1980,10.0,11.98,10.99,0.026666063349646496,True,True,xsens_imu_data_segment_registered_ziri_gwo.csv,ziri,GWO - marche avec orthèse
1981,10.5,12.48,11.49,0.0021762288867055446,True,True,xsens_imu_data_segment_registered_ziri_gwo.csv,ziri,GWO - marche avec orthèse
1982,11.0,12.98,11.99,0.011869202773869159,True,True,xsens_imu_data_segment_registered_ziri_gwo.csv,ziri,GWO - marche avec orthèse
1983,11.5,13.48,12.49,0.009615079067175847,True,True,xsens_imu_data_segment_registered_ziri_gwo.csv,ziri,GWO - marche avec orthèse
1984,12.0,13.98,12.99,0.0017417012945327714,True,True,xsens_imu_data_segment_registered_ziri_gwo.csv,ziri,GWO - marche avec orthèse
1985,12.5,14.48,13.49,-0.01352974114011607,True,False,xsens_imu_data_segment_registered_ziri_gwo.csv,ziri,GWO - marche avec orthèse
1986,13.0,14.98,13.99,-0.046764633589470306,True,False,xsens_imu_data_segment_registered_ziri_gwo.csv,ziri,GWO - marche avec orthèse
1987,13.5,15.48,14.49,-0.06482045491679933,True,False,xsens_imu_data_segment_registered_ziri_gwo.csv,ziri,GWO - marche avec orthèse
1988,14.0,15.98,14.99,-0.07446584612682555,True,False,xsens_imu_data_segment_registered_ziri_gwo.csv,ziri,GWO - marche avec orthèse
1989,14.5,16.48,15.49,-0.0392282479229924,True,False,xsens_imu_data_segment_registered_ziri_gwo.csv,ziri,GWO - marche avec orthèse
1990,15.0,16.98,15.99,-0.0460995776596807,True,False,xsens_imu_data_segment_registered_ziri_gwo.csv,ziri,GWO - marche avec orthèse
1991,15.5,17.48,16.490000000000002,-0.034237133712898105,True,False,xsens_imu_data_segment_registered_ziri_gwo.csv,ziri,GWO - marche avec orthèse
1992,16.0,17.98,16.990000000000002,-0.014441190435916074,True,False,xsens_imu_data_segment_registered_ziri_gwo.csv,ziri,GWO - marche avec orthèse
1993,16.5,18.48,17.490000000000002,-0.033687317277478424,True,False,xsens_imu_data_segment_registered_ziri_gwo.csv,ziri,GWO - marche avec orthèse
1994,17.0,18.98,17.990000000000002,-0.03563193605557158,True,False,xsens_imu_data_segment_registered_ziri_gwo.csv,ziri,GWO - marche avec orthèse
1995,17.5,19.48,18.490000000000002,-0.06647175746254452,True,False,xsens_imu_data_segment_registered_ziri_gwo.csv,ziri,GWO - marche avec orthèse
1996,18.0,19.98,18.990000000000002,-0.04748007629762274,True,False,xsens_imu_data_segment_registered_ziri_gwo.csv,ziri,GWO - marche avec orthèse
1997,18.5,20.48,19.490000000000002,-0.06689573245516078,True,False,xsens_imu_data_segment_registered_ziri_gwo.csv,ziri,GWO - marche avec orthèse
1998,19.0,20.98,19.990000000000002,-0.05640684230301557,True,False,xsens_imu_data_segment_registered_ziri_gwo.csv,ziri,GWO - marche avec orthèse
1999,19.5,21.48,20.490000000000002,-0.01632029419135117,True,False,xsens_imu_data_segment_registered_ziri_gwo.csv,ziri,GWO - marche avec orthèse
2000,20.0,21.98,20.990000000000002,-0.0018905844365972868,True,False,xsens_imu_data_segment_registered_ziri_gwo.csv,ziri,GWO - marche avec orthèse
2001,20.5,22.48,21.490000000000002,-0.008444889297013702,True,False,xsens_imu_data_segment_registered_ziri_gwo.csv,ziri,GWO - marche avec orthèse
2002,21.0,22.98,21.990000000000002,,False,False,xsens_imu_data_segment_registered_ziri_gwo.csv,ziri,GWO - marche avec orthèse
2003,21.5,23.48,22.490000000000002,-0.032180014731686135,True,False,xsens_imu_data_segment_registered_ziri_gwo.csv,ziri,GWO - marche avec orthèse
2004,22.0,23.98,22.990000000000002,-0.05973618127693292,True,False,xsens_imu_data_segment_registered_ziri_gwo.csv,ziri,GWO - marche avec orthèse
2005,22.5,24.48,23.490000000000002,-0.05811124597979461,True,False,xsens_imu_data_segment_registered_ziri_gwo.csv,ziri,GWO - marche avec orthèse
2006,23.0,24.98,23.990000000000002,-0.0584244644457404,True,False,xsens_imu_data_segment_registered_ziri_gwo.csv,ziri,GWO - marche avec orthèse
2007,23.5,25.48,24.490000000000002,-0.03633241823725364,True,False,xsens_imu_data_segment_registered_ziri_gwo.csv,ziri,GWO - marche avec orthèse
2008,24.0,25.98,24.990000000000002,-0.03296486413918076,True,False,xsens_imu_data_segment_registered_ziri_gwo.csv,ziri,GWO - marche avec orthèse
2009,24.5,26.48,25.490000000000002,-0.05125301613914168,True,False,xsens_imu_data_segment_registered_ziri_gwo.csv,ziri,GWO - marche avec orthèse
2010,25.0,26.98,25.990000000000002,-0.06088280268502927,True,False,xsens_imu_data_segment_registered_ziri_gwo.csv,ziri,GWO - marche avec orthèse
2011,25.5,27.48,26.490000000000002,-0.07157295668226277,True,False,xsens_imu_data_segment_registered_ziri_gwo.csv,ziri,GWO - marche avec orthèse
2012,26.0,27.98,26.990000000000002,-0.07850369263626528,True,False,xsens_imu_data_segment_registered_ziri_gwo.csv,ziri,GWO - marche avec orthèse
2013,26.5,28.48,27.490000000000002,-0.0700785226004857,True,False,xsens_imu_data_segment_registered_ziri_gwo.csv,ziri,GWO - marche avec orthèse
2014,27.0,28.98,27.990000000000002,-0.08051962684972658,True,False,xsens_imu_data_segment_registered_ziri_gwo.csv,ziri,GWO - marche avec orthèse
2015,27.5,29.48,28.490000000000002,-0.07801474028991062,True,False,xsens_imu_data_segment_registered_ziri_gwo.csv,ziri,GWO - marche avec orthèse
2016,28.0,29.98,28.990000000000002,-0.07076112799220607,True,False,xsens_imu_data_segment_registered_ziri_gwo.csv,ziri,GWO - marche avec orthèse
2017,28.5,30.48,29.490000000000002,-0.06263866684338959,True,False,xsens_imu_data_segment_registered_ziri_gwo.csv,ziri,GWO - marche avec orthèse
2018,29.0,30.98,29.990000000000002,-0.05431992733666835,True,False,xsens_imu_data_segment_registered_ziri_gwo.csv,ziri,GWO - marche avec orthèse
2019,29.5,31.48,30.490000000000002,-0.06995856545433227,True,False,xsens_imu_data_segment_registered_ziri_gwo.csv,ziri,GWO - marche avec orthèse
2020,30.0,31.98,30.990000000000002,-0.09260450187983493,True,False,xsens_imu_data_segment_registered_ziri_gwo.csv,ziri,GWO - marche avec orthèse
2021,30.5,32.480000000000004,31.490000000000002,-0.0764177839193328,True,False,xsens_imu_data_segment_registered_ziri_gwo.csv,ziri,GWO - marche avec orthèse
2022,31.0,32.980000000000004,31.990000000000002,-0.04145006285228048,True,False,xsens_imu_data_segment_registered_ziri_gwo.csv,ziri,GWO - marche avec orthèse
2023,31.5,33.480000000000004,32.49,-0.05568130320532211,True,False,xsens_imu_data_segment_registered_ziri_gwo.csv,ziri,GWO - marche avec orthèse
2024,32.0,33.980000000000004,32.99,-0.053060405822662526,True,False,xsens_imu_data_segment_registered_ziri_gwo.csv,ziri,GWO - marche avec orthèse
2025,32.5,34.480000000000004,33.49,-0.055586244388781125,True,False,xsens_imu_data_segment_registered_ziri_gwo.csv,ziri,GWO - marche avec orthèse
2026,33.0,34.980000000000004,33.99,-0.07130295204270637,True,False,xsens_imu_data_segment_registered_ziri_gwo.csv,ziri,GWO - marche avec orthèse
2027,33.5,35.480000000000004,34.49,-0.06389979092251019,True,False,xsens_imu_data_segment_registered_ziri_gwo.csv,ziri,GWO - marche avec orthèse
2028,34.0,35.980000000000004,34.99,-0.0718661392379899,True,False,xsens_imu_data_segment_registered_ziri_gwo.csv,ziri,GWO - marche avec orthèse
2029,34.5,36.48,35.489999999999995,-0.05818745479319448,True,False,xsens_imu_data_segment_registered_ziri_gwo.csv,ziri,GWO - marche avec orthèse
2030,35.0,36.98,35.989999999999995,-0.07842291844123317,True,False,xsens_imu_data_segment_registered_ziri_gwo.csv,ziri,GWO - marche avec orthèse
2031,35.5,37.48,36.489999999999995,-0.06589306819710833,True,False,xsens_imu_data_segment_registered_ziri_gwo.csv,ziri,GWO - marche avec orthèse
2032,36.0,37.98,36.989999999999995,-0.07627959428819325,True,False,xsens_imu_data_segment_registered_ziri_gwo.csv,ziri,GWO - marche avec orthèse
2033,36.5,38.48,37.489999999999995,-0.09715210850507966,True,False,xsens_imu_data_segment_registered_ziri_gwo.csv,ziri,GWO - marche avec orthèse
2034,37.0,38.98,37.989999999999995,-0.09402777285759523,True,False,xsens_imu_data_segment_registered_ziri_gwo.csv,ziri,GWO - marche avec orthèse
2035,37.5,39.48,38.489999999999995,-0.07788906537208906,True,False,xsens_imu_data_segment_registered_ziri_gwo.csv,ziri,GWO - marche avec orthèse
2036,38.0,39.98,38.989999999999995,-0.06424180835368609,True,False,xsens_imu_data_segment_registered_ziri_gwo.csv,ziri,GWO - marche avec orthèse
2037,38.5,40.48,39.489999999999995,-0.06328077630467621,True,False,xsens_imu_data_segment_registered_ziri_gwo.csv,ziri,GWO - marche avec orthèse
2038,39.0,40.98,39.989999999999995,-0.04826853201105241,True,False,xsens_imu_data_segment_registered_ziri_gwo.csv,ziri,GWO - marche avec orthèse
2039,39.5,41.48,40.489999999999995,-0.05782531124001078,True,False,xsens_imu_data_segment_registered_ziri_gwo.csv,ziri,GWO - marche avec orthèse
2040,40.0,41.98,40.989999999999995,-0.053332012040909316,True,False,xsens_imu_data_segment_registered_ziri_gwo.csv,ziri,GWO - marche avec orthèse
2041,40.5,42.48,41.489999999999995,-0.057346020606980797,True,False,xsens_imu_data_segment_registered_ziri_gwo.csv,ziri,GWO - marche avec orthèse
2042,41.0,42.98,41.989999999999995,-0.06519390275364123,True,False,xsens_imu_data_segment_registered_ziri_gwo.csv,ziri,GWO - marche avec orthèse
2043,41.5,43.48,42.489999999999995,-0.04601204749269294,True,False,xsens_imu_data_segment_registered_ziri_gwo.csv,ziri,GWO - marche avec orthèse
2044,42.0,43.98,42.989999999999995,-0.0714068877006962,True,False,xsens_imu_data_segment_registered_ziri_gwo.csv,ziri,GWO - marche avec orthèse
2045,42.5,44.48,43.489999999999995,-0.044310455607883825,True,False,xsens_imu_data_segment_registered_ziri_gwo.csv,ziri,GWO - marche avec orthèse
2046,43.0,44.98,43.989999999999995,-0.05827183261499452,True,False,xsens_imu_data_segment_registered_ziri_gwo.csv,ziri,GWO - marche avec orthèse
2047,43.5,45.48,44.489999999999995,-0.040656347119587266,True,False,xsens_imu_data_segment_registered_ziri_gwo.csv,ziri,GWO - marche avec orthèse
2048,44.0,45.98,44.989999999999995,-0.06250241546672958,True,False,xsens_imu_data_segment_registered_ziri_gwo.csv,ziri,GWO - marche avec orthèse
2049,44.5,46.48,45.489999999999995,-0.06128493021808923,True,False,xsens_imu_data_segment_registered_ziri_gwo.csv,ziri,GWO - marche avec orthèse
2050,45.0,46.98,45.989999999999995,-0.057248947669026995,True,False,xsens_imu_data_segment_registered_ziri_gwo.csv,ziri,GWO - marche avec orthèse
2051,45.5,47.48,46.489999999999995,-0.06879964492774837,True,False,xsens_imu_data_segment_registered_ziri_gwo.csv,ziri,GWO - marche avec orthèse
2052,46.0,47.98,46.989999999999995,-0.04509459921398057,True,False,xsens_imu_data_segment_registered_ziri_gwo.csv,ziri,GWO - marche avec orthèse
2053,46.5,48.48,47.489999999999995,-0.04919311439338481,True,False,xsens_imu_data_segment_registered_ziri_gwo.csv,ziri,GWO - marche avec orthèse
2054,47.0,48.98,47.989999999999995,-0.046376286309710246,True,False,xsens_imu_data_segment_registered_ziri_gwo.csv,ziri,GWO - marche avec orthèse
2055,47.5,49.48,48.489999999999995,-0.031458949022332316,True,False,xsens_imu_data_segment_registered_ziri_gwo.csv,ziri,GWO - marche avec orthèse
2056,48.0,49.98,48.989999999999995,-0.055838763280846526,True,False,xsens_imu_data_segment_registered_ziri_gwo.csv,ziri,GWO - marche avec orthèse
2057,48.5,50.48,49.489999999999995,-0.07991345676402367,True,False,xsens_imu_data_segment_registered_ziri_gwo.csv,ziri,GWO - marche avec orthèse
2058,49.0,50.98,49.989999999999995,-0.08566947593889279,True,False,xsens_imu_data_segment_registered_ziri_gwo.csv,ziri,GWO - marche avec orthèse
2059,49.5,51.48,50.489999999999995,-0.07652106733962921,True,False,xsens_imu_data_segment_registered_ziri_gwo.csv,ziri,GWO - marche avec orthèse
2060,50.0,51.98,50.989999999999995,-0.07636279135523266,True,False,xsens_imu_data_segment_registered_ziri_gwo.csv,ziri,GWO - marche avec orthèse
2061,50.5,52.48,51.489999999999995,-0.06576331649459943,True,False,xsens_imu_data_segment_registered_ziri_gwo.csv,ziri,GWO - marche avec orthèse
2062,51.0,52.98,51.989999999999995,-0.0533829762031407,True,False,xsens_imu_data_segment_registered_ziri_gwo.csv,ziri,GWO - marche avec orthèse
2063,51.5,53.48,52.489999999999995,-0.04770162205584594,True,False,xsens_imu_data_segment_registered_ziri_gwo.csv,ziri,GWO - marche avec orthèse
2064,52.0,53.98,52.989999999999995,-0.04908090358015177,True,False,xsens_imu_data_segment_registered_ziri_gwo.csv,ziri,GWO - marche avec orthèse
2065,52.5,54.48,53.489999999999995,-0.062429374861291076,True,False,xsens_imu_data_segment_registered_ziri_gwo.csv,ziri,GWO - marche avec orthèse
2066,53.0,54.98,53.989999999999995,-0.08491146546607331,True,False,xsens_imu_data_segment_registered_ziri_gwo.csv,ziri,GWO - marche avec orthèse
2067,53.5,55.48,54.489999999999995,-0.09716704288917544,True,False,xsens_imu_data_segment_registered_ziri_gwo.csv,ziri,GWO - marche avec orthèse
2068,54.0,55.98,54.989999999999995,-0.08461948092123606,True,False,xsens_imu_data_segment_registered_ziri_gwo.csv,ziri,GWO - marche avec orthèse
2069,54.5,56.48,55.489999999999995,-0.08216007495895494,True,False,xsens_imu_data_segment_registered_ziri_gwo.csv,ziri,GWO - marche avec orthèse
2070,55.0,56.98,55.989999999999995,-0.050309390717606206,True,False,xsens_imu_data_segment_registered_ziri_gwo.csv,ziri,GWO - marche avec orthèse
2071,55.5,57.48,56.489999999999995,-0.050637884951074075,True,False,xsens_imu_data_segment_registered_ziri_gwo.csv,ziri,GWO - marche avec orthèse
2072,56.0,57.98,56.989999999999995,-0.05873298484521644,True,False,xsens_imu_data_segment_registered_ziri_gwo.csv,ziri,GWO - marche avec orthèse
2073,56.5,58.48,57.489999999999995,-0.05345328486579548,True,False,xsens_imu_data_segment_registered_ziri_gwo.csv,ziri,GWO - marche avec orthèse
2074,57.0,58.98,57.989999999999995,-0.060000501444926024,True,False,xsens_imu_data_segment_registered_ziri_gwo.csv,ziri,GWO - marche avec orthèse
2075,57.5,59.48,58.489999999999995,-0.060799889797349516,True,False,xsens_imu_data_segment_registered_ziri_gwo.csv,ziri,GWO - marche avec orthèse
2076,58.0,59.98,58.989999999999995,-0.054309819981399055,True,False,xsens_imu_data_segment_registered_ziri_gwo.csv,ziri,GWO - marche avec orthèse
2077,58.5,60.48,59.489999999999995,-0.04848799030599471,True,False,xsens_imu_data_segment_registered_ziri_gwo.csv,ziri,GWO - marche avec orthèse
2078,59.0,60.98,59.989999999999995,-0.06875482504195213,True,False,xsens_imu_data_segment_registered_ziri_gwo.csv,ziri,GWO - marche avec orthèse
2079,59.5,61.48,60.489999999999995,-0.06210253153793044,True,False,xsens_imu_data_segment_registered_ziri_gwo.csv,ziri,GWO - marche avec orthèse
2080,60.0,61.98,60.989999999999995,-0.06998409473637651,True,False,xsens_imu_data_segment_registered_ziri_gwo.csv,ziri,GWO - marche avec orthèse
2081,60.5,62.48,61.489999999999995,-0.06519679278717172,True,False,xsens_imu_data_segment_registered_ziri_gwo.csv,ziri,GWO - marche avec orthèse
2082,61.0,62.98,61.989999999999995,-0.059864752234657315,True,False,xsens_imu_data_segment_registered_ziri_gwo.csv,ziri,GWO - marche avec orthèse
2083,61.5,63.48,62.489999999999995,-0.064451393418956,True,False,xsens_imu_data_segment_registered_ziri_gwo.csv,ziri,GWO - marche avec orthèse
2084,62.0,63.98,62.989999999999995,-0.08328675286055526,True,False,xsens_imu_data_segment_registered_ziri_gwo.csv,ziri,GWO - marche avec orthèse
2085,62.5,64.48,63.49,-0.0775824369777427,True,False,xsens_imu_data_segment_registered_ziri_gwo.csv,ziri,GWO - marche avec orthèse
2086,63.0,64.98,63.99,-0.07169311460294636,True,False,xsens_imu_data_segment_registered_ziri_gwo.csv,ziri,GWO - marche avec orthèse
2087,63.5,65.48,64.49000000000001,-0.0840438640483393,True,False,xsens_imu_data_segment_registered_ziri_gwo.csv,ziri,GWO - marche avec orthèse
2088,64.0,65.98,64.99000000000001,-0.07177274063707484,True,False,xsens_imu_data_segment_registered_ziri_gwo.csv,ziri,GWO - marche avec orthèse
2089,64.5,66.48,65.49000000000001,-0.09092380117593163,True,False,xsens_imu_data_segment_registered_ziri_gwo.csv,ziri,GWO - marche avec orthèse
2090,65.0,66.98,65.99000000000001,-0.08618530539974611,True,False,xsens_imu_data_segment_registered_ziri_gwo.csv,ziri,GWO - marche avec orthèse
2091,65.5,67.48,66.49000000000001,-0.076167885712068,True,False,xsens_imu_data_segment_registered_ziri_gwo.csv,ziri,GWO - marche avec orthèse
2092,66.0,67.98,66.99000000000001,-0.07210871267089808,True,False,xsens_imu_data_segment_registered_ziri_gwo.csv,ziri,GWO - marche avec orthèse
2093,66.5,68.48,67.49000000000001,-0.06239624078947931,True,False,xsens_imu_data_segment_registered_ziri_gwo.csv,ziri,GWO - marche avec orthèse
2094,67.0,68.98,67.99000000000001,-0.03820651213224352,True,False,xsens_imu_data_segment_registered_ziri_gwo.csv,ziri,GWO - marche avec orthèse
2095,67.5,69.48,68.49000000000001,-0.05456958367149772,True,False,xsens_imu_data_segment_registered_ziri_gwo.csv,ziri,GWO - marche avec orthèse
2096,68.0,69.98,68.99000000000001,-0.06451536368871463,True,False,xsens_imu_data_segment_registered_ziri_gwo.csv,ziri,GWO - marche avec orthèse
2097,68.5,70.48,69.49000000000001,-0.05739260818314251,True,False,xsens_imu_data_segment_registered_ziri_gwo.csv,ziri,GWO - marche avec orthèse
2098,69.0,70.98,69.99000000000001,-0.08282934648384782,True,False,xsens_imu_data_segment_registered_ziri_gwo.csv,ziri,GWO - marche avec orthèse
2099,69.5,71.48,70.49000000000001,-0.08791278399626484,True,False,xsens_imu_data_segment_registered_ziri_gwo.csv,ziri,GWO - marche avec orthèse
2100,70.0,71.98,70.99000000000001,-0.07516781864691702,True,False,xsens_imu_data_segment_registered_ziri_gwo.csv,ziri,GWO - marche avec orthèse
2101,70.5,72.48,71.49000000000001,-0.07094077866292697,True,False,xsens_imu_data_segment_registered_ziri_gwo.csv,ziri,GWO - marche avec orthèse
2102,71.0,72.98,71.99000000000001,-0.07864123985300114,True,False,xsens_imu_data_segment_registered_ziri_gwo.csv,ziri,GWO - marche avec orthèse
2103,71.5,73.48,72.49000000000001,-0.08725080309605998,True,False,xsens_imu_data_segment_registered_ziri_gwo.csv,ziri,GWO - marche avec orthèse
2104,72.0,73.98,72.99000000000001,-0.08541584248771905,True,False,xsens_imu_data_segment_registered_ziri_gwo.csv,ziri,GWO - marche avec orthèse
2105,72.5,74.48,73.49000000000001,-0.07991911790925083,True,False,xsens_imu_data_segment_registered_ziri_gwo.csv,ziri,GWO - marche avec orthèse
2106,73.0,74.98,73.99000000000001,-0.06875779863638826,True,False,xsens_imu_data_segment_registered_ziri_gwo.csv,ziri,GWO - marche avec orthèse
2107,73.5,75.48,74.49000000000001,-0.0801803954868911,True,False,xsens_imu_data_segment_registered_ziri_gwo.csv,ziri,GWO - marche avec orthèse
2108,74.0,75.98,74.99000000000001,-0.07445584041496817,True,False,xsens_imu_data_segment_registered_ziri_gwo.csv,ziri,GWO - marche avec orthèse
2109,74.5,76.48,75.49000000000001,-0.08914176696748555,True,False,xsens_imu_data_segment_registered_ziri_gwo.csv,ziri,GWO - marche avec orthèse
2110,75.0,76.98,75.99000000000001,-0.09173029812332467,True,False,xsens_imu_data_segment_registered_ziri_gwo.csv,ziri,GWO - marche avec orthèse
2111,75.5,77.48,76.49000000000001,-0.09391349855173464,True,False,xsens_imu_data_segment_registered_ziri_gwo.csv,ziri,GWO - marche avec orthèse
2112,76.0,77.98,76.99000000000001,-0.08322298147538709,True,False,xsens_imu_data_segment_registered_ziri_gwo.csv,ziri,GWO - marche avec orthèse
2113,76.5,78.48,77.49000000000001,-0.08808366004018553,True,False,xsens_imu_data_segment_registered_ziri_gwo.csv,ziri,GWO - marche avec orthèse
2114,77.0,78.98,77.99000000000001,-0.08589346124648273,True,False,xsens_imu_data_segment_registered_ziri_gwo.csv,ziri,GWO - marche avec orthèse
2115,77.5,79.48,78.49000000000001,-0.10029839270825314,True,False,xsens_imu_data_segment_registered_ziri_gwo.csv,ziri,GWO - marche avec orthèse
2116,78.0,79.98,78.99000000000001,-0.07863356506191288,True,False,xsens_imu_data_segment_registered_ziri_gwo.csv,ziri,GWO - marche avec orthèse
2117,78.5,80.48,79.49000000000001,-0.06912262319934526,True,False,xsens_imu_data_segment_registered_ziri_gwo.csv,ziri,GWO - marche avec orthèse
2118,79.0,80.98,79.99000000000001,-0.07298265835770279,True,False,xsens_imu_data_segment_registered_ziri_gwo.csv,ziri,GWO - marche avec orthèse
2119,79.5,81.48,80.49000000000001,-0.05711831256120026,True,False,xsens_imu_data_segment_registered_ziri_gwo.csv,ziri,GWO - marche avec orthèse
2120,80.0,81.98,80.99000000000001,-0.08162967118367753,True,False,xsens_imu_data_segment_registered_ziri_gwo.csv,ziri,GWO - marche avec orthèse
2121,80.5,82.48,81.49000000000001,-0.07344061546654307,True,False,xsens_imu_data_segment_registered_ziri_gwo.csv,ziri,GWO - marche avec orthèse
2122,81.0,82.98,81.99000000000001,-0.07646294404925147,True,False,xsens_imu_data_segment_registered_ziri_gwo.csv,ziri,GWO - marche avec orthèse
2123,81.5,83.48,82.49000000000001,-0.0684290768732222,True,False,xsens_imu_data_segment_registered_ziri_gwo.csv,ziri,GWO - marche avec orthèse
2124,82.0,83.98,82.99000000000001,-0.0791890329254945,True,False,xsens_imu_data_segment_registered_ziri_gwo.csv,ziri,GWO - marche avec orthèse
2125,82.5,84.48,83.49000000000001,-0.05716912054629253,True,False,xsens_imu_data_segment_registered_ziri_gwo.csv,ziri,GWO - marche avec orthèse
2126,83.0,84.98,83.99000000000001,-0.07095313609675613,True,False,xsens_imu_data_segment_registered_ziri_gwo.csv,ziri,GWO - marche avec orthèse
2127,83.5,85.48,84.49000000000001,-0.06875664260332809,True,False,xsens_imu_data_segment_registered_ziri_gwo.csv,ziri,GWO - marche avec orthèse
2128,84.0,85.98,84.99000000000001,-0.07643388521212208,True,False,xsens_imu_data_segment_registered_ziri_gwo.csv,ziri,GWO - marche avec orthèse
2129,84.5,86.48,85.49000000000001,-0.06840720354462271,True,False,xsens_imu_data_segment_registered_ziri_gwo.csv,ziri,GWO - marche avec orthèse
2130,85.0,86.98,85.99000000000001,-0.0665236262402083,True,False,xsens_imu_data_segment_registered_ziri_gwo.csv,ziri,GWO - marche avec orthèse
2131,85.5,87.48,86.49000000000001,-0.053705526463870445,True,False,xsens_imu_data_segment_registered_ziri_gwo.csv,ziri,GWO - marche avec orthèse
2132,86.0,87.98,86.99000000000001,-0.05547672494069905,True,False,xsens_imu_data_segment_registered_ziri_gwo.csv,ziri,GWO - marche avec orthèse
2133,86.5,88.48,87.49000000000001,-0.04155059648496395,True,False,xsens_imu_data_segment_registered_ziri_gwo.csv,ziri,GWO - marche avec orthèse
2134,87.0,88.98,87.99000000000001,-0.04387283273957543,True,False,xsens_imu_data_segment_registered_ziri_gwo.csv,ziri,GWO - marche avec orthèse
2135,87.5,89.48,88.49000000000001,-0.007709371861404302,True,False,xsens_imu_data_segment_registered_ziri_gwo.csv,ziri,GWO - marche avec orthèse
2136,88.0,89.98,88.99000000000001,-0.035628680761969345,True,False,xsens_imu_data_segment_registered_ziri_gwo.csv,ziri,GWO - marche avec orthèse
2137,88.5,90.48,89.49000000000001,-0.06218509504401182,True,False,xsens_imu_data_segment_registered_ziri_gwo.csv,ziri,GWO - marche avec orthèse
2138,89.0,90.98,89.99000000000001,-0.05625551244106314,True,False,xsens_imu_data_segment_registered_ziri_gwo.csv,ziri,GWO - marche avec orthèse
2139,89.5,91.48,90.49000000000001,-0.06615249261322914,True,False,xsens_imu_data_segment_registered_ziri_gwo.csv,ziri,GWO - marche avec orthèse
2140,90.0,91.98,90.99000000000001,-0.0475379015256191,True,False,xsens_imu_data_segment_registered_ziri_gwo.csv,ziri,GWO - marche avec orthèse
2141,90.5,92.48,91.49000000000001,-0.06738654131461463,True,False,xsens_imu_data_segment_registered_ziri_gwo.csv,ziri,GWO - marche avec orthèse
2142,91.0,92.98,91.99000000000001,-0.06194716770312586,True,False,xsens_imu_data_segment_registered_ziri_gwo.csv,ziri,GWO - marche avec orthèse
2143,91.5,93.48,92.49000000000001,-0.0667121688938877,True,False,xsens_imu_data_segment_registered_ziri_gwo.csv,ziri,GWO - marche avec orthèse
2144,92.0,93.98,92.99000000000001,-0.052609634675163885,True,False,xsens_imu_data_segment_registered_ziri_gwo.csv,ziri,GWO - marche avec orthèse
2145,92.5,94.48,93.49000000000001,-0.07742176208266288,True,False,xsens_imu_data_segment_registered_ziri_gwo.csv,ziri,GWO - marche avec orthèse
2146,93.0,94.98,93.99000000000001,-0.060796541460029996,True,False,xsens_imu_data_segment_registered_ziri_gwo.csv,ziri,GWO - marche avec orthèse
2147,93.5,95.48,94.49000000000001,-0.07609747562721292,True,False,xsens_imu_data_segment_registered_ziri_gwo.csv,ziri,GWO - marche avec orthèse
2148,94.0,95.98,94.99000000000001,-0.07801424872488993,True,False,xsens_imu_data_segment_registered_ziri_gwo.csv,ziri,GWO - marche avec orthèse
2149,94.5,96.48,95.49000000000001,-0.09142776045092038,True,False,xsens_imu_data_segment_registered_ziri_gwo.csv,ziri,GWO - marche avec orthèse
2150,95.0,96.98,95.99000000000001,-0.08835747581607534,True,False,xsens_imu_data_segment_registered_ziri_gwo.csv,ziri,GWO - marche avec orthèse
2151,95.5,97.48,96.49000000000001,-0.10294366995196441,True,False,xsens_imu_data_segment_registered_ziri_gwo.csv,ziri,GWO - marche avec orthèse
2152,96.0,97.98,96.99000000000001,-0.08380421805866639,True,False,xsens_imu_data_segment_registered_ziri_gwo.csv,ziri,GWO - marche avec orthèse
2153,96.5,98.48,97.49000000000001,-0.07440724019199696,True,False,xsens_imu_data_segment_registered_ziri_gwo.csv,ziri,GWO - marche avec orthèse
2154,97.0,98.98,97.99000000000001,-0.08952531266230523,True,False,xsens_imu_data_segment_registered_ziri_gwo.csv,ziri,GWO - marche avec orthèse
2155,97.5,99.48,98.49000000000001,-0.07255071909064054,True,False,xsens_imu_data_segment_registered_ziri_gwo.csv,ziri,GWO - marche avec orthèse
2156,98.0,99.98,98.99000000000001,-0.0882702350833437,True,False,xsens_imu_data_segment_registered_ziri_gwo.csv,ziri,GWO - marche avec orthèse
2157,98.5,100.48,99.49000000000001,-0.06532824138741355,True,False,xsens_imu_data_segment_registered_ziri_gwo.csv,ziri,GWO - marche avec orthèse
2158,99.0,100.98,99.99000000000001,-0.07026139415710997,True,False,xsens_imu_data_segment_registered_ziri_gwo.csv,ziri,GWO - marche avec orthèse
2159,99.5,101.48,100.49000000000001,-0.073611561772296,True,False,xsens_imu_data_segment_registered_ziri_gwo.csv,ziri,GWO - marche avec orthèse
2160,100.0,101.98,100.99000000000001,-0.09054306935509698,True,False,xsens_imu_data_segment_registered_ziri_gwo.csv,ziri,GWO - marche avec orthèse
2161,100.5,102.48,101.49000000000001,-0.091261078936062,True,False,xsens_imu_data_segment_registered_ziri_gwo.csv,ziri,GWO - marche avec orthèse
2162,101.0,102.98,101.99000000000001,-0.07625823433907042,True,False,xsens_imu_data_segment_registered_ziri_gwo.csv,ziri,GWO - marche avec orthèse
2163,101.5,103.48,102.49000000000001,-0.06574477262792244,True,False,xsens_imu_data_segment_registered_ziri_gwo.csv,ziri,GWO - marche avec orthèse
2164,102.0,103.98,102.99000000000001,-0.0734712529908631,True,False,xsens_imu_data_segment_registered_ziri_gwo.csv,ziri,GWO - marche avec orthèse
2165,102.5,104.48,103.49000000000001,-0.054485981347714596,True,False,xsens_imu_data_segment_registered_ziri_gwo.csv,ziri,GWO - marche avec orthèse
2166,103.0,104.98,103.99000000000001,-0.061717243751738704,True,False,xsens_imu_data_segment_registered_ziri_gwo.csv,ziri,GWO - marche avec orthèse
2167,103.5,105.48,104.49000000000001,-0.07869187458048682,True,False,xsens_imu_data_segment_registered_ziri_gwo.csv,ziri,GWO - marche avec orthèse
2168,104.0,105.98,104.99000000000001,-0.06128080651122497,True,False,xsens_imu_data_segment_registered_ziri_gwo.csv,ziri,GWO - marche avec orthèse
2169,104.5,106.48,105.49000000000001,-0.06982728840983554,True,False,xsens_imu_data_segment_registered_ziri_gwo.csv,ziri,GWO - marche avec orthèse
2170,105.0,106.98,105.99000000000001,-0.04861421884261524,True,False,xsens_imu_data_segment_registered_ziri_gwo.csv,ziri,GWO - marche avec orthèse
2171,105.5,107.48,106.49000000000001,-0.06069271089074629,True,False,xsens_imu_data_segment_registered_ziri_gwo.csv,ziri,GWO - marche avec orthèse
2172,106.0,107.98,106.99000000000001,-0.05051234245475816,True,False,xsens_imu_data_segment_registered_ziri_gwo.csv,ziri,GWO - marche avec orthèse
2173,106.5,108.48,107.49000000000001,-0.06545785438055485,True,False,xsens_imu_data_segment_registered_ziri_gwo.csv,ziri,GWO - marche avec orthèse
2174,107.0,108.98,107.99000000000001,-0.05135759616801139,True,False,xsens_imu_data_segment_registered_ziri_gwo.csv,ziri,GWO - marche avec orthèse
2175,107.5,109.48,108.49000000000001,-0.05318666345051648,True,False,xsens_imu_data_segment_registered_ziri_gwo.csv,ziri,GWO - marche avec orthèse
2176,108.0,109.98,108.99000000000001,-0.048241075665180044,True,False,xsens_imu_data_segment_registered_ziri_gwo.csv,ziri,GWO - marche avec orthèse
2177,108.5,110.48,109.49000000000001,-0.05844572286219979,True,False,xsens_imu_data_segment_registered_ziri_gwo.csv,ziri,GWO - marche avec orthèse
2178,109.0,110.98,109.99000000000001,-0.0588580139982961,True,False,xsens_imu_data_segment_registered_ziri_gwo.csv,ziri,GWO - marche avec orthèse
2179,109.5,111.48,110.49000000000001,-0.07717765998212195,True,False,xsens_imu_data_segment_registered_ziri_gwo.csv,ziri,GWO - marche avec orthèse
2180,110.0,111.98,110.99000000000001,-0.08472495786480222,True,False,xsens_imu_data_segment_registered_ziri_gwo.csv,ziri,GWO - marche avec orthèse
2181,110.5,112.48,111.49000000000001,-0.08381847127747233,True,False,xsens_imu_data_segment_registered_ziri_gwo.csv,ziri,GWO - marche avec orthèse
2182,111.0,112.98,111.99000000000001,-0.08539832563134553,True,False,xsens_imu_data_segment_registered_ziri_gwo.csv,ziri,GWO - marche avec orthèse
2183,111.5,113.48,112.49000000000001,-0.08577055751906337,True,False,xsens_imu_data_segment_registered_ziri_gwo.csv,ziri,GWO - marche avec orthèse
2184,112.0,113.98,112.99000000000001,-0.09284134211232942,True,False,xsens_imu_data_segment_registered_ziri_gwo.csv,ziri,GWO - marche avec orthèse
2185,112.5,114.48,113.49000000000001,-0.08980106615135813,True,False,xsens_imu_data_segment_registered_ziri_gwo.csv,ziri,GWO - marche avec orthèse
2186,113.0,114.98,113.99000000000001,-0.06472544946730441,True,False,xsens_imu_data_segment_registered_ziri_gwo.csv,ziri,GWO - marche avec orthèse
2187,113.5,115.48,114.49000000000001,-0.06048475063146713,True,False,xsens_imu_data_segment_registered_ziri_gwo.csv,ziri,GWO - marche avec orthèse
2188,114.0,115.98,114.99000000000001,-0.06912040823050297,True,False,xsens_imu_data_segment_registered_ziri_gwo.csv,ziri,GWO - marche avec orthèse
2189,114.5,116.48,115.49000000000001,-0.050207067789334314,True,False,xsens_imu_data_segment_registered_ziri_gwo.csv,ziri,GWO - marche avec orthèse
2190,115.0,116.98,115.99000000000001,-0.059967355441771286,True,False,xsens_imu_data_segment_registered_ziri_gwo.csv,ziri,GWO - marche avec orthèse
2191,115.5,117.48,116.49000000000001,-0.042177543026609365,True,False,xsens_imu_data_segment_registered_ziri_gwo.csv,ziri,GWO - marche avec orthèse
2192,116.0,117.98,116.99000000000001,-0.055783824205272725,True,False,xsens_imu_data_segment_registered_ziri_gwo.csv,ziri,GWO - marche avec orthèse
2193,116.5,118.48,117.49000000000001,-0.04306423116927138,True,False,xsens_imu_data_segment_registered_ziri_gwo.csv,ziri,GWO - marche avec orthèse
2194,117.0,118.98,117.99000000000001,-0.05177731622146764,True,False,xsens_imu_data_segment_registered_ziri_gwo.csv,ziri,GWO - marche avec orthèse
2195,117.5,119.48,118.49000000000001,-0.059156392568343596,True,False,xsens_imu_data_segment_registered_ziri_gwo.csv,ziri,GWO - marche avec orthèse
2196,118.0,119.98,118.99000000000001,-0.06003287220006104,True,False,xsens_imu_data_segment_registered_ziri_gwo.csv,ziri,GWO - marche avec orthèse
2197,118.5,120.48,119.49000000000001,-0.060030021660157196,True,False,xsens_imu_data_segment_registered_ziri_gwo.csv,ziri,GWO - marche avec orthèse
2198,119.0,120.98,119.99000000000001,-0.07666743007095222,True,False,xsens_imu_data_segment_registered_ziri_gwo.csv,ziri,GWO - marche avec orthèse
2199,119.5,121.48,120.49000000000001,-0.08102722172511145,True,False,xsens_imu_data_segment_registered_ziri_gwo.csv,ziri,GWO - marche avec orthèse
2200,120.0,121.98,120.99000000000001,-0.06808536511904822,True,False,xsens_imu_data_segment_registered_ziri_gwo.csv,ziri,GWO - marche avec orthèse
2201,120.5,122.48,121.49000000000001,-0.08595579209187915,True,False,xsens_imu_data_segment_registered_ziri_gwo.csv,ziri,GWO - marche avec orthèse
2202,121.0,122.98,121.99000000000001,-0.08427863419694659,True,False,xsens_imu_data_segment_registered_ziri_gwo.csv,ziri,GWO - marche avec orthèse
2203,121.5,123.48,122.49000000000001,-0.06611857485420664,True,False,xsens_imu_data_segment_registered_ziri_gwo.csv,ziri,GWO - marche avec orthèse
2204,122.0,123.98,122.99000000000001,-0.0844552869912571,True,False,xsens_imu_data_segment_registered_ziri_gwo.csv,ziri,GWO - marche avec orthèse
2205,122.5,124.48,123.49000000000001,-0.062323777526255064,True,False,xsens_imu_data_segment_registered_ziri_gwo.csv,ziri,GWO - marche avec orthèse
2206,123.0,124.98,123.99000000000001,-0.058848477534613475,True,False,xsens_imu_data_segment_registered_ziri_gwo.csv,ziri,GWO - marche avec orthèse
2207,123.5,125.48,124.49000000000001,-0.06847606207042917,True,False,xsens_imu_data_segment_registered_ziri_gwo.csv,ziri,GWO - marche avec orthèse
2208,124.0,125.98,124.99000000000001,-0.05418923109767565,True,False,xsens_imu_data_segment_registered_ziri_gwo.csv,ziri,GWO - marche avec orthèse
2209,124.5,126.48,125.49000000000001,-0.07640043292253212,True,False,xsens_imu_data_segment_registered_ziri_gwo.csv,ziri,GWO - marche avec orthèse
2210,125.0,126.98,125.99000000000001,-0.07682906222555341,True,False,xsens_imu_data_segment_registered_ziri_gwo.csv,ziri,GWO - marche avec orthèse
2211,125.5,127.48,126.49000000000001,-0.07271173847446649,True,False,xsens_imu_data_segment_registered_ziri_gwo.csv,ziri,GWO - marche avec orthèse
2212,126.0,127.98,126.99000000000001,-0.06905080278320486,True,False,xsens_imu_data_segment_registered_ziri_gwo.csv,ziri,GWO - marche avec orthèse
2213,126.5,128.48,127.49,-0.05190266803254845,True,False,xsens_imu_data_segment_registered_ziri_gwo.csv,ziri,GWO - marche avec orthèse
2214,127.0,128.98,127.99,-0.016600476407485076,True,False,xsens_imu_data_segment_registered_ziri_gwo.csv,ziri,GWO - marche avec orthèse
2215,127.5,129.48,128.49,0.0012528829768900795,True,True,xsens_imu_data_segment_registered_ziri_gwo.csv,ziri,GWO - marche avec orthèse
2216,128.0,129.98,128.99,-0.03295623602530712,True,False,xsens_imu_data_segment_registered_ziri_gwo.csv,ziri,GWO - marche avec orthèse
2217,128.5,130.48,129.49,-0.03249661597954995,True,False,xsens_imu_data_segment_registered_ziri_gwo.csv,ziri,GWO - marche avec orthèse
2218,129.0,130.98,129.99,-0.068266292909412,True,False,xsens_imu_data_segment_registered_ziri_gwo.csv,ziri,GWO - marche avec orthèse
2219,129.5,131.48,130.49,-0.06831789163984525,True,False,xsens_imu_data_segment_registered_ziri_gwo.csv,ziri,GWO - marche avec orthèse
2220,130.0,131.98,130.99,-0.05870667266246382,True,False,xsens_imu_data_segment_registered_ziri_gwo.csv,ziri,GWO - marche avec orthèse
2221,130.5,132.48,131.49,-0.06504897926959097,True,False,xsens_imu_data_segment_registered_ziri_gwo.csv,ziri,GWO - marche avec orthèse
2222,131.0,132.98,131.99,-0.05035408900925881,True,False,xsens_imu_data_segment_registered_ziri_gwo.csv,ziri,GWO - marche avec orthèse
2223,131.5,133.48,132.49,-0.048148473665230174,True,False,xsens_imu_data_segment_registered_ziri_gwo.csv,ziri,GWO - marche avec orthèse
2224,132.0,133.98,132.99,-0.0362802722341779,True,False,xsens_imu_data_segment_registered_ziri_gwo.csv,ziri,GWO - marche avec orthèse
2225,132.5,134.48,133.49,-0.031548018711542836,True,False,xsens_imu_data_segment_registered_ziri_gwo.csv,ziri,GWO - marche avec orthèse
2226,133.0,134.98,133.99,-0.03734195589045136,True,False,xsens_imu_data_segment_registered_ziri_gwo.csv,ziri,GWO - marche avec orthèse
2227,133.5,135.48,134.49,-0.03249717456839135,True,False,xsens_imu_data_segment_registered_ziri_gwo.csv,ziri,GWO - marche avec orthèse
2228,134.0,135.98,134.99,-0.049707654708491755,True,False,xsens_imu_data_segment_registered_ziri_gwo.csv,ziri,GWO - marche avec orthèse
2229,134.5,136.48,135.49,-0.03805356516514963,True,False,xsens_imu_data_segment_registered_ziri_gwo.csv,ziri,GWO - marche avec orthèse
2230,135.0,136.98,135.99,-0.057722334876490644,True,False,xsens_imu_data_segment_registered_ziri_gwo.csv,ziri,GWO - marche avec orthèse
2231,135.5,137.48,136.49,-0.04561096062002579,True,False,xsens_imu_data_segment_registered_ziri_gwo.csv,ziri,GWO - marche avec orthèse
2232,136.0,137.98,136.99,-0.05910654199837151,True,False,xsens_imu_data_segment_registered_ziri_gwo.csv,ziri,GWO - marche avec orthèse
2233,136.5,138.48,137.49,-0.05609923800984429,True,False,xsens_imu_data_segment_registered_ziri_gwo.csv,ziri,GWO - marche avec orthèse
2234,137.0,138.98,137.99,-0.06439107685660372,True,False,xsens_imu_data_segment_registered_ziri_gwo.csv,ziri,GWO - marche avec orthèse
2235,137.5,139.48,138.49,-0.04423427780199701,True,False,xsens_imu_data_segment_registered_ziri_gwo.csv,ziri,GWO - marche avec orthèse
2236,138.0,139.98,138.99,-0.049436479740450345,True,False,xsens_imu_data_segment_registered_ziri_gwo.csv,ziri,GWO - marche avec orthèse
2237,138.5,140.48,139.49,-0.04864015322597015,True,False,xsens_imu_data_segment_registered_ziri_gwo.csv,ziri,GWO - marche avec orthèse
2238,139.0,140.98,139.99,-0.04524852233897314,True,False,xsens_imu_data_segment_registered_ziri_gwo.csv,ziri,GWO - marche avec orthèse
2239,139.5,141.48,140.49,-0.06950647520650438,True,False,xsens_imu_data_segment_registered_ziri_gwo.csv,ziri,GWO - marche avec orthèse
2240,140.0,141.98,140.99,-0.062330802769637705,True,False,xsens_imu_data_segment_registered_ziri_gwo.csv,ziri,GWO - marche avec orthèse
2241,140.5,142.48,141.49,-0.05133163592413531,True,False,xsens_imu_data_segment_registered_ziri_gwo.csv,ziri,GWO - marche avec orthèse
2242,141.0,142.98,141.99,-0.05562480325392899,True,False,xsens_imu_data_segment_registered_ziri_gwo.csv,ziri,GWO - marche avec orthèse
2243,141.5,143.48,142.49,-0.0390202131921506,True,False,xsens_imu_data_segment_registered_ziri_gwo.csv,ziri,GWO - marche avec orthèse
2244,142.0,143.98,142.99,-0.03926186849796631,True,False,xsens_imu_data_segment_registered_ziri_gwo.csv,ziri,GWO - marche avec orthèse
2245,142.5,144.48,143.49,-0.027543803774016606,True,False,xsens_imu_data_segment_registered_ziri_gwo.csv,ziri,GWO - marche avec orthèse
2246,143.0,144.98,143.99,-0.0341121111131194,True,False,xsens_imu_data_segment_registered_ziri_gwo.csv,ziri,GWO - marche avec orthèse
2247,143.5,145.48,144.49,-0.04318704590882089,True,False,xsens_imu_data_segment_registered_ziri_gwo.csv,ziri,GWO - marche avec orthèse
2248,144.0,145.98,144.99,-0.048333858802613316,True,False,xsens_imu_data_segment_registered_ziri_gwo.csv,ziri,GWO - marche avec orthèse
2249,144.5,146.48,145.49,-0.054702056055862425,True,False,xsens_imu_data_segment_registered_ziri_gwo.csv,ziri,GWO - marche avec orthèse
2250,145.0,146.98,145.99,-0.050933384926254766,True,False,xsens_imu_data_segment_registered_ziri_gwo.csv,ziri,GWO - marche avec orthèse
2251,145.5,147.48,146.49,-0.02628735311975311,True,False,xsens_imu_data_segment_registered_ziri_gwo.csv,ziri,GWO - marche avec orthèse
2252,146.0,147.98,146.99,-0.019573868190716714,True,False,xsens_imu_data_segment_registered_ziri_gwo.csv,ziri,GWO - marche avec orthèse
2253,146.5,148.48,147.49,-0.02001764026156705,True,False,xsens_imu_data_segment_registered_ziri_gwo.csv,ziri,GWO - marche avec orthèse
2254,147.0,148.98,147.99,-0.021915313830349947,True,False,xsens_imu_data_segment_registered_ziri_gwo.csv,ziri,GWO - marche avec orthèse
2255,147.5,149.48,148.49,-0.0388631983484401,True,False,xsens_imu_data_segment_registered_ziri_gwo.csv,ziri,GWO - marche avec orthèse
2256,148.0,149.98,148.99,-0.032911218945650966,True,False,xsens_imu_data_segment_registered_ziri_gwo.csv,ziri,GWO - marche avec orthèse
2257,148.5,150.48,149.49,-0.03532553087231183,True,False,xsens_imu_data_segment_registered_ziri_gwo.csv,ziri,GWO - marche avec orthèse
2258,149.0,150.98,149.99,-0.03908354013547305,True,False,xsens_imu_data_segment_registered_ziri_gwo.csv,ziri,GWO - marche avec orthèse
2259,149.5,151.48,150.49,-0.039527370971508935,True,False,xsens_imu_data_segment_registered_ziri_gwo.csv,ziri,GWO - marche avec orthèse
2260,150.0,151.98,150.99,-0.035164298745947065,True,False,xsens_imu_data_segment_registered_ziri_gwo.csv,ziri,GWO - marche avec orthèse
2261,150.5,152.48,151.49,-0.05403830320642239,True,False,xsens_imu_data_segment_registered_ziri_gwo.csv,ziri,GWO - marche avec orthèse
2262,151.0,152.98,151.99,-0.038286208453985615,True,False,xsens_imu_data_segment_registered_ziri_gwo.csv,ziri,GWO - marche avec orthèse
2263,151.5,153.48,152.49,-0.051743523684493364,True,False,xsens_imu_data_segment_registered_ziri_gwo.csv,ziri,GWO - marche avec orthèse
2264,152.0,153.98,152.99,-0.044088633480718176,True,False,xsens_imu_data_segment_registered_ziri_gwo.csv,ziri,GWO - marche avec orthèse
2265,152.5,154.48,153.49,-0.054516336027005285,True,False,xsens_imu_data_segment_registered_ziri_gwo.csv,ziri,GWO - marche avec orthèse
2266,153.0,154.98,153.99,-0.016141268457492308,True,False,xsens_imu_data_segment_registered_ziri_gwo.csv,ziri,GWO - marche avec orthèse
2267,153.5,155.48,154.49,-0.019356111735503112,True,False,xsens_imu_data_segment_registered_ziri_gwo.csv,ziri,GWO - marche avec orthèse
2268,154.0,155.98,154.99,-0.030436383889124896,True,False,xsens_imu_data_segment_registered_ziri_gwo.csv,ziri,GWO - marche avec orthèse
2269,154.5,156.48,155.49,-0.03699148267201263,True,False,xsens_imu_data_segment_registered_ziri_gwo.csv,ziri,GWO - marche avec orthèse
2270,155.0,156.98,155.99,-0.02981175155610849,True,False,xsens_imu_data_segment_registered_ziri_gwo.csv,ziri,GWO - marche avec orthèse
2271,155.5,157.48,156.49,-0.03319048849337325,True,False,xsens_imu_data_segment_registered_ziri_gwo.csv,ziri,GWO - marche avec orthèse
2272,156.0,157.98,156.99,-0.010668972470078475,True,False,xsens_imu_data_segment_registered_ziri_gwo.csv,ziri,GWO - marche avec orthèse
2273,156.5,158.48,157.49,-0.021197888803216935,True,False,xsens_imu_data_segment_registered_ziri_gwo.csv,ziri,GWO - marche avec orthèse
2274,157.0,158.98,157.99,-0.01498522788910428,True,False,xsens_imu_data_segment_registered_ziri_gwo.csv,ziri,GWO - marche avec orthèse
2275,157.5,159.48,158.49,-0.03651277417770937,True,False,xsens_imu_data_segment_registered_ziri_gwo.csv,ziri,GWO - marche avec orthèse
2276,158.0,159.98,158.99,-0.022921458113455584,True,False,xsens_imu_data_segment_registered_ziri_gwo.csv,ziri,GWO - marche avec orthèse
2277,158.5,160.48,159.49,-0.03801362444603379,True,False,xsens_imu_data_segment_registered_ziri_gwo.csv,ziri,GWO - marche avec orthèse
2278,159.0,160.98,159.99,-0.02918334541619677,True,False,xsens_imu_data_segment_registered_ziri_gwo.csv,ziri,GWO - marche avec orthèse
2279,159.5,161.48,160.49,-0.02898036139541116,True,False,xsens_imu_data_segment_registered_ziri_gwo.csv,ziri,GWO - marche avec orthèse
2280,160.0,161.98,160.99,-0.05968357007979069,True,False,xsens_imu_data_segment_registered_ziri_gwo.csv,ziri,GWO - marche avec orthèse
2281,160.5,162.48,161.49,-0.061721182091189486,True,False,xsens_imu_data_segment_registered_ziri_gwo.csv,ziri,GWO - marche avec orthèse
2282,161.0,162.98,161.99,-0.03630345161542814,True,False,xsens_imu_data_segment_registered_ziri_gwo.csv,ziri,GWO - marche avec orthèse
2283,161.5,163.48,162.49,-0.029095717401744547,True,False,xsens_imu_data_segment_registered_ziri_gwo.csv,ziri,GWO - marche avec orthèse
2284,162.0,163.98,162.99,-0.02626268312707869,True,False,xsens_imu_data_segment_registered_ziri_gwo.csv,ziri,GWO - marche avec orthèse
2285,162.5,164.48,163.49,-0.01519998259659594,True,False,xsens_imu_data_segment_registered_ziri_gwo.csv,ziri,GWO - marche avec orthèse
2286,163.0,164.98,163.99,-0.03871144915267449,True,False,xsens_imu_data_segment_registered_ziri_gwo.csv,ziri,GWO - marche avec orthèse
2287,163.5,165.48,164.49,-0.03357603510045859,True,False,xsens_imu_data_segment_registered_ziri_gwo.csv,ziri,GWO - marche avec orthèse
2288,164.0,165.98,164.99,-0.06085998069181642,True,False,xsens_imu_data_segment_registered_ziri_gwo.csv,ziri,GWO - marche avec orthèse
2289,164.5,166.48,165.49,-0.04381535082932658,True,False,xsens_imu_data_segment_registered_ziri_gwo.csv,ziri,GWO - marche avec orthèse
2290,165.0,166.98,165.99,-0.055083938867000526,True,False,xsens_imu_data_segment_registered_ziri_gwo.csv,ziri,GWO - marche avec orthèse
2291,165.5,167.48,166.49,-0.04593095238846939,True,False,xsens_imu_data_segment_registered_ziri_gwo.csv,ziri,GWO - marche avec orthèse
2292,166.0,167.98,166.99,-0.060114579680167424,True,False,xsens_imu_data_segment_registered_ziri_gwo.csv,ziri,GWO - marche avec orthèse
2293,166.5,168.48,167.49,-0.04610361037943883,True,False,xsens_imu_data_segment_registered_ziri_gwo.csv,ziri,GWO - marche avec orthèse
2294,167.0,168.98,167.99,-0.056829666201142215,True,False,xsens_imu_data_segment_registered_ziri_gwo.csv,ziri,GWO - marche avec orthèse
2295,167.5,169.48,168.49,-0.03335497947564792,True,False,xsens_imu_data_segment_registered_ziri_gwo.csv,ziri,GWO - marche avec orthèse
2296,168.0,169.98,168.99,-0.04539419922158694,True,False,xsens_imu_data_segment_registered_ziri_gwo.csv,ziri,GWO - marche avec orthèse
2297,168.5,170.48,169.49,-0.03351623563287748,True,False,xsens_imu_data_segment_registered_ziri_gwo.csv,ziri,GWO - marche avec orthèse
2298,169.0,170.98,169.99,-0.046652682845932436,True,False,xsens_imu_data_segment_registered_ziri_gwo.csv,ziri,GWO - marche avec orthèse
2299,169.5,171.48,170.49,-0.046149766769988,True,False,xsens_imu_data_segment_registered_ziri_gwo.csv,ziri,GWO - marche avec orthèse
2300,170.0,171.98,170.99,-0.05017322832666421,True,False,xsens_imu_data_segment_registered_ziri_gwo.csv,ziri,GWO - marche avec orthèse
2301,170.5,172.48,171.49,-0.04828158542544919,True,False,xsens_imu_data_segment_registered_ziri_gwo.csv,ziri,GWO - marche avec orthèse
2302,171.0,172.98,171.99,-0.04658739447161403,True,False,xsens_imu_data_segment_registered_ziri_gwo.csv,ziri,GWO - marche avec orthèse
2303,171.5,173.48,172.49,-0.046019863668987526,True,False,xsens_imu_data_segment_registered_ziri_gwo.csv,ziri,GWO - marche avec orthèse
2304,172.0,173.98,172.99,-0.04413337685515334,True,False,xsens_imu_data_segment_registered_ziri_gwo.csv,ziri,GWO - marche avec orthèse
2305,172.5,174.48,173.49,-0.049125108729243916,True,False,xsens_imu_data_segment_registered_ziri_gwo.csv,ziri,GWO - marche avec orthèse
2306,173.0,174.98,173.99,-0.0521459580396208,True,False,xsens_imu_data_segment_registered_ziri_gwo.csv,ziri,GWO - marche avec orthèse
2307,173.5,175.48,174.49,-0.057346654878700665,True,False,xsens_imu_data_segment_registered_ziri_gwo.csv,ziri,GWO - marche avec orthèse
2308,174.0,175.98,174.99,-0.05641348569406229,True,False,xsens_imu_data_segment_registered_ziri_gwo.csv,ziri,GWO - marche avec orthèse
2309,174.5,176.48,175.49,-0.04304598887947775,True,False,xsens_imu_data_segment_registered_ziri_gwo.csv,ziri,GWO - marche avec orthèse
2310,175.0,176.98,175.99,-0.02552985005502667,True,False,xsens_imu_data_segment_registered_ziri_gwo.csv,ziri,GWO - marche avec orthèse
2311,175.5,177.48,176.49,-0.02626464283151969,True,False,xsens_imu_data_segment_registered_ziri_gwo.csv,ziri,GWO - marche avec orthèse
2312,176.0,177.98,176.99,-0.014241816267014817,True,False,xsens_imu_data_segment_registered_ziri_gwo.csv,ziri,GWO - marche avec orthèse
2313,176.5,178.48,177.49,-0.038234756848690876,True,False,xsens_imu_data_segment_registered_ziri_gwo.csv,ziri,GWO - marche avec orthèse
2314,177.0,178.98,177.99,-0.04226576522877157,True,False,xsens_imu_data_segment_registered_ziri_gwo.csv,ziri,GWO - marche avec orthèse
2315,177.5,179.48,178.49,-0.0509522021100029,True,False,xsens_imu_data_segment_registered_ziri_gwo.csv,ziri,GWO - marche avec orthèse
2316,178.0,179.98,178.99,-0.026426822600613298,True,False,xsens_imu_data_segment_registered_ziri_gwo.csv,ziri,GWO - marche avec orthèse
2317,178.5,180.48,179.49,-0.038529850559259005,True,False,xsens_imu_data_segment_registered_ziri_gwo.csv,ziri,GWO - marche avec orthèse
2318,179.0,180.98,179.99,-0.03667367678408917,True,False,xsens_imu_data_segment_registered_ziri_gwo.csv,ziri,GWO - marche avec orthèse
2319,179.5,181.48,180.49,-0.028059690876711785,True,False,xsens_imu_data_segment_registered_ziri_gwo.csv,ziri,GWO - marche avec orthèse
2320,180.0,181.98,180.99,-0.033731686641032654,True,False,xsens_imu_data_segment_registered_ziri_gwo.csv,ziri,GWO - marche avec orthèse
2321,180.5,182.48,181.49,-0.029173690948183117,True,False,xsens_imu_data_segment_registered_ziri_gwo.csv,ziri,GWO - marche avec orthèse
2322,181.0,182.98,181.99,-0.027012252288442617,True,False,xsens_imu_data_segment_registered_ziri_gwo.csv,ziri,GWO - marche avec orthèse
2323,181.5,183.48,182.49,-0.027453980696650504,True,False,xsens_imu_data_segment_registered_ziri_gwo.csv,ziri,GWO - marche avec orthèse
2324,182.0,183.98,182.99,-0.03244366875188853,True,False,xsens_imu_data_segment_registered_ziri_gwo.csv,ziri,GWO - marche avec orthèse
2325,182.5,184.48,183.49,-0.046321850050703384,True,False,xsens_imu_data_segment_registered_ziri_gwo.csv,ziri,GWO - marche avec orthèse
2326,183.0,184.98,183.99,-0.04326000772727462,True,False,xsens_imu_data_segment_registered_ziri_gwo.csv,ziri,GWO - marche avec orthèse
2327,183.5,185.48,184.49,-0.04171244670407437,True,False,xsens_imu_data_segment_registered_ziri_gwo.csv,ziri,GWO - marche avec orthèse
2328,184.0,185.98,184.99,-0.02394585203960753,True,False,xsens_imu_data_segment_registered_ziri_gwo.csv,ziri,GWO - marche avec orthèse
2329,184.5,186.48,185.49,-0.03413764119591761,True,False,xsens_imu_data_segment_registered_ziri_gwo.csv,ziri,GWO - marche avec orthèse
2330,185.0,186.98,185.99,-0.019126748234662982,True,False,xsens_imu_data_segment_registered_ziri_gwo.csv,ziri,GWO - marche avec orthèse
2331,185.5,187.48,186.49,-0.0205360440907707,True,False,xsens_imu_data_segment_registered_ziri_gwo.csv,ziri,GWO - marche avec orthèse
2332,186.0,187.98,186.99,-0.015945946713707748,True,False,xsens_imu_data_segment_registered_ziri_gwo.csv,ziri,GWO - marche avec orthèse
2333,186.5,188.48,187.49,-0.026316424091732293,True,False,xsens_imu_data_segment_registered_ziri_gwo.csv,ziri,GWO - marche avec orthèse
2334,187.0,188.98,187.99,-0.030495507908308905,True,False,xsens_imu_data_segment_registered_ziri_gwo.csv,ziri,GWO - marche avec orthèse
2335,187.5,189.48,188.49,-0.03890148765188267,True,False,xsens_imu_data_segment_registered_ziri_gwo.csv,ziri,GWO - marche avec orthèse
2336,188.0,189.98,188.99,-0.025167625285207107,True,False,xsens_imu_data_segment_registered_ziri_gwo.csv,ziri,GWO - marche avec orthèse
2337,188.5,190.48,189.49,-0.03379967116394539,True,False,xsens_imu_data_segment_registered_ziri_gwo.csv,ziri,GWO - marche avec orthèse
2338,189.0,190.98,189.99,-0.022355672531503945,True,False,xsens_imu_data_segment_registered_ziri_gwo.csv,ziri,GWO - marche avec orthèse
2339,189.5,191.48,190.49,-0.022401128378242152,True,False,xsens_imu_data_segment_registered_ziri_gwo.csv,ziri,GWO - marche avec orthèse
2340,190.0,191.98,190.99,-0.033814489651315005,True,False,xsens_imu_data_segment_registered_ziri_gwo.csv,ziri,GWO - marche avec orthèse
2341,190.5,192.48,191.49,-0.028409080005922127,True,False,xsens_imu_data_segment_registered_ziri_gwo.csv,ziri,GWO - marche avec orthèse
2342,191.0,192.98,191.99,-0.01850478423043256,True,False,xsens_imu_data_segment_registered_ziri_gwo.csv,ziri,GWO - marche avec orthèse
2343,191.5,193.48,192.49,-0.010843969208309323,True,False,xsens_imu_data_segment_registered_ziri_gwo.csv,ziri,GWO - marche avec orthèse
2344,192.0,193.98,192.99,-0.017110578917966524,True,False,xsens_imu_data_segment_registered_ziri_gwo.csv,ziri,GWO - marche avec orthèse
2345,192.5,194.48,193.49,0.0013807436617150337,True,True,xsens_imu_data_segment_registered_ziri_gwo.csv,ziri,GWO - marche avec orthèse
2346,193.0,194.98,193.99,-0.021811024863714112,True,False,xsens_imu_data_segment_registered_ziri_gwo.csv,ziri,GWO - marche avec orthèse
2347,193.5,195.48,194.49,0.00015372922341705397,True,True,xsens_imu_data_segment_registered_ziri_gwo.csv,ziri,GWO - marche avec orthèse
